sid,qid,block,query,뉴스 식별자,일자,언론사,사건/사고 분류1,year,label,ev_date,ev_place,ev_object,event_id
S00001,Q04,산업,황산 유출 사고,1101001.202410311,20241031,한겨레,,2024,OTHER,,,,
S00002,Q17,안보,더티밤,1100611.20221026,20221026,서울신문,사회>사회갈등>테러행위,2022,OTHER,,,,
S00003,Q20,안보,북한 생화학무기,2100501.202207141,20220714,파이낸셜뉴스,,2022,INST,,,,
S00004,Q26,비CBRN,폭발물 협박,2100101.202508121,20250812,매일경제,사고>산업사고>폭발,2025,INST,,,,
S00005,Q26,비CBRN,폭발물 협박,4100058.202605201,20260520,노컷뉴스,,2026,INST,,,,
S00006,Q05,산업,화학공장 폭발,1100201.202202181,20220218,국민일보,사고>산업사고>폭발,2022,EVENT,20220211,여수시,폭발,14.0
S00007,Q25,비CBRN,차량 돌진 테러,1100901.202412212,20241221,중앙일보,사고>교통사고>노상사고,2024,INST,,,,
S00008,Q14,안보,탄저균 테러,4100058.202405231,20240523,노컷뉴스,,2024,INST,,,,
S00009,Q01,산업,불산 누출,1500701.202212201,20221220,부산일보,사고>산업사고>폭발,2022,REF,,,,
S00010,Q16,안보,방사능 유출,2100501.20250821,20250821,파이낸셜뉴스,사고>산업사고>화재,2025,EVENT,20250821,부산 기장군,원전 연기,471.0
S00011,Q02,산업,암모니아 누출 사고,2100501.202409131,20240913,파이낸셜뉴스,사고>산업사고>화재,2024,INST,,,,
S00012,Q05,산업,화학공장 폭발,1400401.202603041,20260304,중부매일,,2026,OTHER,,,,
S00013,Q30,비CBRN,원전 방사선 피폭,8100401.202305312,20230531,YTN,,2023,INST,,,,
S00014,Q24,비CBRN,총기 난사,2100101.202205021,20220502,매일경제,범죄>범죄일반>살인,2022,REF,,,,
S00015,Q30,비CBRN,원전 방사선 피폭,8100101.202412191,20241219,KBS,,2024,OTHER,,,,
S00016,Q18,안보,백색가루 신고,2100201.20220427,20220427,머니투데이,,2022,EVENT,20220425,인천 부평구,백색가루,40.0
S00017,Q14,안보,탄저균 테러,1100901.2024053,20240530,중앙일보,사고>산업사고>붕괴,2024,EVENT,20240528,,오물 풍선,312.0
S00018,Q02,산업,암모니아 누출 사고,1500901.202406021,20240602,울산매일,,2024,OTHER,,,,
S00019,Q16,안보,방사능 유출,1100701.202506132,20250613,세계일보,사회>사회갈등>전쟁,2025,OTHER,,,,
S00020,Q14,안보,탄저균 테러,2100601.202404021,20240402,한국경제,,2024,IRRELEVANT,,,,
S00021,Q19,안보,노비촉,1100801.202403071,20240307,조선일보,,2024,OTHER,,,,
S00022,Q01,산업,불산 누출,1100101.202401241,20240124,경향신문,,2024,REF,,,,
S00023,Q30,비CBRN,원전 방사선 피폭,8100401.202307071,20230707,YTN,사고>산업사고>붕괴,2023,OTHER,,,,
S00024,Q21,비CBRN,폭발물 테러,1400551.202608051,20260805,충북일보,,2026,INST,,,,
S00025,Q12,안보,사린가스 공격,1100501.202207261,20220726,문화일보,범죄>범죄일반>살인,2022,IRRELEVANT,,,,
S00026,Q22,비CBRN,사제폭탄,4102008.202608261,20260826,쿠키뉴스,,2026,EVENT,20260826,전국,폭발물 협박,665.0
S00027,Q27,비CBRN,테러 예고 글,1100401.202308211,20230821,동아일보,,2023,EVENT,20230821,성남시,테러 예고 글,213.0
S00028,Q17,안보,더티밤,1100901.20221026,20221026,중앙일보,,2022,OTHER,,,,
S00029,Q29,비CBRN,공항 폭발물 신고,1500701.202304181,20230418,부산일보,사회>사회갈등>테러행위,2023,EVENT,20230414,제주시,폭발물 협박,135.0
S00030,Q01,산업,불산 누출,1100901.202211031,20221103,중앙일보,,2022,OTHER,,,,
S00031,Q03,산업,염소 가스 누출,1400501.202608121,20260812,중부일보,,2026,EVENT,20260812,수원시,염소가스,654.0
S00032,Q30,비CBRN,원전 방사선 피폭,1600601.202509181,20250918,새전북신문,사고>산업사고>원자력사고,2025,INST,,,,
S00033,Q09,산업,유독가스 누출 대피,8100201.202405312,20240531,MBC,사고>산업사고>화재,2024,REF,,,,
S00034,Q16,안보,방사능 유출,1100401.20220829,20220829,동아일보,사고>산업사고>화재,2022,EVENT,20220827,자포리자,포격,79.0
S00035,Q26,비CBRN,폭발물 협박,2100701.202512191,20251219,헤럴드경제,사회>사회갈등>테러행위,2025,EVENT,20251219,서울 종로구,폭발물 협박,553.0
S00036,Q14,안보,탄저균 테러,4100078.20220903,20220903,뉴스핌,,2022,OTHER,,,,
S00037,Q29,비CBRN,공항 폭발물 신고,1200101.202606071,20260607,경기일보,,2026,INST,,,,
S00038,Q03,산업,염소 가스 누출,4100058.202307031,20230703,노컷뉴스,사고>산업사고>폭발,2023,EVENT,20230703,군산시,화학물질 누출,153.0
S00039,Q16,안보,방사능 유출,4104008.202507032,20250703,프레시안,,2025,INST,,,,
S00040,Q21,비CBRN,폭발물 테러,1100611.202409041,20240904,서울신문,사고>산업사고>폭발,2024,EVENT,20240831,가자지구,공습,355.0
S00041,Q21,비CBRN,폭발물 테러,8100201.20240809,20240809,MBC,사회>사회갈등>테러행위,2024,EVENT,20240807,빈,폭발물,343.0
S00042,Q03,산업,염소 가스 누출,2100701.20220922,20220922,헤럴드경제,사고>산업사고>폭발,2022,INST,,,,
S00043,Q20,안보,북한 생화학무기,2100201.202301061,20230106,머니투데이,,2023,OTHER,,,,
S00044,Q05,산업,화학공장 폭발,1100801.20250528,20250528,조선일보,사고>산업사고>폭발,2025,EVENT,20250527,웨이팡시,폭발,426.0
S00045,Q02,산업,암모니아 누출 사고,2100701.20260211,20260211,헤럴드경제,,2026,OTHER,,,,
S00046,Q13,안보,생물테러,4100158.202402271,20240227,데일리안,,2024,INST,,,,
S00047,Q05,산업,화학공장 폭발,2100201.202202211,20220221,머니투데이,사고>산업사고>폭발,2022,IRRELEVANT,,,,
S00048,Q25,비CBRN,차량 돌진 테러,8100201.20220321,20220321,MBC,,2022,EVENT,20220320,스트레피-브라케니스,차량 돌진,31.0
S00049,Q22,비CBRN,사제폭탄,1500701.202502041,20250204,부산일보,사회>사회갈등>테러행위,2025,EVENT,20250203,,사제폭탄 예고글,396.0
S00050,Q25,비CBRN,차량 돌진 테러,1100801.202111231,20211123,조선일보,범죄>범죄일반>폭행,2021,EVENT,20211121,밀워키,차량 돌진,8.0
S00051,Q08,산업,질산 누출,1601101.202309091,20230909,전북일보,,2023,EVENT,20230909,군산시,질산,221.0
S00052,Q13,안보,생물테러,1200301.202403131,20240313,기호일보,,2024,INST,,,,
S00053,Q07,산업,톨루엔 누출,7100502.202207201,20220720,환경일보,사고>스포츠사고,2022,OTHER,,,,
S00054,Q22,비CBRN,사제폭탄,1500401.202306122,20230612,국제신문,사회>사회갈등>테러행위,2023,REF,,,,
S00055,Q26,비CBRN,폭발물 협박,4100078.202308051,20230805,뉴스핌,,2023,EVENT,20230805,인천시,협박 글,179.0
S00056,Q16,안보,방사능 유출,1600601.202212011,20221201,새전북신문,사고>산업사고>원자력사고,2022,INST,,,,
S00057,Q06,산업,유해화학물질 유출,1400351.202410292,20241029,중도일보,,2024,IRRELEVANT,,,,
S00058,Q07,산업,톨루엔 누출,1200401.202407291,20240729,인천일보,사고>산업사고>화재,2024,INST,,,,
S00059,Q21,비CBRN,폭발물 테러,4101008.20240105,20240105,이데일리,범죄>범죄일반>살인,2024,EVENT,20240103,케르만,폭탄 테러,261.0
S00060,Q18,안보,백색가루 신고,1400351.202403142,20240314,중도일보,,2024,INST,,,,
S00061,Q06,산업,유해화학물질 유출,4100078.202504011,20250401,뉴스핌,사고>스포츠사고,2025,INST,,,,
S00062,Q16,안보,방사능 유출,1100101.202307302,20230730,경향신문,사고>산업사고>붕괴,2023,OTHER,,,,
S00063,Q21,비CBRN,폭발물 테러,2100311.20250718,20250718,서울경제,사고>산업사고>폭발,2025,EVENT,20250710,안티오키아,지뢰,444.0
S00064,Q08,산업,질산 누출,1100501.202511062,20251106,문화일보,,2025,EVENT,20251105,포항시,유해가스,510.0
S00065,Q13,안보,생물테러,1400601.202311031,20231103,충청일보,범죄>범죄일반>폭행,2023,INST,,,,
S00066,Q09,산업,유독가스 누출 대피,1400401.202606141,20260614,중부매일,사고>산업사고>화재,2026,OTHER,,,,
S00067,Q14,안보,탄저균 테러,4101008.202110061,20211006,이데일리,,2021,IRRELEVANT,,,,
S00068,Q11,안보,화학무기 사용,4100158.20220507,20220507,데일리안,,2022,IRRELEVANT,,,,
S00069,Q23,비CBRN,드론 공격,8100401.202603162,20260316,YTN,사고>산업사고>폭발,2026,OTHER,,,,
S00070,Q23,비CBRN,드론 공격,1100701.202606121,20260612,세계일보,,2026,REF,,,,
S00071,Q18,안보,백색가루 신고,1700101.202411081,20241108,제민일보,,2024,INST,,,,
S00072,Q30,비CBRN,원전 방사선 피폭,1500151.202308062,20230806,경남도민일보,사고>산업사고>붕괴,2023,OTHER,,,,
S00073,Q04,산업,황산 유출 사고,1400701.202208172,20220817,충청투데이,사고>산업사고>폭발,2022,EVENT,20220812,제천시,황산,71.0
S00074,Q02,산업,암모니아 누출 사고,1501101.202506181,20250618,경북도민일보,,2025,INST,,,,
S00075,Q08,산업,질산 누출,1400501.202603182,20260318,중부일보,,2026,EVENT,20260318,수원시,질산,584.0
S00076,Q04,산업,황산 유출 사고,1501201.202604101,20260410,경북매일신문,,2026,EVENT,20260410,달성군,황산,590.0
S00077,Q16,안보,방사능 유출,1100901.202603091,20260309,중앙일보,,2026,OTHER,,,,
S00078,Q17,안보,더티밤,1100611.202210251,20221025,서울신문,사회>사회갈등>테러행위,2022,OTHER,,,,
S00079,Q19,안보,노비촉,1100611.202208262,20220826,서울신문,,2022,IRRELEVANT,,,,
S00080,Q07,산업,톨루엔 누출,1100201.202209011,20220901,국민일보,사고>산업사고>폭발,2022,EVENT,20220831,울산시,폭발,80.0
S00081,Q27,비CBRN,테러 예고 글,6101202.202407191,20240719,주간한국,범죄>범죄일반>폭행,2024,OTHER,,,,
S00082,Q17,안보,더티밤,1620001.202210272,20221027,광남일보,사회>사회갈등>테러행위,2022,OTHER,,,,
S00083,Q11,안보,화학무기 사용,1101101.202311281,20231128,한국일보,사회>사회갈등>전쟁,2023,IRRELEVANT,,,,
S00084,Q15,안보,북한 핵실험,1101101.20211214,20211214,한국일보,,2021,OTHER,,,,
S00085,Q03,산업,염소 가스 누출,4100078.2026083,20260830,뉴스핌,,2026,EVENT,20260830,대전 서구,염소가스,667.0
S00086,Q09,산업,유독가스 누출 대피,2100101.20240123,20240123,매일경제,사고>산업사고>폭발,2024,IRRELEVANT,,,,
S00087,Q18,안보,백색가루 신고,2100051.202411021,20241102,대한경제,,2024,INST,,,,
S00088,Q10,산업,화학사고 대응,1601001.202409252,20240925,전북도민일보,,2024,INST,,,,
S00089,Q07,산업,톨루엔 누출,1100101.202209012,20220901,경향신문,사고>산업사고>폭발,2022,OTHER,,,,
S00090,Q08,산업,질산 누출,2100201.202603182,20260318,머니투데이,사고>스포츠사고,2026,EVENT,20260318,수원시,질산,584.0
S00091,Q25,비CBRN,차량 돌진 테러,8100401.20250102,20250102,YTN,,2025,EVENT,20250101,뉴올리언스,차량 돌진,392.0
S00092,Q25,비CBRN,차량 돌진 테러,1100701.202406121,20240612,세계일보,범죄>범죄일반>방화,2024,REF,,,,
S00093,Q16,안보,방사능 유출,1100401.2026033,20260330,동아일보,사고>산업사고>원자력사고,2026,EVENT,20260330,이란,공습,588.0
S00094,Q07,산업,톨루엔 누출,1400401.202403281,20240328,중부매일,사고>산업사고>폭발,2024,INST,,,,
S00095,Q15,안보,북한 핵실험,1100611.202312131,20231213,서울신문,,2023,OTHER,,,,
S00096,Q17,안보,더티밤,1100611.20221027,20221027,서울신문,,2022,OTHER,,,,
S00097,Q06,산업,유해화학물질 유출,1501301.202411042,20241104,울산신문,,2024,INST,,,,
S00098,Q14,안보,탄저균 테러,1100901.202405291,20240529,중앙일보,사고>산업사고>붕괴,2024,EVENT,20240528,,오물 풍선,312.0
S00099,Q03,산업,염소 가스 누출,2100051.202302031,20230203,대한경제,,2023,INST,,,,
S00100,Q28,비CBRN,다중이용시설 테러,1500701.202408222,20240822,부산일보,범죄>범죄일반>절도,2024,INST,,,,
S00101,Q22,비CBRN,사제폭탄,1100401.202306161,20230616,동아일보,사회>사회갈등>테러행위,2023,OTHER,,,,
S00102,Q06,산업,유해화학물질 유출,1400351.202411042,20241104,중도일보,,2024,INST,,,,
S00103,Q20,안보,북한 생화학무기,2100801.20240622,20240622,아시아경제,사회>사회갈등>전쟁,2024,OTHER,,,,
S00104,Q27,비CBRN,테러 예고 글,8100401.202410041,20241004,YTN,범죄>범죄일반>절도,2024,IRRELEVANT,,,,
S00105,Q03,산업,염소 가스 누출,2100201.202507101,20250710,머니투데이,,2025,EVENT,20250710,인천 서구,차아염소산나트륨,445.0
S00106,Q02,산업,암모니아 누출 사고,1501301.202409112,20240911,울산신문,사고>산업사고>화재,2024,INST,,,,
S00107,Q22,비CBRN,사제폭탄,1100901.20240625,20240625,중앙일보,범죄>범죄일반>유괴/납치,2024,IRRELEVANT,,,,
S00108,Q22,비CBRN,사제폭탄,2100311.202505141,20250514,서울경제,범죄>범죄일반>폭행,2025,IRRELEVANT,,,,
S00109,Q28,비CBRN,다중이용시설 테러,2100801.202608201,20260820,아시아경제,사고>산업사고>화재,2026,INST,,,,
S00110,Q17,안보,더티밤,1100611.202210261,20221026,서울신문,,2022,OTHER,,,,
S00111,Q27,비CBRN,테러 예고 글,1100501.202309031,20230903,문화일보,범죄>범죄일반>살인,2023,INST,,,,
S00112,Q26,비CBRN,폭발물 협박,2100201.202512221,20251222,머니투데이,,2025,EVENT,20251221,서울 용산구,폭발물 협박,554.0
S00113,Q29,비CBRN,공항 폭발물 신고,1500201.20231102,20231102,경북일보,사고>산업사고>화재,2023,INST,,,,
S00114,Q04,산업,황산 유출 사고,2100701.20250409,20250409,헤럴드경제,사고>산업사고>폭발,2025,EVENT,20250408,서울 성동구,황산,413.0
S00115,Q25,비CBRN,차량 돌진 테러,8100201.202503041,20250304,MBC,사고>교통사고>노상사고,2025,EVENT,20250304,독일,차량 돌진,406.0
S00116,Q28,비CBRN,다중이용시설 테러,1500801.202508172,20250817,영남일보,사회>사회갈등>전쟁,2025,INST,,,,
S00117,Q29,비CBRN,공항 폭발물 신고,1100701.202509291,20250929,세계일보,범죄>범죄일반>살인,2025,INST,,,,
S00118,Q05,산업,화학공장 폭발,1500901.202110062,20211006,울산매일,사고>산업사고>폭발,2021,OTHER,,,,
S00119,Q25,비CBRN,차량 돌진 테러,2100701.20241222,20241222,헤럴드경제,범죄>범죄일반>살인,2024,EVENT,20241220,마그데부르크,차량 돌진,385.0
S00120,Q24,비CBRN,총기 난사,4100158.202507292,20250729,데일리안,범죄>범죄일반>살인,2025,OTHER,,,,
S00121,Q02,산업,암모니아 누출 사고,2100351.202510141,20251014,이투데이,,2025,EVENT,20251014,오산시,암모니아,501.0
S00122,Q24,비CBRN,총기 난사,1100201.20240729,20240729,국민일보,범죄>범죄일반>폭행,2024,IRRELEVANT,,,,
S00123,Q16,안보,방사능 유출,1100101.202408071,20240807,경향신문,사고>산업사고>원자력사고,2024,EVENT,20240807,경주시,원전 비상발전기 작동,344.0
S00124,Q07,산업,톨루엔 누출,1500301.20251107,20251107,경상일보,사고>산업사고>폭발,2025,INST,,,,
S00125,Q28,비CBRN,다중이용시설 테러,1600901.202110251,20211025,전라일보,,2021,INST,,,,
S00126,Q01,산업,불산 누출,4100078.202511061,20251106,뉴스핌,,2025,OTHER,,,,
S00127,Q22,비CBRN,사제폭탄,2100201.202502042,20250204,머니투데이,사회>사회갈등>테러행위,2025,EVENT,20250203,,사제폭탄 예고글,396.0
S00128,Q08,산업,질산 누출,4100058.202212021,20221202,노컷뉴스,,2022,EVENT,20221202,여수시,질산,113.0
S00129,Q17,안보,더티밤,4101008.202210261,20221026,이데일리,,2022,OTHER,,,,
S00130,Q27,비CBRN,테러 예고 글,4100158.20211107,20211107,데일리안,사회>사회갈등>테러행위,2021,IRRELEVANT,,,,
S00131,Q03,산업,염소 가스 누출,1200101.202403201,20240320,경기일보,,2024,EVENT,20240319,의정부시,염소가스,297.0
S00132,Q04,산업,황산 유출 사고,1100101.202509171,20250917,경향신문,사고>산업사고>붕괴,2025,REF,,,,
S00133,Q01,산업,불산 누출,1400351.202511062,20251106,중도일보,,2025,INST,,,,
S00134,Q15,안보,북한 핵실험,8100401.202303201,20230320,YTN,,2023,OTHER,,,,
S00135,Q01,산업,불산 누출,1400601.202211021,20221102,충청일보,사고>산업사고>폭발,2022,INST,,,,
S00136,Q11,안보,화학무기 사용,2100851.202404072,20240407,아주경제,사고>산업사고>화재,2024,EVENT,20240407,우크라이나,화학무기,303.0
S00137,Q27,비CBRN,테러 예고 글,1100901.202407161,20240716,중앙일보,범죄>범죄일반>폭행,2024,INST,,,,
S00138,Q30,비CBRN,원전 방사선 피폭,1100901.202306191,20230619,중앙일보,,2023,OTHER,,,,
S00139,Q05,산업,화학공장 폭발,1100701.202506241,20250624,세계일보,사고>산업사고>폭발,2025,INST,,,,
S00140,Q02,산업,암모니아 누출 사고,1400801.202309111,20230911,금강일보,,2023,INST,,,,
S00141,Q23,비CBRN,드론 공격,1101101.202408261,20240826,한국일보,사회>사회갈등>전쟁,2024,IRRELEVANT,,,,
S00142,Q14,안보,탄저균 테러,7101201.20251118,20251118,디지털타임스,,2025,OTHER,,,,
S00143,Q04,산업,황산 유출 사고,8100401.202308031,20230803,YTN,,2023,EVENT,20230803,창원시,황산,175.0
S00144,Q30,비CBRN,원전 방사선 피폭,1100101.20211007,20211007,경향신문,,2021,INST,,,,
S00145,Q04,산업,황산 유출 사고,1100751.20250409,20250409,아시아투데이,사고>산업사고>폭발,2025,EVENT,20250408,서울 성동구,황산,413.0
S00146,Q22,비CBRN,사제폭탄,8100401.202308112,20230811,YTN,사회>사회갈등>테러행위,2023,EVENT,20230806,,사제폭탄 예고글,180.0
S00147,Q28,비CBRN,다중이용시설 테러,1100701.202508071,20250807,세계일보,사회>사회갈등>테러행위,2025,EVENT,20250807,부산 사하구,폭발물 협박,460.0
S00148,Q03,산업,염소 가스 누출,1400351.202403212,20240321,중도일보,,2024,INST,,,,
S00149,Q27,비CBRN,테러 예고 글,1500601.202507091,20250709,매일신문,,2025,EVENT,20250709,,테러 예고 글,442.0
S00150,Q16,안보,방사능 유출,1600201.202201122,20220112,광주매일신문,,2022,OTHER,,,,
S00151,Q23,비CBRN,드론 공격,2100801.20230508,20230508,아시아경제,,2023,INST,,,,
S00152,Q03,산업,염소 가스 누출,1400351.202512112,20251211,중도일보,,2025,INST,,,,
S00153,Q29,비CBRN,공항 폭발물 신고,1100801.202406211,20240621,조선일보,,2024,EVENT,20240621,부산시,폭발물 협박,323.0
S00154,Q02,산업,암모니아 누출 사고,4100158.202608211,20260821,데일리안,사고>교통사고>노상사고,2026,EVENT,20260821,서울 영등포구,암모니아,657.0
S00155,Q15,안보,북한 핵실험,2100101.202211061,20221106,매일경제,,2022,OTHER,,,,
S00156,Q02,산업,암모니아 누출 사고,1100101.20250403,20250403,경향신문,,2025,INST,,,,
S00157,Q01,산업,불산 누출,1200201.202406262,20240626,경인일보,사고>산업사고>폭발,2024,EVENT,20240624,화성시,화재,328.0
S00158,Q21,비CBRN,폭발물 테러,1100901.20231123,20231123,중앙일보,,2023,EVENT,20231122,나이아가라폴스,폭발,252.0
S00159,Q21,비CBRN,폭발물 테러,1100611.20250618,20250618,서울신문,범죄>범죄일반>방화,2025,INST,,,,
S00160,Q28,비CBRN,다중이용시설 테러,1501001.202403052,20240305,대구신문,,2024,INST,,,,
S00161,Q09,산업,유독가스 누출 대피,1100801.202406131,20240613,조선일보,사고>산업사고>폭발,2024,EVENT,20240613,부산 사상구,폭발,315.0
S00162,Q30,비CBRN,원전 방사선 피폭,1500201.20240126,20240126,경북일보,,2024,INST,,,,
S00163,Q04,산업,황산 유출 사고,4102008.20250703,20250703,쿠키뉴스,,2025,INST,,,,
S00164,Q25,비CBRN,차량 돌진 테러,1100611.202501052,20250105,서울신문,사고>산업사고>붕괴,2025,OTHER,,,,
S00165,Q08,산업,질산 누출,1200101.202603181,20260318,경기일보,,2026,EVENT,20260318,수원시,질산,584.0
S00166,Q24,비CBRN,총기 난사,1100751.202601261,20260126,아시아투데이,범죄>범죄일반>폭행,2026,EVENT,20260125,살라망카시,총기난사,564.0
S00167,Q30,비CBRN,원전 방사선 피폭,1500401.202308232,20230823,국제신문,,2023,INST,,,,
S00168,Q11,안보,화학무기 사용,1100901.202305311,20230531,중앙일보,,2023,INST,,,,
S00169,Q14,안보,탄저균 테러,1101101.202503091,20250309,한국일보,사회>사회갈등>테러행위,2025,IRRELEVANT,,,,
S00170,Q16,안보,방사능 유출,2100201.202203011,20220301,머니투데이,,2022,IRRELEVANT,,,,
S00171,Q19,안보,노비촉,2100801.202502151,20250215,아시아경제,범죄>범죄일반>사기,2025,OTHER,,,,
S00172,Q20,안보,북한 생화학무기,8100401.20260311,20260311,YTN,범죄>기업범죄>거래제한,2026,IRRELEVANT,,,,
S00173,Q16,안보,방사능 유출,1100101.202208192,20220819,경향신문,사고>산업사고>화재,2022,INST,,,,
S00174,Q22,비CBRN,사제폭탄,2100201.202604061,20260406,머니투데이,사회>사회갈등>시위,2026,IRRELEVANT,,,,
S00175,Q28,비CBRN,다중이용시설 테러,2100311.202208011,20220801,서울경제,사고>산업사고>화재,2022,INST,,,,
S00176,Q23,비CBRN,드론 공격,2100801.202603161,20260316,아시아경제,사회>사회문제>성차별,2026,IRRELEVANT,,,,
S00177,Q22,비CBRN,사제폭탄,1101101.20220813,20220813,한국일보,사회>사회갈등>테러행위,2022,OTHER,,,,
S00178,Q02,산업,암모니아 누출 사고,2100601.20240912,20240912,한국경제,사고>산업사고>화재,2024,INST,,,,
S00179,Q14,안보,탄저균 테러,1400601.20251127,20251127,충청일보,,2025,INST,,,,
S00180,Q04,산업,황산 유출 사고,1100901.202308032,20230803,중앙일보,,2023,EVENT,20230803,창원시,황산,175.0
S00181,Q25,비CBRN,차량 돌진 테러,2100351.202208151,20220815,이투데이,범죄>범죄일반>폭행,2022,EVENT,20220814,워싱턴DC,차량 돌진,72.0
S00182,Q09,산업,유독가스 누출 대피,8100401.202406242,20240624,YTN,사고>산업사고>폭발,2024,INST,,,,
S00183,Q25,비CBRN,차량 돌진 테러,2100851.20250102,20250102,아주경제,사고>교통사고>노상사고,2025,EVENT,20250101,뉴올리언스,차량 돌진,392.0
S00184,Q03,산업,염소 가스 누출,4100608.202112031,20211203,브레이크뉴스,,2021,INST,,,,
S00185,Q30,비CBRN,원전 방사선 피폭,7100251.202307071,20230707,미디어오늘,사고>산업사고>원자력사고,2023,OTHER,,,,
S00186,Q18,안보,백색가루 신고,2100861.202509241,20250924,브릿지경제,,2025,INST,,,,
S00187,Q22,비CBRN,사제폭탄,1500601.202206121,20220612,매일신문,범죄>범죄일반>방화,2022,IRRELEVANT,,,,
S00188,Q27,비CBRN,테러 예고 글,7100251.202501182,20250118,미디어오늘,범죄>범죄일반>살인,2025,IRRELEVANT,,,,
S00189,Q05,산업,화학공장 폭발,4100058.202406242,20240624,노컷뉴스,사고>산업사고>폭발,2024,EVENT,20240624,화성시,화재,328.0
S00190,Q07,산업,톨루엔 누출,1100101.202209132,20220913,경향신문,사고>산업사고>폭발,2022,OTHER,,,,
S00191,Q14,안보,탄저균 테러,2100201.202602251,20260225,머니투데이,,2026,OTHER,,,,
S00192,Q28,비CBRN,다중이용시설 테러,1600201.202308152,20230815,광주매일신문,,2023,INST,,,,
S00193,Q21,비CBRN,폭발물 테러,1200401.202210251,20221025,인천일보,,2022,INST,,,,
S00194,Q15,안보,북한 핵실험,1100401.20251029,20251029,동아일보,,2025,OTHER,,,,
S00195,Q14,안보,탄저균 테러,1200101.202511021,20251102,경기일보,,2025,INST,,,,
S00196,Q11,안보,화학무기 사용,1100801.20240122,20240122,조선일보,,2024,IRRELEVANT,,,,
S00197,Q21,비CBRN,폭발물 테러,1100101.202210091,20221009,경향신문,사회>사회문제>미성년범죄,2022,IRRELEVANT,,,,
S00198,Q13,안보,생물테러,1620001.202302101,20230210,광남일보,,2023,INST,,,,
S00199,Q22,비CBRN,사제폭탄,1100611.2024062,20240620,서울신문,범죄>범죄일반>유괴/납치,2024,IRRELEVANT,,,,
S00200,Q15,안보,북한 핵실험,1500201.202410072,20241007,경북일보,,2024,OTHER,,,,
S00201,Q23,비CBRN,드론 공격,1101001.20250529,20250529,한겨레,사회>사회갈등>전쟁,2025,IRRELEVANT,,,,
S00202,Q26,비CBRN,폭발물 협박,1200401.202508181,20250818,인천일보,,2025,EVENT,20250817,수원시,폭발물 협박,469.0
S00203,Q19,안보,노비촉,1100801.20240217,20240217,조선일보,범죄>기업범죄>횡령,2024,EVENT,20240216,러시아,의문사,274.0
S00204,Q11,안보,화학무기 사용,2100701.202307251,20230725,헤럴드경제,,2023,INST,,,,
S00205,Q23,비CBRN,드론 공격,1100401.202301031,20230103,동아일보,사회>사회갈등>전쟁,2023,IRRELEVANT,,,,
S00206,Q27,비CBRN,테러 예고 글,2100501.202509121,20250912,파이낸셜뉴스,,2025,EVENT,20250911,서울시,테러 예고 글,488.0
S00207,Q26,비CBRN,폭발물 협박,1100701.202403101,20240310,세계일보,,2024,REF,,,,
S00208,Q24,비CBRN,총기 난사,1100751.20251207,20251207,아시아투데이,범죄>범죄일반>살인,2025,EVENT,20251206,프리토리아,총기난사,536.0
S00209,Q08,산업,질산 누출,2100351.202603182,20260318,이투데이,,2026,EVENT,20260318,수원시,질산,584.0
S00210,Q08,산업,질산 누출,1500601.202511051,20251105,매일신문,사고>산업사고>붕괴,2025,EVENT,20251105,포항시,유해가스,510.0
S00211,Q11,안보,화학무기 사용,8100101.20220413,20220413,KBS,,2022,OTHER,,,,
S00212,Q18,안보,백색가루 신고,1100611.202206121,20220612,서울신문,,2022,EVENT,20220609,대구 수성구,백색가루,57.0
S00213,Q29,비CBRN,공항 폭발물 신고,1501201.202407152,20240715,경북매일신문,,2024,INST,,,,
S00214,Q16,안보,방사능 유출,1500701.202503281,20250328,부산일보,사고>산업사고>원자력사고,2025,INST,,,,
S00215,Q16,안보,방사능 유출,8100401.202208191,20220819,YTN,사회>사회갈등>전쟁,2022,EVENT,20220811,자포리자,포격,69.0
S00216,Q24,비CBRN,총기 난사,8100401.20230118,20230118,YTN,,2023,EVENT,20230118,앨버커키,총격,118.0
S00217,Q14,안보,탄저균 테러,1100701.202311011,20231101,세계일보,,2023,OTHER,,,,
S00218,Q24,비CBRN,총기 난사,1100701.202310281,20231028,세계일보,,2023,EVENT,20231025,루이스턴,총기난사,239.0
S00219,Q02,산업,암모니아 누출 사고,1100701.202307071,20230707,세계일보,사고>교통사고>노상사고,2023,INST,,,,
S00220,Q02,산업,암모니아 누출 사고,8100101.20220705,20220705,KBS,,2022,OTHER,,,,
S00221,Q01,산업,불산 누출,1100501.202210301,20221030,문화일보,범죄>범죄일반>방화,2022,IRRELEVANT,,,,
S00222,Q13,안보,생물테러,1400301.202308231,20230823,동양일보,,2023,OTHER,,,,
S00223,Q13,안보,생물테러,5202752.202504231,20250423,평택시민신문,,2025,INST,,,,
S00224,Q04,산업,황산 유출 사고,4100078.202410241,20241024,뉴스핌,사고>교통사고>해상사고,2024,INST,,,,
S00225,Q08,산업,질산 누출,1400101.202310302,20231030,충청타임즈,사고>산업사고>원자력사고,2023,EVENT,20231030,후쿠시마,세정수 누출,242.0
S00226,Q22,비CBRN,사제폭탄,4101008.202408221,20240822,이데일리,사고>산업사고>폭발,2024,EVENT,20240822,광주 서구,사제폭발물,352.0
S00227,Q29,비CBRN,공항 폭발물 신고,1400501.202405291,20240529,중부일보,,2024,EVENT,20240528,,대남 풍선,313.0
S00228,Q26,비CBRN,폭발물 협박,4102008.20250107,20250107,쿠키뉴스,범죄>범죄일반>폭행,2025,IRRELEVANT,,,,
S00229,Q17,안보,더티밤,4101008.202210241,20221024,이데일리,,2022,OTHER,,,,
S00230,Q19,안보,노비촉,1100901.202402211,20240221,중앙일보,사회>사회갈등>시위,2024,EVENT,20240216,러시아,의문사,274.0
S00231,Q17,안보,더티밤,2100801.202211091,20221109,아시아경제,사회>사회갈등>시위,2022,OTHER,,,,
S00232,Q07,산업,톨루엔 누출,1200401.202604171,20260417,인천일보,,2026,EVENT,20260417,오산시,화학물질,600.0
S00233,Q26,비CBRN,폭발물 협박,1100701.202512081,20251208,세계일보,범죄>범죄일반>살인,2025,INST,,,,
S00234,Q01,산업,불산 누출,1400601.202211021,20221102,충청일보,사고>산업사고>폭발,2022,INST,,,,
S00235,Q29,비CBRN,공항 폭발물 신고,1600801.202402191,20240219,전남일보,,2024,EVENT,20240219,광주 광산구,폭발물 신고,286.0
S00236,Q07,산업,톨루엔 누출,1100801.202409271,20240927,조선일보,사고>산업사고>화재,2024,EVENT,20240927,울주군,유해물질,369.0
S00237,Q05,산업,화학공장 폭발,2100601.20210913,20210913,한국경제,사고>산업사고>폭발,2021,INST,,,,
S00238,Q21,비CBRN,폭발물 테러,7101201.202501021,20250102,디지털타임스,사고>교통사고>노상사고,2025,EVENT,20250101,뉴올리언스,차량 돌진,392.0
S00239,Q26,비CBRN,폭발물 협박,1101001.202508071,20250807,한겨레,,2025,EVENT,20250807,부산 사하구,폭발물 협박,460.0
S00240,Q30,비CBRN,원전 방사선 피폭,1100611.202308142,20230814,서울신문,,2023,OTHER,,,,
S00241,Q08,산업,질산 누출,1200401.202306291,20230629,인천일보,,2023,INST,,,,
S00242,Q10,산업,화학사고 대응,1600451.202210041,20221004,남도일보,,2022,INST,,,,
S00243,Q17,안보,더티밤,2100701.20230531,20230531,헤럴드경제,사고>산업사고>폭발,2023,IRRELEVANT,,,,
S00244,Q07,산업,톨루엔 누출,4100158.202202111,20220211,데일리안,사고>산업사고>붕괴,2022,EVENT,20220211,여수시,폭발,14.0
S00245,Q24,비CBRN,총기 난사,1100801.202604202,20260420,조선일보,범죄>범죄일반>폭행,2026,EVENT,20260419,슈리브포트,총기난사,601.0
S00246,Q19,안보,노비촉,1100201.202402261,20240226,국민일보,,2024,EVENT,20240216,러시아,의문사,274.0
S00247,Q19,안보,노비촉,1101001.202405021,20240502,한겨레,,2024,EVENT,20240502,우크라이나,화학무기,310.0
S00248,Q27,비CBRN,테러 예고 글,1620001.202207251,20220725,광남일보,사회>사회갈등>시위,2022,IRRELEVANT,,,,
S00249,Q10,산업,화학사고 대응,2100601.202402161,20240216,한국경제,사고>산업사고>폭발,2024,INST,,,,
S00250,Q16,안보,방사능 유출,4101008.202203151,20220315,이데일리,,2022,OTHER,,,,
S00251,Q09,산업,유독가스 누출 대피,1400351.202606012,20260601,중도일보,사고>산업사고>화재,2026,EVENT,20260601,청주시,독성가스,620.0
S00252,Q14,안보,탄저균 테러,1100701.20230722,20230722,세계일보,,2023,EVENT,20230720,제주시,독극물 소포,163.0
S00253,Q19,안보,노비촉,2100701.20211227,20211227,헤럴드경제,,2021,IRRELEVANT,,,,
S00254,Q04,산업,황산 유출 사고,8100101.202307172,20230717,KBS,사고>산업사고>붕괴,2023,IRRELEVANT,,,,
S00255,Q21,비CBRN,폭발물 테러,4100078.202204241,20220424,뉴스핌,,2022,INST,,,,
S00256,Q23,비CBRN,드론 공격,1100751.202409241,20240924,아시아투데이,,2024,INST,,,,
S00257,Q27,비CBRN,테러 예고 글,8100401.202608302,20260830,YTN,범죄>기업범죄>거래제한,2026,IRRELEVANT,,,,
S00258,Q13,안보,생물테러,1500201.202510191,20251019,경북일보,,2025,INST,,,,
S00259,Q23,비CBRN,드론 공격,8100301.20210918,20210918,SBS,사회>사회갈등>전쟁,2021,EVENT,20210829,카불,드론 공습,1.0
S00260,Q28,비CBRN,다중이용시설 테러,1500501.202110191,20211019,대구일보,,2021,OTHER,,,,
S00261,Q07,산업,톨루엔 누출,4100158.202511061,20251106,데일리안,사고>산업사고>폭발,2025,INST,,,,
S00262,Q12,안보,사린가스 공격,1100611.202410301,20241030,서울신문,범죄>범죄일반>유괴/납치,2024,IRRELEVANT,,,,
S00263,Q04,산업,황산 유출 사고,8100101.20250409,20250409,KBS,사고>산업사고>폭발,2025,EVENT,20250408,서울 성동구,황산,413.0
S00264,Q06,산업,유해화학물질 유출,1100751.202508181,20250818,아시아투데이,사회>사회갈등>전쟁,2025,INST,,,,
S00265,Q27,비CBRN,테러 예고 글,8100301.20230805,20230805,SBS,범죄>성범죄>성폭행,2023,INST,,,,
S00266,Q07,산업,톨루엔 누출,2100801.202405201,20240520,아시아경제,,2024,OTHER,,,,
S00267,Q22,비CBRN,사제폭탄,2100801.202308241,20230824,아시아경제,사회>사회갈등>시위,2023,IRRELEVANT,,,,
S00268,Q08,산업,질산 누출,1400551.202306061,20230606,충북일보,,2023,INST,,,,
S00269,Q21,비CBRN,폭발물 테러,8100401.20251021,20251021,YTN,사회>사회갈등>테러행위,2025,INST,,,,
S00270,Q11,안보,화학무기 사용,8100101.202206092,20220609,KBS,,2022,INST,,,,
S00271,Q08,산업,질산 누출,8100401.202507241,20250724,YTN,,2025,EVENT,20250724,전주시,질산,448.0
S00272,Q17,안보,더티밤,8100401.202210261,20221026,YTN,,2022,OTHER,,,,
S00273,Q05,산업,화학공장 폭발,1100401.20211102,20211102,동아일보,,2021,IRRELEVANT,,,,
S00274,Q20,안보,북한 생화학무기,2100051.202212271,20221227,대한경제,,2022,IRRELEVANT,,,,
S00275,Q17,안보,더티밤,2100501.202210241,20221024,파이낸셜뉴스,,2022,OTHER,,,,
S00276,Q28,비CBRN,다중이용시설 테러,1600451.202402091,20240209,남도일보,,2024,INST,,,,
S00277,Q28,비CBRN,다중이용시설 테러,4102008.20250915,20250915,쿠키뉴스,,2025,INST,,,,
S00278,Q19,안보,노비촉,2100311.202404121,20240412,서울경제,,2024,OTHER,,,,
S00279,Q30,비CBRN,원전 방사선 피폭,8100101.202506292,20250629,KBS,,2025,INST,,,,
S00280,Q04,산업,황산 유출 사고,6101302.202202251,20220225,한겨레21,사고>산업사고>폭발,2022,OTHER,,,,
S00281,Q27,비CBRN,테러 예고 글,2100201.20231031,20231031,머니투데이,사회>사회갈등>테러행위,2023,EVENT,20230401,대구시,테러 예고 글,132.0
S00282,Q07,산업,톨루엔 누출,8100101.20240328,20240328,KBS,사고>산업사고>폭발,2024,INST,,,,
S00283,Q03,산업,염소 가스 누출,1400801.202505131,20250513,금강일보,사고>산업사고>화재,2025,INST,,,,
S00284,Q30,비CBRN,원전 방사선 피폭,1100101.202306201,20230620,경향신문,,2023,OTHER,,,,
S00285,Q15,안보,북한 핵실험,1100201.202206051,20220605,국민일보,,2022,OTHER,,,,
S00286,Q06,산업,유해화학물질 유출,1400101.202602051,20260205,충청타임즈,사고>산업사고>폭발,2026,EVENT,20260204,음성군,수산화나트륨,568.0
S00287,Q30,비CBRN,원전 방사선 피폭,2100201.202208091,20220809,머니투데이,,2022,INST,,,,
S00288,Q11,안보,화학무기 사용,1500301.20250404,20250404,경상일보,사회>사회갈등>테러행위,2025,IRRELEVANT,,,,
S00289,Q19,안보,노비촉,1100101.202112271,20211227,경향신문,범죄>범죄일반>폭행,2021,IRRELEVANT,,,,
S00290,Q03,산업,염소 가스 누출,1100501.202403141,20240314,문화일보,사고>스포츠사고,2024,EVENT,20240314,의정부시,염소가스,291.0
S00291,Q26,비CBRN,폭발물 협박,2100101.202512151,20251215,매일경제,범죄>범죄일반>살인,2025,EVENT,20251215,성남시 분당구,폭발물 설치 협박,543.0
S00292,Q05,산업,화학공장 폭발,1600451.202211301,20221130,남도일보,사고>산업사고>폭발,2022,EVENT,20221130,여수시,배관 폭발,111.0
S00293,Q30,비CBRN,원전 방사선 피폭,1500701.202408141,20240814,부산일보,사고>산업사고>화재,2024,INST,,,,
S00294,Q23,비CBRN,드론 공격,1100501.202212281,20221228,문화일보,,2022,OTHER,,,,
S00295,Q26,비CBRN,폭발물 협박,1101101.202509251,20250925,한국일보,,2025,IRRELEVANT,,,,
S00296,Q06,산업,유해화학물질 유출,1400601.202403151,20240315,충청일보,사고>산업사고>폭발,2024,EVENT,20240315,진천군 이월면,다이메틸폼아마이드 누출,293.0
S00297,Q04,산업,황산 유출 사고,4100058.202308031,20230803,노컷뉴스,,2023,EVENT,20230803,창원시 의창구,황산,173.0
S00298,Q14,안보,탄저균 테러,2100351.20250714,20250714,이투데이,,2025,OTHER,,,,
S00299,Q05,산업,화학공장 폭발,2100201.202508031,20250803,머니투데이,사고>산업사고>폭발,2025,EVENT,20250803,영천시 금호읍,가스 폭발 화재,453.0
S00300,Q14,안보,탄저균 테러,1100611.202209281,20220928,서울신문,,2022,EVENT,20220928,제주시 조천읍,탄저균 의심 우편물,86.0
S00301,Q23,비CBRN,드론 공격,1100101.20250618,20250618,경향신문,사회>사회갈등>전쟁,2025,OTHER,,,,
S00302,Q03,산업,염소 가스 누출,8100101.202403191,20240319,KBS,범죄>범죄일반>방화,2024,EVENT,20240319,의정부시,염소가스 누출,298.0
S00303,Q01,산업,불산 누출,2100101.202211011,20221101,매일경제,범죄>범죄일반>방화,2022,IRRELEVANT,,,,
S00304,Q04,산업,황산 유출 사고,8100401.20260411,20260411,YTN,사고>산업사고>화재,2026,EVENT,20260411,대구 달성군,황산코발트,591.0
S00305,Q25,비CBRN,차량 돌진 테러,8100301.20240202,20240202,SBS,범죄>범죄일반>살인,2024,REF,,,,
S00306,Q13,안보,생물테러,7100502.202504111,20250411,환경일보,,2025,INST,,,,
S00307,Q19,안보,노비촉,1100611.202306271,20230627,서울신문,범죄>범죄일반>살인,2023,OTHER,,,,
S00308,Q04,산업,황산 유출 사고,1100401.20211115,20211115,동아일보,사고>산업사고>폭발,2021,INST,,,,
S00309,Q18,안보,백색가루 신고,2100311.202208291,20220829,서울경제,범죄>범죄일반>마약,2022,IRRELEVANT,,,,
S00310,Q02,산업,암모니아 누출 사고,8100101.202604141,20260414,KBS,사고>산업사고>화재,2026,INST,,,,
S00311,Q04,산업,황산 유출 사고,1100401.202409101,20240910,동아일보,사고>산업사고>폭발,2024,INST,,,,
S00312,Q08,산업,질산 누출,1501001.202404072,20240407,대구신문,,2024,EVENT,20240323,대구 북구,질산 연기,300.0
S00313,Q02,산업,암모니아 누출 사고,4100058.20260807,20260807,노컷뉴스,,2026,EVENT,20260806,완도군,암모니아,649.0
S00314,Q03,산업,염소 가스 누출,2100401.202604161,20260416,메트로경제,,2026,INST,,,,
S00315,Q23,비CBRN,드론 공격,8100401.202506191,20250619,YTN,사회>사회갈등>시위,2025,IRRELEVANT,,,,
S00316,Q17,안보,더티밤,1500701.202506141,20250614,부산일보,사회>사회갈등>전쟁,2025,OTHER,,,,
S00317,Q12,안보,사린가스 공격,1100401.20221017,20221017,동아일보,,2022,IRRELEVANT,,,,
S00318,Q30,비CBRN,원전 방사선 피폭,8100401.202308241,20230824,YTN,사고>산업사고>폭발,2023,OTHER,,,,
S00319,Q03,산업,염소 가스 누출,4100078.202411141,20241114,뉴스핌,사고>스포츠사고,2024,IRRELEVANT,,,,
S00320,Q08,산업,질산 누출,1600901.202510141,20251014,전라일보,사고>산업사고>폭발,2025,EVENT,20251013,완주군 봉동읍,질산,499.0
S00321,Q01,산업,불산 누출,4101008.20250114,20250114,이데일리,,2025,OTHER,,,,
S00322,Q13,안보,생물테러,7100502.202211241,20221124,환경일보,,2022,INST,,,,
S00323,Q18,안보,백색가루 신고,2100601.202206121,20220612,한국경제,,2022,IRRELEVANT,,,,
S00324,Q08,산업,질산 누출,4100058.202407011,20240701,노컷뉴스,사고>산업사고>폭발,2024,EVENT,20240701,안동시 임동면,질산,337.0
S00325,Q17,안보,더티밤,2100801.202210281,20221028,아시아경제,,2022,OTHER,,,,
S00326,Q01,산업,불산 누출,1101001.202511062,20251106,한겨레,,2025,EVENT,20251105,포항시 남구,유해화학물질 누출,519.0
S00327,Q23,비CBRN,드론 공격,2100601.202603101,20260310,한국경제,,2026,OTHER,,,,
S00328,Q16,안보,방사능 유출,1400501.202311161,20231116,중부일보,,2023,IRRELEVANT,,,,
S00329,Q18,안보,백색가루 신고,4100078.202305241,20230524,뉴스핌,범죄>범죄일반>마약,2023,IRRELEVANT,,,,
S00330,Q26,비CBRN,폭발물 협박,1100701.202403201,20240320,세계일보,사회>사회갈등>테러행위,2024,EVENT,20240320,서울 구로구,폭탄 테러 협박 메일,299.0
S00331,Q07,산업,톨루엔 누출,1100701.20220722,20220722,세계일보,,2022,INST,,,,
S00332,Q13,안보,생물테러,2100801.202512221,20251222,아시아경제,,2025,INST,,,,
S00333,Q25,비CBRN,차량 돌진 테러,2100101.202603091,20260309,매일경제,사고>교통사고>노상사고,2026,IRRELEVANT,,,,
S00334,Q23,비CBRN,드론 공격,8100401.202506131,20250613,YTN,사회>사회갈등>전쟁,2025,EVENT,20250613,이란,공습,433.0
S00335,Q21,비CBRN,폭발물 테러,1101101.202401302,20240130,한국일보,범죄>범죄일반>살인,2024,REF,,,,
S00336,Q19,안보,노비촉,1100101.20240412,20240412,경향신문,,2024,OTHER,,,,
S00337,Q10,산업,화학사고 대응,1501301.202308202,20230820,울산신문,사고>산업사고>폭발,2023,OTHER,,,,
S00338,Q25,비CBRN,차량 돌진 테러,8100101.20250102,20250102,KBS,사고>교통사고>노상사고,2025,EVENT,20250101,뉴올리언스,차량 돌진,392.0
S00339,Q07,산업,톨루엔 누출,2100201.202406251,20240625,머니투데이,사고>산업사고>화재,2024,EVENT,20240624,화성시,화재 화학물질,335.0
S00340,Q03,산업,염소 가스 누출,4101008.202405031,20240503,이데일리,사고>산업사고>화재,2024,IRRELEVANT,,,,
S00341,Q20,안보,북한 생화학무기,7101201.202203301,20220330,디지털타임스,,2022,IRRELEVANT,,,,
S00342,Q21,비CBRN,폭발물 테러,2100701.2024043,20240430,헤럴드경제,,2024,INST,,,,
S00343,Q20,안보,북한 생화학무기,4100608.202604041,20260404,브레이크뉴스,,2026,IRRELEVANT,,,,
S00344,Q24,비CBRN,총기 난사,1100751.20260602,20260602,아시아투데이,,2026,IRRELEVANT,,,,
S00345,Q20,안보,북한 생화학무기,1100501.202212271,20221227,문화일보,,2022,OTHER,,,,
S00346,Q17,안보,더티밤,2100501.20221027,20221027,파이낸셜뉴스,,2022,INST,,,,
S00347,Q02,산업,암모니아 누출 사고,8100401.202502261,20250226,YTN,,2025,EVENT,20250226,제주시 한림읍,암모니아,403.0
S00348,Q30,비CBRN,원전 방사선 피폭,1101001.202604271,20260427,한겨레,사고>산업사고>폭발,2026,REF,,,,
S00349,Q12,안보,사린가스 공격,1100401.20241209,20241209,동아일보,사회>사회갈등>시위,2024,OTHER,,,,
S00350,Q26,비CBRN,폭발물 협박,2100501.20250829,20250829,파이낸셜뉴스,,2025,EVENT,20250828,서울,폭발물 협박 팩스,478.0
S00351,Q14,안보,탄저균 테러,1600601.202211291,20221129,새전북신문,,2022,INST,,,,
S00352,Q11,안보,화학무기 사용,2100201.202204161,20220416,머니투데이,,2022,OTHER,,,,
S00353,Q07,산업,톨루엔 누출,1200301.202205091,20220509,기호일보,,2022,OTHER,,,,
S00354,Q29,비CBRN,공항 폭발물 신고,8100101.202308292,20230829,KBS,,2023,EVENT,20230829,김해공항,폭발물 의심 신고,216.0
S00355,Q19,안보,노비촉,1100611.202303131,20230313,서울신문,범죄>기업범죄>횡령,2023,OTHER,,,,
S00356,Q24,비CBRN,총기 난사,1100701.202503271,20250327,세계일보,사회>사회갈등>시위,2025,INST,,,,
S00357,Q13,안보,생물테러,1400101.202512141,20251214,충청타임즈,,2025,INST,,,,
S00358,Q30,비CBRN,원전 방사선 피폭,2100861.202506271,20250627,브릿지경제,,2025,OTHER,,,,
S00359,Q06,산업,유해화학물질 유출,4100158.20260716,20260716,데일리안,사고>산업사고>폭발,2026,INST,,,,
S00360,Q22,비CBRN,사제폭탄,1100801.202401271,20240127,조선일보,사고>산업사고>폭발,2024,EVENT,20240126,가나가와현 가마쿠라시,폭파범 검거,266.0
S00361,Q16,안보,방사능 유출,8100401.202203041,20220304,YTN,사고>산업사고>붕괴,2022,OTHER,,,,
S00362,Q24,비CBRN,총기 난사,2100851.202205271,20220527,아주경제,,2022,IRRELEVANT,,,,
S00363,Q02,산업,암모니아 누출 사고,1100101.20250226,20250226,경향신문,,2025,EVENT,20250226,제주시 한림읍,암모니아,403.0
S00364,Q07,산업,톨루엔 누출,4100158.202604171,20260417,데일리안,,2026,EVENT,20260417,오산시 누읍동,화학물질 누출,598.0
S00365,Q29,비CBRN,공항 폭발물 신고,2100601.202207051,20220705,한국경제,사회>사회갈등>테러행위,2022,EVENT,20220703,영국,폭발물 허위신고,61.0
S00366,Q22,비CBRN,사제폭탄,1100401.202502041,20250204,동아일보,사회>사회갈등>테러행위,2025,EVENT,20250203,,사제폭탄 테러 예고 댓글,400.0
S00367,Q05,산업,화학공장 폭발,1500901.202205222,20220522,울산매일,사고>산업사고>붕괴,2022,INST,,,,
S00368,Q16,안보,방사능 유출,1100501.202205121,20220512,문화일보,사고>산업사고>화재,2022,INST,,,,
S00369,Q18,안보,백색가루 신고,4100078.202410231,20241023,뉴스핌,,2024,INST,,,,
S00370,Q09,산업,유독가스 누출 대피,1400801.202606011,20260601,금강일보,사고>산업사고>폭발,2026,EVENT,20260531,보은군 삼승면,폭발,618.0
S00371,Q24,비CBRN,총기 난사,1100101.20240624,20240624,경향신문,사고>산업사고>화재,2024,EVENT,20240623,다게스탄 데르벤트,총기 난사,324.0
S00372,Q20,안보,북한 생화학무기,2100201.202301061,20230106,머니투데이,,2023,OTHER,,,,
S00373,Q27,비CBRN,테러 예고 글,8100101.20230804,20230804,KBS,범죄>범죄일반>살인,2023,EVENT,20230803,성남시 분당구,흉기 난동,172.0
S00374,Q03,산업,염소 가스 누출,1600901.202311131,20231113,전라일보,,2023,INST,,,,
S00375,Q06,산업,유해화학물질 유출,5202752.20211013,20211013,평택시민신문,사고>산업사고>화재,2021,INST,,,,
S00376,Q11,안보,화학무기 사용,8100401.20220324,20220324,YTN,,2022,OTHER,,,,
S00377,Q19,안보,노비촉,1100501.20230818,20230818,문화일보,,2023,REF,,,,
S00378,Q17,안보,더티밤,4101008.202211041,20221104,이데일리,,2022,OTHER,,,,
S00379,Q09,산업,유독가스 누출 대피,1400801.202401231,20240123,금강일보,사고>산업사고>화재,2024,EVENT,20240122,서천군 서천읍,화재,264.0
S00380,Q10,산업,화학사고 대응,7100501.202110111,20211011,전자신문,사고>산업사고>폭발,2021,INST,,,,
S00381,Q13,안보,생물테러,1100611.202205311,20220531,서울신문,,2022,INST,,,,
S00382,Q07,산업,톨루엔 누출,7100502.202207061,20220706,환경일보,,2022,INST,,,,
S00383,Q15,안보,북한 핵실험,7101201.202412051,20241205,디지털타임스,범죄>기업범죄>거래제한,2024,IRRELEVANT,,,,
S00384,Q02,산업,암모니아 누출 사고,1200101.202510141,20251014,경기일보,,2025,EVENT,20251014,오산시 부산동,암모니아,502.0
S00385,Q05,산업,화학공장 폭발,1400551.202306141,20230614,충북일보,사고>산업사고>폭발,2023,INST,,,,
S00386,Q24,비CBRN,총기 난사,1100101.202604122,20260412,경향신문,범죄>범죄일반>절도,2026,IRRELEVANT,,,,
S00387,Q27,비CBRN,테러 예고 글,1100701.202308032,20230803,세계일보,범죄>범죄일반>살인,2023,EVENT,20230803,성남시 분당구,차량 돌진 흉기 난동,176.0
S00388,Q15,안보,북한 핵실험,1100101.202205221,20220522,경향신문,,2022,OTHER,,,,
S00389,Q04,산업,황산 유출 사고,1600451.202202111,20220211,남도일보,사고>산업사고>붕괴,2022,REF,,,,
S00390,Q14,안보,탄저균 테러,1100501.20260409,20260409,문화일보,사고>산업사고>폭발,2026,IRRELEVANT,,,,
S00391,Q29,비CBRN,공항 폭발물 신고,2100801.202403071,20240307,아시아경제,,2024,IRRELEVANT,,,,
S00392,Q27,비CBRN,테러 예고 글,1100901.20230808,20230808,중앙일보,범죄>범죄일반>살인,2023,OTHER,,,,
S00393,Q11,안보,화학무기 사용,1100501.202307251,20230725,문화일보,,2023,INST,,,,
S00394,Q17,안보,더티밤,1100801.20221024,20221024,조선일보,,2022,OTHER,,,,
S00395,Q06,산업,유해화학물질 유출,1600801.202205271,20220527,전남일보,사고>산업사고>폭발,2022,INST,,,,
S00396,Q09,산업,유독가스 누출 대피,1500601.20240123,20240123,매일신문,사고>산업사고>폭발,2024,EVENT,20240122,서천군 서천읍,화재,264.0
S00397,Q14,안보,탄저균 테러,4101808.202405281,20240528,비즈워치,,2024,IRRELEVANT,,,,
S00398,Q27,비CBRN,테러 예고 글,1100611.20251222,20251222,서울신문,범죄>범죄일반>방화,2025,EVENT,20251219,타이베이,흉기 난동,552.0
S00399,Q08,산업,질산 누출,4102008.202511051,20251105,쿠키뉴스,,2025,EVENT,20251105,포항시 남구,유해가스,513.0
S00400,Q13,안보,생물테러,4101008.202302161,20230216,이데일리,,2023,INST,,,,
S00401,Q25,비CBRN,차량 돌진 테러,1100901.2025011,20250110,중앙일보,,2025,IRRELEVANT,,,,
S00402,Q09,산업,유독가스 누출 대피,2100701.202406022,20240602,헤럴드경제,범죄>기업범죄>반독점범죄,2024,IRRELEVANT,,,,
S00403,Q09,산업,유독가스 누출 대피,1500401.202406282,20240628,국제신문,사고>산업사고>폭발,2024,INST,,,,
S00404,Q13,안보,생물테러,2100201.202504181,20250418,머니투데이,,2025,INST,,,,
S00405,Q28,비CBRN,다중이용시설 테러,1500901.202308221,20230822,울산매일,,2023,INST,,,,
S00406,Q25,비CBRN,차량 돌진 테러,6101202.20260317,20260317,주간한국,,2026,IRRELEVANT,,,,
S00407,Q30,비CBRN,원전 방사선 피폭,1100101.202306151,20230615,경향신문,사고>산업사고>원자력사고,2023,INST,,,,
S00408,Q04,산업,황산 유출 사고,8100101.202602042,20260204,KBS,,2026,EVENT,20260204,제주시 영평동,황산 질산 유독가스,570.0
S00409,Q12,안보,사린가스 공격,1100611.202204301,20220430,서울신문,사회>사회갈등>시위,2022,IRRELEVANT,,,,
S00410,Q03,산업,염소 가스 누출,1400551.202112051,20211205,충북일보,,2021,INST,,,,
S00411,Q29,비CBRN,공항 폭발물 신고,2100101.202602052,20260205,매일경제,범죄>범죄일반>마약,2026,IRRELEVANT,,,,
S00412,Q23,비CBRN,드론 공격,1100401.202301271,20230127,동아일보,사고>산업사고>폭발,2023,EVENT,20230126,키이우,미사일 드론 공습,122.0
S00413,Q24,비CBRN,총기 난사,1100101.20251215,20251215,경향신문,,2025,EVENT,20251214,시드니,총기 난사,540.0
S00414,Q10,산업,화학사고 대응,1600601.202509161,20250916,새전북신문,,2025,INST,,,,
S00415,Q04,산업,황산 유출 사고,1500601.202607121,20260712,매일신문,사고>산업사고>화재,2026,INST,,,,
S00416,Q09,산업,유독가스 누출 대피,4100078.202406131,20240613,뉴스핌,사고>산업사고>폭발,2024,EVENT,20240613,부산 사상구,폭발,315.0
S00417,Q20,안보,북한 생화학무기,1101101.202504211,20250421,한국일보,,2025,INST,,,,
S00418,Q30,비CBRN,원전 방사선 피폭,1500601.202110061,20211006,매일신문,사고>산업사고>원자력사고,2021,OTHER,,,,
S00419,Q18,안보,백색가루 신고,1400351.202509232,20250923,중도일보,사고>산업사고>화재,2025,INST,,,,
S00420,Q07,산업,톨루엔 누출,1100701.202202111,20220211,세계일보,사고>산업사고>폭발,2022,EVENT,20220211,여수시 화치동,폭발,13.0
S00421,Q27,비CBRN,테러 예고 글,1100801.20230804,20230804,조선일보,,2023,INST,,,,
S00422,Q10,산업,화학사고 대응,2100051.20210913,20210913,대한경제,,2021,INST,,,,
S00423,Q10,산업,화학사고 대응,1400351.202411042,20241104,중도일보,,2024,INST,,,,
S00424,Q13,안보,생물테러,2100801.20240628,20240628,아시아경제,,2024,INST,,,,
S00425,Q09,산업,유독가스 누출 대피,4102008.202401231,20240123,쿠키뉴스,사고>산업사고>화재,2024,EVENT,20240122,서천군 서천읍,화재,264.0
S00426,Q25,비CBRN,차량 돌진 테러,2100801.202603091,20260309,아시아경제,사고>교통사고>노상사고,2026,INST,,,,
S00427,Q28,비CBRN,다중이용시설 테러,1100801.20220103,20220103,조선일보,,2022,IRRELEVANT,,,,
S00428,Q20,안보,북한 생화학무기,2100311.202212271,20221227,서울경제,,2022,OTHER,,,,
S00429,Q07,산업,톨루엔 누출,1400801.202403281,20240328,금강일보,사고>산업사고>폭발,2024,INST,,,,
S00430,Q29,비CBRN,공항 폭발물 신고,1200201.202604211,20260421,경인일보,사회>사회문제>미성년범죄,2026,INST,,,,
S00431,Q19,안보,노비촉,1100501.20240219,20240219,문화일보,,2024,EVENT,20240216,살레하르트,독살 의혹 사망,279.0
S00432,Q01,산업,불산 누출,1101101.202502241,20250224,한국일보,범죄>정치>뇌물수수,2025,IRRELEVANT,,,,
S00433,Q19,안보,노비촉,2100101.202402201,20240220,매일경제,,2024,REF,,,,
S00434,Q14,안보,탄저균 테러,4100958.202504081,20250408,EBN,,2025,OTHER,,,,
S00435,Q28,비CBRN,다중이용시설 테러,1601101.202209061,20220906,전북일보,,2022,INST,,,,
S00436,Q08,산업,질산 누출,8100401.202511052,20251105,YTN,사고>산업사고>붕괴,2025,EVENT,20251105,포항시 남구,유해가스,513.0
S00437,Q09,산업,유독가스 누출 대피,1200101.202607101,20260710,경기일보,사고>산업사고>폭발,2026,EVENT,20260709,봉화군 석포면,화재,638.0
S00438,Q16,안보,방사능 유출,1100751.202109301,20210930,아시아투데이,사고>산업사고>붕괴,2021,INST,,,,
S00439,Q26,비CBRN,폭발물 협박,4100058.202511171,20251117,노컷뉴스,사회>사회문제>미성년범죄,2025,INST,,,,
S00440,Q24,비CBRN,총기 난사,2100701.20231001,20231001,헤럴드경제,범죄>성범죄>성폭행,2023,IRRELEVANT,,,,
S00441,Q07,산업,톨루엔 누출,1100901.202303141,20230314,중앙일보,사고>산업사고>화재,2023,EVENT,20230312,대전,화재 유독가스,130.0
S00442,Q23,비CBRN,드론 공격,4101008.20240415,20240415,이데일리,사고>교통사고>해상사고,2024,OTHER,,,,
S00443,Q07,산업,톨루엔 누출,4100078.202403271,20240327,뉴스핌,사고>산업사고>폭발,2024,INST,,,,
S00444,Q01,산업,불산 누출,2100801.202307251,20230725,아시아경제,사고>산업사고>화재,2023,IRRELEVANT,,,,
S00445,Q22,비CBRN,사제폭탄,1500401.202305242,20230524,국제신문,사회>사회갈등>테러행위,2023,INST,,,,
S00446,Q01,산업,불산 누출,1400801.202510301,20251030,금강일보,,2025,INST,,,,
S00447,Q30,비CBRN,원전 방사선 피폭,8100101.202405071,20240507,KBS,,2024,OTHER,,,,
S00448,Q21,비CBRN,폭발물 테러,8100401.20260221,20260221,YTN,사회>사회갈등>테러행위,2026,INST,,,,
S00449,Q26,비CBRN,폭발물 협박,1100201.202603071,20260307,국민일보,범죄>범죄일반>살인,2026,OTHER,,,,
S00450,Q09,산업,유독가스 누출 대피,1200301.202509061,20250906,기호일보,사고>스포츠사고,2025,EVENT,20250905,김포시 하성면,암모니아,483.0
S00451,Q05,산업,화학공장 폭발,1100101.202209132,20220913,경향신문,범죄>범죄일반>방화,2022,OTHER,,,,
S00452,Q20,안보,북한 생화학무기,2100501.202303012,20230301,파이낸셜뉴스,,2023,OTHER,,,,
S00453,Q16,안보,방사능 유출,4100958.202308231,20230823,EBN,사고>산업사고>원자력사고,2023,INST,,,,
S00454,Q08,산업,질산 누출,1400351.202511052,20251105,중도일보,,2025,EVENT,20251105,포항시 남구,유해가스,513.0
S00455,Q26,비CBRN,폭발물 협박,1100501.20251112,20251112,문화일보,,2025,EVENT,20251109,서울 용산구,폭발물 설치 협박,523.0
S00456,Q24,비CBRN,총기 난사,2100801.202205262,20220526,아시아경제,,2022,IRRELEVANT,,,,
S00457,Q22,비CBRN,사제폭탄,4100158.202402081,20240208,데일리안,사회>사회갈등>테러행위,2024,EVENT,20240208,카이버 파크툰크와,무장괴한 공격,273.0
S00458,Q15,안보,북한 핵실험,1100501.202209071,20220907,문화일보,,2022,INST,,,,
S00459,Q08,산업,질산 누출,8100101.202309092,20230909,KBS,,2023,EVENT,20230909,군산시,질산 폐기물,222.0
S00460,Q25,비CBRN,차량 돌진 테러,2100351.20250428,20250428,이투데이,사고>교통사고>노상사고,2025,EVENT,20250426,밴쿠버,차량 돌진,419.0
S00461,Q05,산업,화학공장 폭발,1100611.202411261,20241126,서울신문,사고>산업사고>폭발,2024,IRRELEVANT,,,,
S00462,Q13,안보,생물테러,4104008.202411051,20241105,프레시안,,2024,INST,,,,
S00463,Q24,비CBRN,총기 난사,8100201.202312221,20231222,MBC,사회>사회갈등>테러행위,2023,EVENT,20231221,프라하,총기 난사,257.0
S00464,Q26,비CBRN,폭발물 협박,1101202.20230818,20230818,일요신문,범죄>범죄일반>살인,2023,EVENT,20230817,,폭파 협박 이메일,206.0
S00465,Q01,산업,불산 누출,1200301.202111291,20211129,기호일보,,2021,INST,,,,
S00466,Q24,비CBRN,총기 난사,1100801.202307101,20230710,조선일보,범죄>범죄일반>살인,2023,EVENT,20230708,뉴욕 브루클린,총격,157.0
S00467,Q16,안보,방사능 유출,2100701.2023092,20230920,헤럴드경제,범죄>범죄일반>유괴/납치,2023,IRRELEVANT,,,,
S00468,Q08,산업,질산 누출,4100078.202511051,20251105,뉴스핌,,2025,INST,,,,
S00469,Q15,안보,북한 핵실험,1100501.202204111,20220411,문화일보,,2022,OTHER,,,,
S00470,Q22,비CBRN,사제폭탄,2100701.20260308,20260308,헤럴드경제,범죄>범죄일반>폭행,2026,REF,,,,
S00471,Q23,비CBRN,드론 공격,8100401.202603311,20260331,YTN,사고>산업사고>화재,2026,OTHER,,,,
S00472,Q23,비CBRN,드론 공격,1100611.202410031,20241003,서울신문,사회>사회갈등>전쟁,2024,OTHER,,,,
S00473,Q02,산업,암모니아 누출 사고,8100401.202509051,20250905,YTN,사고>스포츠사고,2025,EVENT,20250905,김포시 하성면,암모니아,483.0
S00474,Q27,비CBRN,테러 예고 글,2100501.20260713,20260713,파이낸셜뉴스,,2026,IRRELEVANT,,,,
S00475,Q24,비CBRN,총기 난사,1100751.20251217,20251217,아시아투데이,사고>교통사고>노상사고,2025,EVENT,20251214,시드니,총기 난사,540.0
S00476,Q02,산업,암모니아 누출 사고,1500051.202604151,20260415,경남신문,사고>산업사고>화재,2026,INST,,,,
S00477,Q16,안보,방사능 유출,8100101.202209112,20220911,KBS,사회>사회갈등>전쟁,2022,EVENT,20220911,자포리자,원전 가동 중단,82.0
S00478,Q05,산업,화학공장 폭발,4102008.202406242,20240624,쿠키뉴스,범죄>범죄일반>방화,2024,OTHER,,,,
S00479,Q19,안보,노비촉,2100801.202307091,20230709,아시아경제,사회>사회갈등>대량학살,2023,OTHER,,,,
S00480,Q20,안보,북한 생화학무기,1500601.202409111,20240911,매일신문,범죄>범죄일반>방화,2024,OTHER,,,,
S00481,Q02,산업,암모니아 누출 사고,8200101.202606301,20260630,OBS,사고>스포츠사고,2026,EVENT,20260630,부천시 도당동,암모니아,635.0
S00482,Q21,비CBRN,폭발물 테러,1100751.202508191,20250819,아시아투데이,,2025,INST,,,,
S00483,Q01,산업,불산 누출,1400601.202606021,20260602,충청일보,사고>산업사고>폭발,2026,INST,,,,
S00484,Q05,산업,화학공장 폭발,8100101.20211215,20211215,KBS,사고>산업사고>폭발,2021,EVENT,20211215,여수시,폭발,12.0
S00485,Q07,산업,톨루엔 누출,1100611.202301261,20230126,서울신문,사고>교통사고>노상사고,2023,EVENT,20230126,여수시,톨루엔,121.0
S00486,Q20,안보,북한 생화학무기,8100401.202406011,20240601,YTN,,2024,OTHER,,,,
S00487,Q05,산업,화학공장 폭발,8100101.202112141,20211214,KBS,사고>산업사고>폭발,2021,EVENT,20211214,여수시,폭발,12.0
S00488,Q17,안보,더티밤,1100101.202307051,20230705,경향신문,사고>산업사고>원자력사고,2023,OTHER,,,,
S00489,Q23,비CBRN,드론 공격,2100351.202605151,20260515,이투데이,사고>산업사고>폭발,2026,EVENT,20260515,호르무즈 해협,드론 미사일 피격,608.0
S00490,Q10,산업,화학사고 대응,7100502.202203071,20220307,환경일보,,2022,INST,,,,
S00491,Q19,안보,노비촉,1101101.202602151,20260215,한국일보,범죄>범죄일반>살인,2026,EVENT,20240216,러시아,독극물 살해,275.0
S00492,Q04,산업,황산 유출 사고,8100401.202601211,20260121,YTN,,2026,EVENT,20260121,제주시 용담동,황산,563.0
S00493,Q24,비CBRN,총기 난사,2100051.202305071,20230507,대한경제,,2023,EVENT,20230506,텍사스 앨런,총기 난사,146.0
S00494,Q17,안보,더티밤,8100201.20221026,20221026,MBC,,2022,OTHER,,,,
S00495,Q15,안보,북한 핵실험,7100501.20230102,20230102,전자신문,,2023,IRRELEVANT,,,,
S00496,Q21,비CBRN,폭발물 테러,2100101.20250806,20250806,매일경제,,2025,EVENT,20250805,서울 중구,폭파 협박글,455.0
S00497,Q18,안보,백색가루 신고,2100501.202208281,20220828,파이낸셜뉴스,범죄>범죄일반>마약,2022,IRRELEVANT,,,,
S00498,Q15,안보,북한 핵실험,8100401.202210052,20221005,YTN,,2022,IRRELEVANT,,,,
S00499,Q30,비CBRN,원전 방사선 피폭,1500701.20230729,20230729,부산일보,사고>산업사고>붕괴,2023,OTHER,,,,
S00500,Q07,산업,톨루엔 누출,1100611.202302231,20230223,서울신문,사고>산업사고>폭발,2023,INST,,,,
S00501,Q28,비CBRN,다중이용시설 테러,4100078.202308161,20230816,뉴스핌,사회>사회갈등>테러행위,2023,EVENT,20230816,부산,폭탄테러 예고글,199.0
S00502,Q14,안보,탄저균 테러,4101008.202311011,20231101,이데일리,,2023,OTHER,,,,
S00503,Q26,비CBRN,폭발물 협박,8100401.202403202,20240320,YTN,사회>사회갈등>테러행위,2024,EVENT,20240320,서울 구로구,폭탄 테러 협박 메일,299.0
S00504,Q07,산업,톨루엔 누출,4100058.202301261,20230126,노컷뉴스,,2023,EVENT,20230126,여수시,톨루엔,121.0
S00505,Q16,안보,방사능 유출,1100501.202209071,20220907,문화일보,사고>산업사고>원자력사고,2022,OTHER,,,,
S00506,Q22,비CBRN,사제폭탄,8100301.202408222,20240822,SBS,사회>사회갈등>테러행위,2024,EVENT,20240822,광주,사제폭탄,349.0
S00507,Q30,비CBRN,원전 방사선 피폭,4400108.202307121,20230712,헬로디디,,2023,OTHER,,,,
S00508,Q23,비CBRN,드론 공격,8100401.202512141,20251214,YTN,사회>사회갈등>전쟁,2025,EVENT,20251214,오데사,미사일 공습,541.0
S00509,Q03,산업,염소 가스 누출,1200201.202308011,20230801,경인일보,사고>산업사고>폭발,2023,EVENT,20230731,인천 서구 석남동,저장탱크 폭발,171.0
S00510,Q09,산업,유독가스 누출 대피,8100401.202406241,20240624,YTN,범죄>범죄일반>방화,2024,EVENT,20240624,화성시,화재,328.0
S00511,Q15,안보,북한 핵실험,1100201.20211018,20211018,국민일보,사회>사회갈등>시위,2021,OTHER,,,,
S00512,Q11,안보,화학무기 사용,1100751.20220821,20220821,아시아투데이,,2022,OTHER,,,,
S00513,Q04,산업,황산 유출 사고,8100101.202508182,20250818,KBS,범죄>범죄일반>방화,2025,EVENT,20250818,정읍시,황산,470.0
S00514,Q26,비CBRN,폭발물 협박,1500701.20250806,20250806,부산일보,,2025,EVENT,20250805,서울 중구,폭파 협박글,455.0
S00515,Q11,안보,화학무기 사용,1100801.202506162,20250616,조선일보,,2025,OTHER,,,,
S00516,Q20,안보,북한 생화학무기,1100611.20240605,20240605,서울신문,,2024,OTHER,,,,
S00517,Q14,안보,탄저균 테러,1101101.202307281,20230728,한국일보,사회>사회갈등>테러행위,2023,OTHER,,,,
S00518,Q15,안보,북한 핵실험,2100701.20220622,20220622,헤럴드경제,사고>산업사고>폭발,2022,OTHER,,,,
S00519,Q30,비CBRN,원전 방사선 피폭,2100501.202410291,20241029,파이낸셜뉴스,,2024,OTHER,,,,
S00520,Q10,산업,화학사고 대응,1600451.202410181,20241018,남도일보,사고>교통사고>해상사고,2024,INST,,,,
S00521,Q02,산업,암모니아 누출 사고,1400501.202510141,20251014,중부일보,사고>산업사고>화재,2025,EVENT,20251014,오산시 부산동,암모니아,502.0
S00522,Q28,비CBRN,다중이용시설 테러,10100101.202408193,20240819,스포츠서울,사회>사회갈등>전쟁,2024,INST,,,,
S00523,Q08,산업,질산 누출,1300201.202211151,20221115,강원일보,,2022,INST,,,,
S00524,Q18,안보,백색가루 신고,10100301.20260128,20260128,스포츠한국,,2026,INST,,,,
S00525,Q10,산업,화학사고 대응,1100751.202206011,20220601,아시아투데이,사고>교통사고>해상사고,2022,INST,,,,
S00526,Q19,안보,노비촉,1100101.20220322,20220322,경향신문,,2022,OTHER,,,,
S00527,Q16,안보,방사능 유출,2100701.20260328,20260328,헤럴드경제,사회>사회갈등>전쟁,2026,EVENT,20260327,이란,핵시설 공습,587.0
S00528,Q08,산업,질산 누출,1100611.202407011,20240701,서울신문,,2024,EVENT,20240701,안동시 임동면,질산,337.0
S00529,Q03,산업,염소 가스 누출,4100608.20241115,20241115,브레이크뉴스,,2024,INST,,,,
S00530,Q12,안보,사린가스 공격,2100701.202304191,20230419,헤럴드경제,범죄>범죄일반>폭행,2023,OTHER,,,,
S00531,Q29,비CBRN,공항 폭발물 신고,2100801.202211261,20221126,아시아경제,,2022,EVENT,20221125,시카고,폭발물 허위신고,109.0
S00532,Q18,안보,백색가루 신고,4100058.20220613,20220613,노컷뉴스,,2022,IRRELEVANT,,,,
S00533,Q23,비CBRN,드론 공격,4100078.202604022,20260402,뉴스핌,사회>사회갈등>전쟁,2026,IRRELEVANT,,,,
S00534,Q04,산업,황산 유출 사고,1601001.202309191,20230919,전북도민일보,,2023,EVENT,20230919,군산시 오식도동,황산,231.0
S00535,Q29,비CBRN,공항 폭발물 신고,1101101.202304181,20230418,한국일보,,2023,EVENT,20230414,제주공항,폭발물 허위신고,136.0
S00536,Q29,비CBRN,공항 폭발물 신고,2100801.202205081,20220508,아시아경제,,2022,EVENT,20220506,블라디보스토크,폭발물 허위신고,44.0
S00537,Q01,산업,불산 누출,4100078.202309091,20230909,뉴스핌,,2023,EVENT,20230909,군산시 오식도동,질산 불산,229.0
S00538,Q23,비CBRN,드론 공격,1100901.202511061,20251106,중앙일보,,2025,IRRELEVANT,,,,
S00539,Q02,산업,암모니아 누출 사고,2100311.202205191,20220519,서울경제,,2022,EVENT,20220519,울산 남구,암모니아,47.0
S00540,Q20,안보,북한 생화학무기,2100501.202408271,20240827,파이낸셜뉴스,사회>사회갈등>전쟁,2024,OTHER,,,,
S00541,Q06,산업,유해화학물질 유출,7100502.202411041,20241104,환경일보,,2024,INST,,,,
S00542,Q23,비CBRN,드론 공격,2100201.202410141,20241014,머니투데이,범죄>범죄일반>절도,2024,OTHER,,,,
S00543,Q28,비CBRN,다중이용시설 테러,8100401.202503202,20250320,YTN,사고>산업사고>원자력사고,2025,INST,,,,
S00544,Q25,비CBRN,차량 돌진 테러,2100851.202603211,20260321,아주경제,,2026,OTHER,,,,
S00545,Q07,산업,톨루엔 누출,1100701.20220518,20220518,세계일보,,2022,INST,,,,
S00546,Q22,비CBRN,사제폭탄,2100501.202505141,20250514,파이낸셜뉴스,,2025,IRRELEVANT,,,,
S00547,Q27,비CBRN,테러 예고 글,1100611.202608111,20260811,서울신문,,2026,EVENT,20260810,인천 연수구,염산 테러 예고글,651.0
S00548,Q03,산업,염소 가스 누출,7100502.202209221,20220922,환경일보,사고>산업사고>폭발,2022,INST,,,,
S00549,Q08,산업,질산 누출,2100701.202309091,20230909,헤럴드경제,,2023,EVENT,20230909,군산시,질산 화합물,217.0
S00550,Q24,비CBRN,총기 난사,1500601.202210061,20221006,매일신문,,2022,EVENT,20221006,농부아람푸,총기 난사,97.0
S00551,Q23,비CBRN,드론 공격,4101008.202603041,20260304,이데일리,범죄>기업범죄>거래제한,2026,OTHER,,,,
S00552,Q08,산업,질산 누출,8100101.202507242,20250724,KBS,,2025,EVENT,20250724,전주시,질산,448.0
S00553,Q26,비CBRN,폭발물 협박,1500701.202110181,20211018,부산일보,,2021,EVENT,20211018,서울 영등포구,폭발물 설치 협박,3.0
S00554,Q26,비CBRN,폭발물 협박,1100101.202308171,20230817,경향신문,사회>사회갈등>테러행위,2023,EVENT,20230817,서울,폭파 협박 이메일,209.0
S00555,Q20,안보,북한 생화학무기,1100701.202401232,20240123,세계일보,,2024,OTHER,,,,
S00556,Q25,비CBRN,차량 돌진 테러,1101101.202308131,20230813,한국일보,사고>교통사고>노상사고,2023,REF,,,,
S00557,Q01,산업,불산 누출,1100801.202309091,20230909,조선일보,,2023,EVENT,20230909,군산시 소룡동,질산 불산,220.0
S00558,Q28,비CBRN,다중이용시설 테러,4100078.202508201,20250820,뉴스핌,사고>산업사고>화재,2025,INST,,,,
S00559,Q29,비CBRN,공항 폭발물 신고,1100701.202308071,20230807,세계일보,사회>사회갈등>테러행위,2023,EVENT,20230807,,공항 테러 예고글,190.0
S00560,Q20,안보,북한 생화학무기,2100201.20240804,20240804,머니투데이,,2024,IRRELEVANT,,,,
S00561,Q25,비CBRN,차량 돌진 테러,1100101.202308041,20230804,경향신문,범죄>범죄일반>살인,2023,EVENT,20230803,성남시 분당구,차량 돌진 흉기 난동,176.0
S00562,Q26,비CBRN,폭발물 협박,8100401.202403101,20240310,YTN,,2024,REF,,,,
S00563,Q01,산업,불산 누출,4100078.20240124,20240124,뉴스핌,,2024,REF,,,,
S00564,Q06,산업,유해화학물질 유출,7101201.202403271,20240327,디지털타임스,사고>산업사고>폭발,2024,INST,,,,
S00565,Q25,비CBRN,차량 돌진 테러,4100078.202308041,20230804,뉴스핌,,2023,EVENT,20230803,성남시 분당구,차량 돌진 흉기 난동,176.0
S00566,Q17,안보,더티밤,1100501.202210281,20221028,문화일보,,2022,IRRELEVANT,,,,
S00567,Q25,비CBRN,차량 돌진 테러,8100401.20241222,20241222,YTN,범죄>범죄일반>폭행,2024,EVENT,20241220,독일,차량 돌진,386.0
S00568,Q10,산업,화학사고 대응,1500701.202409261,20240926,부산일보,,2024,INST,,,,
S00569,Q14,안보,탄저균 테러,1400101.202604131,20260413,충청타임즈,,2026,INST,,,,
S00570,Q24,비CBRN,총기 난사,1100101.202512221,20251222,경향신문,범죄>범죄일반>방화,2025,OTHER,,,,
S00571,Q13,안보,생물테러,4101008.202512031,20251203,이데일리,,2025,INST,,,,
S00572,Q14,안보,탄저균 테러,4100078.20231101,20231101,뉴스핌,,2023,OTHER,,,,
S00573,Q08,산업,질산 누출,10100101.20260226,20260226,스포츠서울,사고>스포츠사고,2026,INST,,,,
S00574,Q18,안보,백색가루 신고,4100608.202310171,20231017,브레이크뉴스,,2023,INST,,,,
S00575,Q29,비CBRN,공항 폭발물 신고,1100801.202211261,20221126,조선일보,,2022,EVENT,20221125,시카고,폭발물 허위신고,109.0
S00576,Q26,비CBRN,폭발물 협박,8100401.20251016,20251016,YTN,,2025,EVENT,20251016,하남시,폭발물 설치 협박,503.0
S00577,Q30,비CBRN,원전 방사선 피폭,1100201.202307071,20230707,국민일보,사고>산업사고>원자력사고,2023,INST,,,,
S00578,Q09,산업,유독가스 누출 대피,2100311.202606011,20260601,서울경제,사고>산업사고>화재,2026,EVENT,20260601,청주시,화재 유독가스,625.0
S00579,Q28,비CBRN,다중이용시설 테러,1200101.202506181,20250618,경기일보,,2025,INST,,,,
S00580,Q28,비CBRN,다중이용시설 테러,1100501.2026082,20260820,문화일보,사고>산업사고>폭발,2026,INST,,,,
S00581,Q09,산업,유독가스 누출 대피,2100201.202202211,20220221,머니투데이,사고>산업사고>폭발,2022,IRRELEVANT,,,,
S00582,Q11,안보,화학무기 사용,2100351.202203131,20220313,이투데이,사회>사회갈등>전쟁,2022,IRRELEVANT,,,,
S00583,Q09,산업,유독가스 누출 대피,2100351.202307311,20230731,이투데이,사고>산업사고>화재,2023,OTHER,,,,
S00584,Q04,산업,황산 유출 사고,1400201.202607271,20260727,대전일보,,2026,EVENT,20260727,서천군,황산,647.0
S00585,Q03,산업,염소 가스 누출,4100058.202504281,20250428,노컷뉴스,,2025,EVENT,20250411,강릉시,염소가스,416.0
S00586,Q05,산업,화학공장 폭발,6100252.20240902,20240902,시사IN,사고>산업사고>폭발,2024,REF,,,,
S00587,Q14,안보,탄저균 테러,1400601.202510281,20251028,충청일보,,2025,INST,,,,
S00588,Q15,안보,북한 핵실험,2100801.20250612,20250612,아시아경제,,2025,IRRELEVANT,,,,
S00589,Q14,안보,탄저균 테러,2100861.202408292,20240829,브릿지경제,,2024,INST,,,,
S00590,Q02,산업,암모니아 누출 사고,1600451.202507011,20250701,남도일보,,2025,EVENT,20250701,여수시,암모니아,441.0
S00591,Q29,비CBRN,공항 폭발물 신고,4100058.202410161,20241016,노컷뉴스,,2024,EVENT,20241015,인도,폭탄 위협,373.0
S00592,Q21,비CBRN,폭발물 테러,7100502.202308071,20230807,환경일보,사회>사회갈등>테러행위,2023,INST,,,,
S00593,Q04,산업,황산 유출 사고,1100611.202209221,20220922,서울신문,사고>산업사고>폭발,2022,EVENT,20220922,여수시,유독가스,83.0
S00594,Q15,안보,북한 핵실험,2100101.202302221,20230222,매일경제,,2023,INST,,,,
S00595,Q27,비CBRN,테러 예고 글,2100601.20250912,20250912,한국경제,범죄>범죄일반>폭행,2025,IRRELEVANT,,,,
S00596,Q13,안보,생물테러,1601001.202306282,20230628,전북도민일보,,2023,INST,,,,
S00597,Q22,비CBRN,사제폭탄,2100101.202508171,20250817,매일경제,범죄>범죄일반>방화,2025,REF,,,,
S00598,Q17,안보,더티밤,8100201.20221027,20221027,MBC,,2022,INST,,,,
S00599,Q22,비CBRN,사제폭탄,2100601.202308181,20230818,한국경제,사회>사회갈등>테러행위,2023,OTHER,,,,
S00600,Q10,산업,화학사고 대응,1400351.202404242,20240424,중도일보,,2024,INST,,,,
S00601,Q26,비CBRN,폭발물 협박,10100401.202508152,20250815,스포츠월드,,2025,EVENT,20250815,안동시,폭발물 협박,468.0
S00602,Q16,안보,방사능 유출,1100611.20250624,20250624,서울신문,사회>사회갈등>전쟁,2025,IRRELEVANT,,,,
S00603,Q19,안보,노비촉,1100401.20240308,20240308,동아일보,사회>사회갈등>시위,2024,OTHER,,,,
S00604,Q16,안보,방사능 유출,1100401.20240923,20240923,동아일보,사고>산업사고>원자력사고,2024,REF,,,,
S00605,Q10,산업,화학사고 대응,4101008.202603271,20260327,이데일리,,2026,INST,,,,
S00606,Q19,안보,노비촉,1100901.20220306,20220306,중앙일보,,2022,OTHER,,,,
S00607,Q21,비CBRN,폭발물 테러,1501001.202607122,20260712,대구신문,,2026,INST,,,,
S00608,Q03,산업,염소 가스 누출,2100501.20251211,20251211,파이낸셜뉴스,,2025,INST,,,,
S00609,Q10,산업,화학사고 대응,1100301.202312041,20231204,내일신문,,2023,INST,,,,
S00610,Q21,비CBRN,폭발물 테러,1101001.202608211,20260821,한겨레,,2026,IRRELEVANT,,,,
S00611,Q29,비CBRN,공항 폭발물 신고,1100401.20230808,20230808,동아일보,범죄>범죄일반>살인,2023,INST,,,,
S00612,Q28,비CBRN,다중이용시설 테러,7100502.202408211,20240821,환경일보,범죄>범죄일반>절도,2024,INST,,,,
S00613,Q08,산업,질산 누출,1400501.202603191,20260319,중부일보,사고>산업사고>폭발,2026,EVENT,20260318,수원시,질산,584.0
S00614,Q08,산업,질산 누출,1601101.202211291,20221129,전북일보,,2022,INST,,,,
S00615,Q15,안보,북한 핵실험,1100101.202506112,20250611,경향신문,,2025,IRRELEVANT,,,,
S00616,Q15,안보,북한 핵실험,1100701.202305211,20230521,세계일보,,2023,OTHER,,,,
S00617,Q26,비CBRN,폭발물 협박,1100201.202510011,20251001,국민일보,범죄>범죄일반>살인,2025,INST,,,,
S00618,Q15,안보,북한 핵실험,1100611.20221003,20221003,서울신문,사회>사회갈등>시위,2022,EVENT,20221001,동해,탄도미사일,94.0
S00619,Q01,산업,불산 누출,1100611.20240625,20240625,서울신문,사고>산업사고>폭발,2024,EVENT,20240624,화성시,리튬전지 화재,336.0
S00620,Q03,산업,염소 가스 누출,2100701.202411141,20241114,헤럴드경제,,2024,INST,,,,
S00621,Q17,안보,더티밤,2100501.20221027,20221027,파이낸셜뉴스,사회>사회갈등>시위,2022,INST,,,,
S00622,Q22,비CBRN,사제폭탄,1100401.202309022,20230902,동아일보,사고>산업사고>붕괴,2023,IRRELEVANT,,,,
S00623,Q29,비CBRN,공항 폭발물 신고,1200301.202405231,20240523,기호일보,,2024,EVENT,20240523,인천시,백색가루,311.0
S00624,Q23,비CBRN,드론 공격,1501001.202603162,20260316,대구신문,,2026,IRRELEVANT,,,,
S00625,Q16,안보,방사능 유출,8100201.202202252,20220225,MBC,사회>사회갈등>전쟁,2022,EVENT,20220225,우크라이나 키예프,군사침공,16.0
S00626,Q13,안보,생물테러,2100861.20241225,20241225,브릿지경제,,2024,OTHER,,,,
S00627,Q27,비CBRN,테러 예고 글,2100201.202311241,20231124,머니투데이,범죄>범죄일반>살인,2023,INST,,,,
S00628,Q04,산업,황산 유출 사고,2100311.202204221,20220422,서울경제,,2022,EVENT,20220422,여수시,황산,39.0
S00629,Q03,산업,염소 가스 누출,1200401.202512172,20251217,인천일보,,2025,EVENT,20251217,수원시,염소가스,547.0
S00630,Q22,비CBRN,사제폭탄,7101201.202502261,20250226,디지털타임스,범죄>범죄일반>폭행,2025,IRRELEVANT,,,,
S00631,Q04,산업,황산 유출 사고,6100252.20240415,20240415,시사IN,사회>사회갈등>시위,2024,OTHER,,,,
S00632,Q24,비CBRN,총기 난사,2100801.20221124,20221124,아시아경제,범죄>범죄일반>폭행,2022,EVENT,20221122,미국 체서피크,총기난사,108.0
S00633,Q11,안보,화학무기 사용,1100801.20221008,20221008,조선일보,,2022,IRRELEVANT,,,,
S00634,Q21,비CBRN,폭발물 테러,2100201.202503101,20250310,머니투데이,범죄>범죄일반>폭행,2025,INST,,,,
S00635,Q07,산업,톨루엔 누출,1100101.202209131,20220913,경향신문,범죄>범죄일반>방화,2022,OTHER,,,,
S00636,Q15,안보,북한 핵실험,2100601.202409231,20240923,한국경제,사고>산업사고>화재,2024,OTHER,,,,
S00637,Q08,산업,질산 누출,1700401.202211151,20221115,제주일보,,2022,EVENT,20221114,제주시 한림읍,질산,107.0
S00638,Q20,안보,북한 생화학무기,2100311.2025043,20250430,서울경제,사회>사회갈등>전쟁,2025,IRRELEVANT,,,,
S00639,Q18,안보,백색가루 신고,4100608.202411021,20241102,브레이크뉴스,,2024,INST,,,,
S00640,Q08,산업,질산 누출,1601101.202309101,20230910,전북일보,,2023,EVENT,20230909,군산시,질산,221.0
S00641,Q20,안보,북한 생화학무기,1100611.202212271,20221227,서울신문,사고>교통사고>항공사고,2022,IRRELEVANT,,,,
S00642,Q13,안보,생물테러,1700201.20260324,20260324,한라일보,,2026,IRRELEVANT,,,,
S00643,Q17,안보,더티밤,8100401.202210281,20221028,YTN,,2022,OTHER,,,,
S00644,Q09,산업,유독가스 누출 대피,4101008.202403271,20240327,이데일리,사고>산업사고>폭발,2024,INST,,,,
S00645,Q26,비CBRN,폭발물 협박,8100401.202508181,20250818,YTN,범죄>범죄일반>방화,2025,REF,,,,
S00646,Q30,비CBRN,원전 방사선 피폭,1100701.202302091,20230209,세계일보,,2023,INST,,,,
S00647,Q21,비CBRN,폭발물 테러,8100401.202304161,20230416,YTN,사고>산업사고>폭발,2023,EVENT,20230415,일본 와카야마,폭발물,138.0
S00648,Q01,산업,불산 누출,1400201.202201042,20220104,대전일보,,2022,OTHER,,,,
S00649,Q28,비CBRN,다중이용시설 테러,2100801.202407121,20240712,아시아경제,범죄>범죄일반>마약,2024,INST,,,,
S00650,Q24,비CBRN,총기 난사,2100201.202405021,20240502,머니투데이,,2024,INST,,,,
S00651,Q28,비CBRN,다중이용시설 테러,2100701.202608201,20260820,헤럴드경제,사고>산업사고>폭발,2026,INST,,,,
S00652,Q22,비CBRN,사제폭탄,1100401.202408222,20240822,동아일보,범죄>범죄일반>방화,2024,EVENT,20240822,광주시 서구,사제폭발물,350.0
S00653,Q19,안보,노비촉,1100401.202203221,20220322,동아일보,사회>사회갈등>전쟁,2022,OTHER,,,,
S00654,Q08,산업,질산 누출,2100351.202402061,20240206,이투데이,,2024,EVENT,20240206,인천시 동구,유해가스,269.0
S00655,Q27,비CBRN,테러 예고 글,1200101.20250814,20250814,경기일보,사회>사회갈등>테러행위,2025,OTHER,,,,
S00656,Q15,안보,북한 핵실험,8100201.20220923,20220923,MBC,범죄>기업범죄>횡령,2022,IRRELEVANT,,,,
S00657,Q09,산업,유독가스 누출 대피,2100851.202406021,20240602,아주경제,범죄>기업범죄>반독점범죄,2024,IRRELEVANT,,,,
S00658,Q22,비CBRN,사제폭탄,1100611.202502051,20250205,서울신문,사회>사회갈등>테러행위,2025,OTHER,,,,
S00659,Q03,산업,염소 가스 누출,8100401.20240319,20240319,YTN,,2024,EVENT,20240319,의정부시,염소가스,297.0
S00660,Q05,산업,화학공장 폭발,8100401.202406242,20240624,YTN,범죄>범죄일반>방화,2024,EVENT,20240624,화성시,리튬전지 화재,336.0
S00661,Q05,산업,화학공장 폭발,2100601.202307071,20230707,한국경제,사고>산업사고>폭발,2023,INST,,,,
S00662,Q24,비CBRN,총기 난사,1100901.20240129,20240129,중앙일보,,2024,IRRELEVANT,,,,
S00663,Q30,비CBRN,원전 방사선 피폭,2100801.202506261,20250626,아시아경제,,2025,OTHER,,,,
S00664,Q21,비CBRN,폭발물 테러,7100501.202607011,20260701,전자신문,범죄>범죄일반>살인,2026,EVENT,20260629,모나코,폭발물,634.0
S00665,Q12,안보,사린가스 공격,1100611.20231015,20231015,서울신문,,2023,IRRELEVANT,,,,
S00666,Q24,비CBRN,총기 난사,1100101.20211205,20211205,경향신문,범죄>범죄일반>살인,2021,EVENT,20211130,미국 미시간,총기난사,10.0
S00667,Q23,비CBRN,드론 공격,2100801.202305212,20230521,아시아경제,,2023,IRRELEVANT,,,,
S00668,Q27,비CBRN,테러 예고 글,1100401.202308231,20230823,동아일보,범죄>범죄일반>살인,2023,EVENT,20230821,서울시,살인예고 글,214.0
S00669,Q03,산업,염소 가스 누출,1200201.202206241,20220624,경인일보,사고>스포츠사고,2022,INST,,,,
S00670,Q05,산업,화학공장 폭발,1100901.202202141,20220214,중앙일보,사고>산업사고>폭발,2022,EVENT,20220214,여수시,폭발,14.0
S00671,Q02,산업,암모니아 누출 사고,1100901.202606301,20260630,중앙일보,사고>스포츠사고,2026,EVENT,20260630,부천시,암모니아,636.0
S00672,Q07,산업,톨루엔 누출,1100101.202209011,20220901,경향신문,사고>산업사고>폭발,2022,OTHER,,,,
S00673,Q19,안보,노비촉,1100501.20240308,20240308,문화일보,,2024,OTHER,,,,
S00674,Q27,비CBRN,테러 예고 글,2100601.202307261,20230726,한국경제,범죄>범죄일반>살인,2023,EVENT,20230724,서울시 관악구,테러예고 글,165.0
S00675,Q24,비CBRN,총기 난사,1100701.202208251,20220825,세계일보,범죄>범죄일반>폭행,2022,IRRELEVANT,,,,
S00676,Q02,산업,암모니아 누출 사고,8100101.202207051,20220705,KBS,,2022,OTHER,,,,
S00677,Q07,산업,톨루엔 누출,1100801.202305042,20230504,조선일보,,2023,IRRELEVANT,,,,
S00678,Q13,안보,생물테러,1400801.202212011,20221201,금강일보,,2022,INST,,,,
S00679,Q08,산업,질산 누출,1100101.202402061,20240206,경향신문,,2024,EVENT,20240206,인천시 동구,유해가스,269.0
S00680,Q26,비CBRN,폭발물 협박,2100201.20250827,20250827,머니투데이,사회>사회갈등>테러행위,2025,OTHER,,,,
S00681,Q09,산업,유독가스 누출 대피,2100601.202606011,20260601,한국경제,사고>산업사고>화재,2026,EVENT,20260601,청주시,불소 화재,622.0
S00682,Q26,비CBRN,폭발물 협박,4100058.202508271,20250827,노컷뉴스,,2025,EVENT,20250827,서울시,폭파 협박,474.0
S00683,Q13,안보,생물테러,2100861.202512161,20251216,브릿지경제,,2025,OTHER,,,,
S00684,Q09,산업,유독가스 누출 대피,1200201.202509101,20250910,경인일보,,2025,EVENT,20250909,인천시 미추홀구,화학물질 누출,487.0
S00685,Q10,산업,화학사고 대응,1400801.202209011,20220901,금강일보,,2022,IRRELEVANT,,,,
S00686,Q01,산업,불산 누출,4100158.202606021,20260602,데일리안,사고>산업사고>폭발,2026,EVENT,20260602,대전시 유성구,폭발,631.0
S00687,Q28,비CBRN,다중이용시설 테러,1400601.202412231,20241223,충청일보,사고>산업사고>화재,2024,INST,,,,
S00688,Q23,비CBRN,드론 공격,1100701.202408211,20240821,세계일보,사고>산업사고>화재,2024,INST,,,,
S00689,Q25,비CBRN,차량 돌진 테러,1100701.2026031,20260310,세계일보,,2026,INST,,,,
S00690,Q15,안보,북한 핵실험,1100501.202207141,20220714,문화일보,,2022,INST,,,,
S00691,Q06,산업,유해화학물질 유출,1400801.20220816,20220816,금강일보,,2022,INST,,,,
S00692,Q26,비CBRN,폭발물 협박,1600801.202607052,20260705,전남일보,,2026,IRRELEVANT,,,,
S00693,Q28,비CBRN,다중이용시설 테러,1400201.202305141,20230514,대전일보,,2023,INST,,,,
S00694,Q21,비CBRN,폭발물 테러,4101008.202509262,20250926,이데일리,사회>사회문제>미성년범죄,2025,EVENT,20250926,용인시,폭파 협박,494.0
S00695,Q29,비CBRN,공항 폭발물 신고,1500601.202505151,20250515,매일신문,,2025,EVENT,20250514,광주시 남구,총기 오인신고,422.0
S00696,Q08,산업,질산 누출,8100101.202212021,20221202,KBS,,2022,EVENT,20221202,여수시,질산,113.0
S00697,Q19,안보,노비촉,4100608.20250226,20250226,브레이크뉴스,,2025,OTHER,,,,
S00698,Q01,산업,불산 누출,2100501.202511211,20251121,파이낸셜뉴스,,2025,EVENT,20251121,포항시,안전사고,528.0
S00699,Q11,안보,화학무기 사용,8100401.20220325,20220325,YTN,,2022,OTHER,,,,
S00700,Q08,산업,질산 누출,5520352.202112111,20211211,당진시대,,2021,OTHER,,,,
S00701,Q10,산업,화학사고 대응,1200101.202404091,20240409,경기일보,,2024,INST,,,,
S00702,Q02,산업,암모니아 누출 사고,1200101.202608211,20260821,경기일보,,2026,EVENT,20260821,서울시 영등포구,암모니아,658.0
S00703,Q16,안보,방사능 유출,1100201.20230202,20230202,국민일보,사고>산업사고>원자력사고,2023,OTHER,,,,
S00704,Q18,안보,백색가루 신고,4100078.202303161,20230316,뉴스핌,,2023,INST,,,,
S00705,Q26,비CBRN,폭발물 협박,1100101.202512022,20251202,경향신문,,2025,EVENT,20251201,평창군,폭파 협박,534.0
S00706,Q13,안보,생물테러,1500701.202509231,20250923,부산일보,,2025,INST,,,,
S00707,Q28,비CBRN,다중이용시설 테러,1501101.202408211,20240821,경북도민일보,사고>산업사고>화재,2024,INST,,,,
S00708,Q10,산업,화학사고 대응,4100078.202407041,20240704,뉴스핌,사고>산업사고>화재,2024,INST,,,,
S00709,Q27,비CBRN,테러 예고 글,7100251.202501211,20250121,미디어오늘,범죄>범죄일반>폭행,2025,IRRELEVANT,,,,
S00710,Q13,안보,생물테러,2100201.202312061,20231206,머니투데이,,2023,IRRELEVANT,,,,
S00711,Q30,비CBRN,원전 방사선 피폭,1300201.202308031,20230803,강원일보,,2023,OTHER,,,,
S00712,Q09,산업,유독가스 누출 대피,1200201.202402011,20240201,경인일보,사고>산업사고>화재,2024,OTHER,,,,
S00713,Q21,비CBRN,폭발물 테러,1100801.20250818,20250818,조선일보,사회>사회갈등>테러행위,2025,REF,,,,
S00714,Q03,산업,염소 가스 누출,1200201.202608121,20260812,경인일보,,2026,EVENT,20260812,수원시 영통구,염소가스,653.0
S00715,Q21,비CBRN,폭발물 테러,8100101.20240821,20240821,KBS,사회>사회갈등>테러행위,2024,INST,,,,
S00716,Q23,비CBRN,드론 공격,2100201.202408121,20240812,머니투데이,,2024,OTHER,,,,
S00717,Q22,비CBRN,사제폭탄,1100501.202407202,20240720,문화일보,사회>사회갈등>대량학살,2024,EVENT,20240713,미국 펜실베이니아,총격,339.0
S00718,Q03,산업,염소 가스 누출,1200301.202209221,20220922,기호일보,,2022,INST,,,,
S00719,Q25,비CBRN,차량 돌진 테러,2100701.202412232,20241223,헤럴드경제,범죄>범죄일반>살인,2024,OTHER,,,,
S00720,Q26,비CBRN,폭발물 협박,1100701.202408081,20240808,세계일보,사회>사회갈등>테러행위,2024,EVENT,20240808,서울시,폭파 협박,345.0
S00721,Q25,비CBRN,차량 돌진 테러,8100101.20260224,20260224,KBS,,2026,EVENT,20260224,멕시코 할리스코주,보복 테러,575.0
S00722,Q03,산업,염소 가스 누출,4100078.202311221,20231122,뉴스핌,,2023,IRRELEVANT,,,,
S00723,Q18,안보,백색가루 신고,1500101.202303222,20230322,경남일보,사고>교통사고>항공사고,2023,INST,,,,
S00724,Q29,비CBRN,공항 폭발물 신고,1100901.20221126,20221126,중앙일보,,2022,EVENT,20221125,미국 시카고,폭탄 허위발언,110.0
S00725,Q26,비CBRN,폭발물 협박,4101008.202601061,20260106,이데일리,,2026,EVENT,20260106,청주시,폭파 협박 글,561.0
S00726,Q30,비CBRN,원전 방사선 피폭,1500901.202602111,20260211,울산매일,,2026,OTHER,,,,
S00727,Q02,산업,암모니아 누출 사고,2100701.2025083,20250830,헤럴드경제,사고>산업사고>폭발,2025,EVENT,20250830,대전시,화학물질 유출,481.0
S00728,Q15,안보,북한 핵실험,4100058.20221114,20221114,노컷뉴스,,2022,OTHER,,,,
S00729,Q03,산업,염소 가스 누출,1200201.202510011,20251001,경인일보,,2025,EVENT,20250827,인천시,약품가스,477.0
S00730,Q11,안보,화학무기 사용,8100401.202204072,20220407,YTN,,2022,INST,,,,
S00731,Q04,산업,황산 유출 사고,2100501.202406131,20240613,파이낸셜뉴스,사고>산업사고>폭발,2024,EVENT,20240613,부산시 사상구,폭발,317.0
S00732,Q26,비CBRN,폭발물 협박,1500701.202508082,20250808,부산일보,사회>사회문제>미성년범죄,2025,EVENT,20250808,서울시 종로구,폭탄 협박 글,461.0
S00733,Q06,산업,유해화학물질 유출,1501001.202503102,20250310,대구신문,,2025,EVENT,20250308,대구시 서구,가성소다 폐수,407.0
S00734,Q19,안보,노비촉,1100801.202404122,20240412,조선일보,사회>사회갈등>시위,2024,OTHER,,,,
S00735,Q10,산업,화학사고 대응,1500901.202406262,20240626,울산매일,,2024,INST,,,,
S00736,Q02,산업,암모니아 누출 사고,4100078.202608211,20260821,뉴스핌,,2026,EVENT,20260821,서울시 영등포구,암모니아,658.0
S00737,Q26,비CBRN,폭발물 협박,2100801.202205081,20220508,아시아경제,,2022,EVENT,20220506,러시아 블라디보스토크,폭발물 협박,43.0
S00738,Q09,산업,유독가스 누출 대피,8100201.202405292,20240529,MBC,,2024,REF,,,,
S00739,Q06,산업,유해화학물질 유출,1400601.202601081,20260108,충청일보,사고>산업사고>화재,2026,INST,,,,
S00740,Q20,안보,북한 생화학무기,2100501.202409191,20240919,파이낸셜뉴스,사고>산업사고>화재,2024,INST,,,,
S00741,Q06,산업,유해화학물질 유출,1601001.202403212,20240321,전북도민일보,사고>산업사고>폭발,2024,INST,,,,
S00742,Q11,안보,화학무기 사용,8100401.20220416,20220416,YTN,,2022,OTHER,,,,
S00743,Q16,안보,방사능 유출,8100401.20230829,20230829,YTN,범죄>정치>뇌물수수,2023,OTHER,,,,
S00744,Q07,산업,톨루엔 누출,1620001.202301261,20230126,광남일보,사고>교통사고>노상사고,2023,EVENT,20230126,여수시,톨루엔,121.0
S00745,Q20,안보,북한 생화학무기,2100311.202301251,20230125,서울경제,,2023,IRRELEVANT,,,,
S00746,Q02,산업,암모니아 누출 사고,4100078.202510141,20251014,뉴스핌,사고>스포츠사고,2025,EVENT,20251014,오산시,암모니아,501.0
S00747,Q28,비CBRN,다중이용시설 테러,2100851.202308061,20230806,아주경제,범죄>범죄일반>살인,2023,INST,,,,
S00748,Q16,안보,방사능 유출,2100101.202307121,20230712,매일경제,사고>산업사고>원자력사고,2023,IRRELEVANT,,,,
S00749,Q24,비CBRN,총기 난사,4100078.202205271,20220527,뉴스핌,,2022,OTHER,,,,
S00750,Q30,비CBRN,원전 방사선 피폭,8200101.202208092,20220809,OBS,사고>산업사고>폭발,2022,EVENT,20220809,우크라이나 자포리자,포격,68.0
S00751,Q29,비CBRN,공항 폭발물 신고,4100958.202509021,20250902,EBN,,2025,EVENT,20250902,서울시 중구,폭파 협박 글,482.0
S00752,Q14,안보,탄저균 테러,2100201.20231101,20231101,머니투데이,,2023,OTHER,,,,
S00753,Q28,비CBRN,다중이용시설 테러,1500201.202508071,20250807,경북일보,,2025,INST,,,,
S00754,Q25,비CBRN,차량 돌진 테러,8100401.20250102,20250102,YTN,,2025,EVENT,20250101,미국 뉴올리언스,차량 돌진,390.0
S00755,Q02,산업,암모니아 누출 사고,4100078.202207111,20220711,뉴스핌,,2022,EVENT,20220711,부산시 사하구,암모니아,63.0
S00756,Q03,산업,염소 가스 누출,8100101.202602222,20260222,KBS,,2026,INST,,,,
S00757,Q30,비CBRN,원전 방사선 피폭,8100401.202310312,20231031,YTN,사고>산업사고>원자력사고,2023,EVENT,20231025,일본 후쿠시마,오염수 피폭,241.0
S00758,Q28,비CBRN,다중이용시설 테러,1600451.202608191,20260819,남도일보,,2026,INST,,,,
S00759,Q21,비CBRN,폭발물 테러,1500701.202508241,20250824,부산일보,,2025,INST,,,,
S00760,Q27,비CBRN,테러 예고 글,1100101.202308011,20230801,경향신문,범죄>성범죄>성폭행,2023,OTHER,,,,
S00761,Q02,산업,암모니아 누출 사고,1400201.202210261,20221026,대전일보,,2022,INST,,,,
S00762,Q03,산업,염소 가스 누출,4100158.202506291,20250629,데일리안,,2025,INST,,,,
S00763,Q11,안보,화학무기 사용,1101101.20220325,20220325,한국일보,,2022,OTHER,,,,
S00764,Q24,비CBRN,총기 난사,1101001.202311191,20231119,한겨레,범죄>범죄일반>폭행,2023,IRRELEVANT,,,,
S00765,Q18,안보,백색가루 신고,2100851.202303161,20230316,아주경제,,2023,INST,,,,
S00766,Q03,산업,염소 가스 누출,2100861.20251212,20251212,브릿지경제,,2025,INST,,,,
S00767,Q30,비CBRN,원전 방사선 피폭,2100501.202510161,20251016,파이낸셜뉴스,사고>산업사고>원자력사고,2025,INST,,,,
S00768,Q22,비CBRN,사제폭탄,8100401.202507221,20250722,YTN,범죄>범죄일반>살인,2025,OTHER,,,,
S00769,Q01,산업,불산 누출,4100608.20220819,20220819,브레이크뉴스,,2022,IRRELEVANT,,,,
S00770,Q13,안보,생물테러,1101101.202208011,20220801,한국일보,사고>교통사고>항공사고,2022,IRRELEVANT,,,,
S00771,Q21,비CBRN,폭발물 테러,1100611.202412021,20241202,서울신문,사고>산업사고>폭발,2024,INST,,,,
S00772,Q23,비CBRN,드론 공격,2100701.202607211,20260721,헤럴드경제,사회>사회갈등>전쟁,2026,OTHER,,,,
S00773,Q05,산업,화학공장 폭발,1601101.202205301,20220530,전북일보,사고>산업사고>폭발,2022,EVENT,20220530,군산시,가스 유출,52.0
S00774,Q27,비CBRN,테러 예고 글,2100311.202411071,20241107,서울경제,사회>사회갈등>테러행위,2024,EVENT,20241106,고양시,테러예고 글,377.0
S00775,Q09,산업,유독가스 누출 대피,1600801.202406191,20240619,전남일보,,2024,INST,,,,
S00776,Q04,산업,황산 유출 사고,1500701.202308031,20230803,부산일보,사고>교통사고>노상사고,2023,EVENT,20230803,함안군,황산,174.0
S00777,Q24,비CBRN,총기 난사,8100401.202406242,20240624,YTN,범죄>범죄일반>방화,2024,EVENT,20240623,러시아 다게스탄,총기난사,325.0
S00778,Q11,안보,화학무기 사용,1100611.202204211,20220421,서울신문,사고>산업사고>폭발,2022,IRRELEVANT,,,,
S00779,Q17,안보,더티밤,1100901.202210281,20221028,중앙일보,,2022,OTHER,,,,
S00780,Q19,안보,노비촉,1100401.202410131,20241013,동아일보,,2024,OTHER,,,,
S00781,Q01,산업,불산 누출,2100601.202203081,20220308,한국경제,,2022,OTHER,,,,
S00782,Q08,산업,질산 누출,1100101.20250403,20250403,경향신문,,2025,INST,,,,
S00783,Q10,산업,화학사고 대응,1100751.202601291,20260129,아시아투데이,,2026,INST,,,,
S00784,Q22,비CBRN,사제폭탄,4102008.202311301,20231130,쿠키뉴스,,2023,EVENT,20231129,서울시 서대문구,폭발물 신고,255.0
S00785,Q20,안보,북한 생화학무기,2100311.202406032,20240603,서울경제,,2024,OTHER,,,,
S00786,Q20,안보,북한 생화학무기,2100701.202206291,20220629,헤럴드경제,,2022,IRRELEVANT,,,,
S00787,Q01,산업,불산 누출,8100401.202406242,20240624,YTN,사고>산업사고>폭발,2024,OTHER,,,,
S00788,Q13,안보,생물테러,1400401.202410211,20241021,중부매일,,2024,INST,,,,
S00789,Q23,비CBRN,드론 공격,1100611.202411071,20241107,서울신문,범죄>범죄일반>절도,2024,OTHER,,,,
S00790,Q02,산업,암모니아 누출 사고,1100701.202602261,20260226,세계일보,사고>스포츠사고,2026,INST,,,,
S00791,Q02,산업,암모니아 누출 사고,1200201.20211027,20211027,경인일보,사고>산업사고>화재,2021,EVENT,20211026,부천시 도당동,암모니아,5.0
S00792,Q28,비CBRN,다중이용시설 테러,1400401.202509111,20250911,중부매일,,2025,INST,,,,
S00793,Q16,안보,방사능 유출,1100901.202411011,20241101,중앙일보,사고>산업사고>화재,2024,IRRELEVANT,,,,
S00794,Q28,비CBRN,다중이용시설 테러,2100051.202403141,20240314,대한경제,사회>사회갈등>테러행위,2024,INST,,,,
S00795,Q12,안보,사린가스 공격,1100101.20241216,20241216,경향신문,사회>사회갈등>전쟁,2024,REF,,,,
S00796,Q10,산업,화학사고 대응,1100701.202602261,20260226,세계일보,사고>스포츠사고,2026,INST,,,,
S00797,Q01,산업,불산 누출,2100201.202309091,20230909,머니투데이,,2023,EVENT,20230909,군산시,질산 불산,218.0
S00798,Q22,비CBRN,사제폭탄,1100801.202308181,20230818,조선일보,사회>사회갈등>테러행위,2023,OTHER,,,,
S00799,Q14,안보,탄저균 테러,2100701.202512101,20251210,헤럴드경제,,2025,OTHER,,,,
S00800,Q16,안보,방사능 유출,8100101.202302082,20230208,KBS,,2023,OTHER,,,,
S00801,Q02,산업,암모니아 누출 사고,1100501.202307251,20230725,문화일보,,2023,EVENT,20230725,울산시 남구,암모니아,168.0
S00802,Q15,안보,북한 핵실험,1100901.2021123,20211230,중앙일보,,2021,IRRELEVANT,,,,
S00803,Q19,안보,노비촉,2100701.202306051,20230605,헤럴드경제,범죄>범죄일반>사기,2023,OTHER,,,,
S00804,Q28,비CBRN,다중이용시설 테러,1200401.202506181,20250618,인천일보,,2025,INST,,,,
S00805,Q19,안보,노비촉,2100601.202403071,20240307,한국경제,,2024,OTHER,,,,
S00806,Q04,산업,황산 유출 사고,8100101.202308031,20230803,KBS,,2023,EVENT,20230803,창원시,황산,175.0
S00807,Q24,비CBRN,총기 난사,2100601.202208232,20220823,한국경제,범죄>범죄일반>폭행,2022,EVENT,20220823,미국 플로리다,총기난사,76.0
S00808,Q15,안보,북한 핵실험,1100701.202305261,20230526,세계일보,,2023,IRRELEVANT,,,,
S00809,Q10,산업,화학사고 대응,2100851.202411271,20241127,아주경제,사고>교통사고>해상사고,2024,IRRELEVANT,,,,
S00810,Q04,산업,황산 유출 사고,1501201.202509241,20250924,경북매일신문,,2025,EVENT,20250924,포항시 북구,황산,493.0
S00811,Q28,비CBRN,다중이용시설 테러,2100501.202408231,20240823,파이낸셜뉴스,,2024,INST,,,,
S00812,Q27,비CBRN,테러 예고 글,1500801.20230809,20230809,영남일보,범죄>범죄일반>살인,2023,INST,,,,
S00813,Q29,비CBRN,공항 폭발물 신고,1100701.20260417,20260417,세계일보,범죄>범죄일반>마약,2026,EVENT,20260416,인천시,백색가루,594.0
S00814,Q10,산업,화학사고 대응,2100801.202309251,20230925,아시아경제,,2023,INST,,,,
S00815,Q14,안보,탄저균 테러,2100101.202504081,20250408,매일경제,,2025,OTHER,,,,
S00816,Q22,비CBRN,사제폭탄,1100901.202407161,20240716,중앙일보,범죄>범죄일반>폭행,2024,INST,,,,
S00817,Q16,안보,방사능 유출,1500601.202511051,20251105,매일신문,사고>산업사고>폭발,2025,IRRELEVANT,,,,
S00818,Q27,비CBRN,테러 예고 글,1500701.202608211,20260821,부산일보,,2026,IRRELEVANT,,,,
S00819,Q13,안보,생물테러,1100101.202502111,20250211,경향신문,,2025,INST,,,,
S00820,Q22,비CBRN,사제폭탄,1100501.202505141,20250514,문화일보,,2025,OTHER,,,,
S00821,Q15,안보,북한 핵실험,1100901.202303231,20230323,중앙일보,,2023,OTHER,,,,
S00822,Q24,비CBRN,총기 난사,1100201.202206031,20220603,국민일보,,2022,INST,,,,
S00823,Q30,비CBRN,원전 방사선 피폭,4104008.202410311,20241031,프레시안,사고>산업사고>원자력사고,2024,INST,,,,
S00824,Q16,안보,방사능 유출,1100801.20220908,20220908,조선일보,사고>산업사고>원자력사고,2022,OTHER,,,,
S00825,Q24,비CBRN,총기 난사,1100611.202305041,20230504,서울신문,범죄>범죄일반>살인,2023,EVENT,20230503,세르비아 베오그라드,총기난사,143.0
S00826,Q11,안보,화학무기 사용,1100611.20230914,20230914,서울신문,,2023,IRRELEVANT,,,,
S00827,Q05,산업,화학공장 폭발,7101201.202112131,20211213,디지털타임스,사고>산업사고>폭발,2021,EVENT,20211213,여수시,폭발,12.0
S00828,Q29,비CBRN,공항 폭발물 신고,8100101.202308232,20230823,KBS,사고>산업사고>화재,2023,EVENT,20230823,러시아 모스크바,드론 공격,215.0
S00829,Q04,산업,황산 유출 사고,1500201.202410251,20241025,경북일보,,2024,EVENT,20241024,포항시 북구,황산,374.0
S00830,Q21,비CBRN,폭발물 테러,4100058.202307311,20230731,노컷뉴스,사고>교통사고>항공사고,2023,INST,,,,
S00831,Q04,산업,황산 유출 사고,8100101.202308032,20230803,KBS,,2023,EVENT,20230803,창원시,황산,175.0
S00832,Q22,비CBRN,사제폭탄,2100601.202306112,20230611,한국경제,사회>사회갈등>테러행위,2023,OTHER,,,,
S00833,Q04,산업,황산 유출 사고,1100701.202308031,20230803,세계일보,,2023,EVENT,20230803,창원시 의창구,황산,173.0
S00834,Q22,비CBRN,사제폭탄,2100201.20250728,20250728,머니투데이,범죄>기업범죄>거래제한,2025,OTHER,,,,
S00835,Q22,비CBRN,사제폭탄,4100158.202511242,20251124,데일리안,,2025,EVENT,20251124,서울시 노원구,폭탄 협박,531.0
S00836,Q22,비CBRN,사제폭탄,2100601.202508171,20250817,한국경제,범죄>범죄일반>방화,2025,REF,,,,
S00837,Q16,안보,방사능 유출,1101101.20220912,20220912,한국일보,사고>산업사고>폭발,2022,EVENT,20220911,우크라이나 자포리자,원전 가동중단,81.0
S00838,Q07,산업,톨루엔 누출,8100101.20220615,20220615,KBS,사고>산업사고>화재,2022,IRRELEVANT,,,,
S00839,Q01,산업,불산 누출,8100201.202511052,20251105,MBC,,2025,EVENT,20251105,포항시,가스 누출,520.0
S00840,Q23,비CBRN,드론 공격,8100401.202604031,20260403,YTN,범죄>기업범죄>내부자거래,2026,OTHER,,,,
S00841,Q03,산업,염소 가스 누출,4100058.202306151,20230615,노컷뉴스,,2023,OTHER,,,,
S00842,Q15,안보,북한 핵실험,4100158.202206081,20220608,데일리안,,2022,OTHER,,,,
S00843,Q07,산업,톨루엔 누출,1100801.202604171,20260417,조선일보,,2026,EVENT,20260417,오산시,화학물질 누출,596.0
S00844,Q14,안보,탄저균 테러,4100608.20231012,20231012,브레이크뉴스,,2023,INST,,,,
S00845,Q27,비CBRN,테러 예고 글,1100701.202308041,20230804,세계일보,사회>사회문제>미성년범죄,2023,INST,,,,
S00846,Q11,안보,화학무기 사용,1100901.202204141,20220414,중앙일보,,2022,IRRELEVANT,,,,
S00847,Q18,안보,백색가루 신고,1500201.202609031,20260903,경북일보,,2026,INST,,,,
S00848,Q07,산업,톨루엔 누출,1400501.202604171,20260417,중부일보,,2026,EVENT,20260417,오산시,톨루엔,595.0
S00849,Q24,비CBRN,총기 난사,1500701.202212081,20221208,부산일보,사회>사회문제>성차별,2022,IRRELEVANT,,,,
S00850,Q25,비CBRN,차량 돌진 테러,4100158.202501021,20250102,데일리안,사고>교통사고>노상사고,2025,EVENT,20250101,미국 뉴올리언스,차량 돌진,390.0
S00851,Q14,안보,탄저균 테러,1400601.202510281,20251028,충청일보,,2025,INST,,,,
S00852,Q23,비CBRN,드론 공격,2100851.202605281,20260528,아주경제,사회>사회갈등>전쟁,2026,OTHER,,,,
S00853,Q03,산업,염소 가스 누출,1200301.202403141,20240314,기호일보,,2024,EVENT,20240314,의정부시,염소가스,291.0
S00854,Q16,안보,방사능 유출,4100078.202302241,20230224,뉴스핌,사고>산업사고>폭발,2023,INST,,,,
S00855,Q30,비CBRN,원전 방사선 피폭,1100901.202305191,20230519,중앙일보,,2023,INST,,,,
S00856,Q17,안보,더티밤,2100201.202210271,20221027,머니투데이,,2022,IRRELEVANT,,,,
S00857,Q16,안보,방사능 유출,4100058.20211127,20211127,노컷뉴스,사고>산업사고>폭발,2021,IRRELEVANT,,,,
S00858,Q13,안보,생물테러,2100801.202510221,20251022,아시아경제,재해>자연재해>폭염,2025,OTHER,,,,
S00859,Q25,비CBRN,차량 돌진 테러,8100401.20241223,20241223,YTN,,2024,EVENT,20241220,독일 마그데부르크,차량 돌진,384.0
S00860,Q01,산업,불산 누출,1600601.202310172,20231017,새전북신문,,2023,INST,,,,
S00861,Q27,비CBRN,테러 예고 글,1500501.202508161,20250816,대구일보,범죄>범죄일반>살인,2025,OTHER,,,,
S00862,Q22,비CBRN,사제폭탄,1600501.202408221,20240822,무등일보,범죄>범죄일반>방화,2024,EVENT,20240822,광주시 서구,사제폭발물,350.0
S00863,Q16,안보,방사능 유출,8100401.202506151,20250615,YTN,사회>사회갈등>전쟁,2025,IRRELEVANT,,,,
S00864,Q17,안보,더티밤,2100501.20221024,20221024,파이낸셜뉴스,,2022,OTHER,,,,
S00865,Q11,안보,화학무기 사용,1100611.202504211,20250421,서울신문,,2025,OTHER,,,,
S00866,Q06,산업,유해화학물질 유출,1400351.202412162,20241216,중도일보,사고>산업사고>화재,2024,INST,,,,
S00867,Q28,비CBRN,다중이용시설 테러,2100351.202605201,20260520,이투데이,,2026,INST,,,,
S00868,Q30,비CBRN,원전 방사선 피폭,1500201.20230901,20230901,경북일보,사고>산업사고>화재,2023,INST,,,,
S00869,Q17,안보,더티밤,1100901.202608111,20260811,중앙일보,사회>사회갈등>전쟁,2026,INST,,,,
S00870,Q17,안보,더티밤,8100101.20230706,20230706,KBS,사고>산업사고>원자력사고,2023,OTHER,,,,
S00871,Q22,비CBRN,사제폭탄,2100101.20250204,20250204,매일경제,,2025,EVENT,20250203,,사제폭탄 협박 댓글,399.0
S00872,Q30,비CBRN,원전 방사선 피폭,1100611.202306072,20230607,서울신문,범죄>기업범죄>거래제한,2023,OTHER,,,,
S00873,Q19,안보,노비촉,1100101.202208042,20220804,경향신문,사회>사회갈등>대량학살,2022,OTHER,,,,
S00874,Q16,안보,방사능 유출,8100401.202307082,20230708,YTN,사고>산업사고>원자력사고,2023,OTHER,,,,
S00875,Q19,안보,노비촉,1100501.202209281,20220928,문화일보,,2022,IRRELEVANT,,,,
S00876,Q24,비CBRN,총기 난사,2100311.20230809,20230809,서울경제,범죄>범죄일반>폭행,2023,IRRELEVANT,,,,
S00877,Q17,안보,더티밤,1100901.202305302,20230530,중앙일보,사고>산업사고>폭발,2023,IRRELEVANT,,,,
S00878,Q23,비CBRN,드론 공격,8100401.202504182,20250418,YTN,사회>사회갈등>전쟁,2025,EVENT,20250418,홍해,드론 미사일 공격,417.0
S00879,Q09,산업,유독가스 누출 대피,1101101.20240126,20240126,한국일보,사고>산업사고>화재,2024,OTHER,,,,
S00880,Q19,안보,노비촉,7101201.20240217,20240217,디지털타임스,범죄>기업범죄>횡령,2024,EVENT,20240216,러시아 야말로네네츠,의문사 독살 의혹,278.0
S00881,Q08,산업,질산 누출,4100058.202309111,20230911,노컷뉴스,,2023,OTHER,,,,
S00882,Q02,산업,암모니아 누출 사고,2100701.20220922,20220922,헤럴드경제,사고>산업사고>폭발,2022,INST,,,,
S00883,Q18,안보,백색가루 신고,1500401.202510012,20251001,국제신문,사고>산업사고>화재,2025,INST,,,,
S00884,Q16,안보,방사능 유출,1101101.202208082,20220808,한국일보,사고>산업사고>폭발,2022,EVENT,20220807,우크라이나 자포리자,원전 포격,67.0
S00885,Q19,안보,노비촉,1100611.202311291,20231129,서울신문,범죄>범죄일반>사기,2023,EVENT,20231128,우크라이나,중금속 독극물 중독,254.0
S00886,Q24,비CBRN,총기 난사,2100201.20260728,20260728,머니투데이,범죄>범죄일반>폭행,2026,EVENT,20260726,미국 시애틀,총기난사,645.0
S00887,Q26,비CBRN,폭발물 협박,1501101.202608191,20260819,경북도민일보,,2026,REF,,,,
S00888,Q20,안보,북한 생화학무기,1100101.202305082,20230508,경향신문,,2023,INST,,,,
S00889,Q02,산업,암모니아 누출 사고,2100311.202307251,20230725,서울경제,,2023,EVENT,20230725,울산시 남구,암모니아,168.0
S00890,Q25,비CBRN,차량 돌진 테러,1100701.20211123,20211123,세계일보,범죄>범죄일반>폭행,2021,EVENT,20211121,미국 워키쇼,차량 돌진,7.0
S00891,Q01,산업,불산 누출,1100901.202511051,20251105,중앙일보,사고>산업사고>붕괴,2025,EVENT,20251105,포항시 남구,유해가스 누출,512.0
S00892,Q22,비CBRN,사제폭탄,2100311.202405011,20240501,서울경제,,2024,IRRELEVANT,,,,
S00893,Q30,비CBRN,원전 방사선 피폭,2100701.20220401,20220401,헤럴드경제,범죄>기업범죄>거래제한,2022,EVENT,20220331,우크라이나 체르노빌,방사선 피폭,35.0
S00894,Q25,비CBRN,차량 돌진 테러,4100058.202204271,20220427,노컷뉴스,사고>산업사고>폭발,2022,EVENT,20220427,파키스탄 카라치,자폭 폭탄테러,41.0
S00895,Q28,비CBRN,다중이용시설 테러,1500051.202308181,20230818,경남신문,범죄>범죄일반>살인,2023,EVENT,20230817,,폭발물 설치 협박,204.0
S00896,Q18,안보,백색가루 신고,1500601.202211091,20221109,매일신문,,2022,INST,,,,
S00897,Q08,산업,질산 누출,8100401.202309092,20230909,YTN,범죄>범죄일반>방화,2023,EVENT,20230909,군산시,질산 가스 누출,226.0
S00898,Q17,안보,더티밤,1100751.202210261,20221026,아시아투데이,,2022,INST,,,,
S00899,Q10,산업,화학사고 대응,1500201.202407271,20240727,경북일보,,2024,INST,,,,
S00900,Q02,산업,암모니아 누출 사고,2100101.202608211,20260821,매일경제,,2026,EVENT,20260821,서울 영등포구,암모니아,657.0
S00901,Q26,비CBRN,폭발물 협박,7101201.20260417,20260417,디지털타임스,,2026,EVENT,20260416,미국 뉴레녹스,폭발물 설치 협박,593.0
S00902,Q13,안보,생물테러,1400501.202411221,20241122,중부일보,사회>사회문제>학대,2024,IRRELEVANT,,,,
S00903,Q03,산업,염소 가스 누출,2100311.202304021,20230402,서울경제,,2023,IRRELEVANT,,,,
S00904,Q19,안보,노비촉,1100401.202403071,20240307,동아일보,,2024,REF,,,,
S00905,Q09,산업,유독가스 누출 대피,1500601.202509051,20250905,매일신문,사고>스포츠사고,2025,EVENT,20250905,김포시 하성면,암모니아,483.0
S00906,Q29,비CBRN,공항 폭발물 신고,1500601.202205211,20220521,매일신문,사회>사회문제>자살,2022,EVENT,20220521,인천공항,폭발물 허위신고,48.0
S00907,Q21,비CBRN,폭발물 테러,1600201.202208242,20220824,광주매일신문,사고>산업사고>붕괴,2022,INST,,,,
S00908,Q26,비CBRN,폭발물 협박,1100501.202508081,20250808,문화일보,범죄>범죄일반>살인,2025,INST,,,,
S00909,Q10,산업,화학사고 대응,1200301.202302281,20230228,기호일보,,2023,INST,,,,
S00910,Q15,안보,북한 핵실험,2100101.202210181,20221018,매일경제,,2022,INST,,,,
S00911,Q17,안보,더티밤,4100158.20221029,20221029,데일리안,,2022,INST,,,,
S00912,Q13,안보,생물테러,4101008.202303271,20230327,이데일리,,2023,INST,,,,
S00913,Q30,비CBRN,원전 방사선 피폭,8100101.202303152,20230315,KBS,사고>산업사고>원자력사고,2023,INST,,,,
S00914,Q27,비CBRN,테러 예고 글,2100601.202506261,20250626,한국경제,범죄>성범죄>음란물,2025,EVENT,20250626,,테러 예고 글,439.0
S00915,Q16,안보,방사능 유출,1500601.202309011,20230901,매일신문,사고>산업사고>원자력사고,2023,IRRELEVANT,,,,
S00916,Q07,산업,톨루엔 누출,1500301.2024093,20240930,경상일보,사고>산업사고>화재,2024,EVENT,20240927,울주군 온산읍,유해화학물질 누출 화재,364.0
S00917,Q11,안보,화학무기 사용,2100311.202412081,20241208,서울경제,,2024,IRRELEVANT,,,,
S00918,Q27,비CBRN,테러 예고 글,8100101.20230818,20230818,KBS,사회>사회갈등>테러행위,2023,EVENT,20230817,,폭파 테러 예고,205.0
S00919,Q07,산업,톨루엔 누출,1400201.202408201,20240820,대전일보,사고>산업사고>폭발,2024,INST,,,,
S00920,Q07,산업,톨루엔 누출,1400551.202111241,20211124,충북일보,사고>산업사고>폭발,2021,INST,,,,
S00921,Q02,산업,암모니아 누출 사고,5202752.202111101,20211110,평택시민신문,범죄>범죄일반>방화,2021,INST,,,,
S00922,Q14,안보,탄저균 테러,2100701.202504181,20250418,헤럴드경제,,2025,OTHER,,,,
S00923,Q04,산업,황산 유출 사고,8100101.202307132,20230713,KBS,,2023,EVENT,20230713,대구 서구 비산동,황산,158.0
S00924,Q17,안보,더티밤,7100501.202411291,20241129,전자신문,,2024,IRRELEVANT,,,,
S00925,Q17,안보,더티밤,4100158.202211051,20221105,데일리안,,2022,IRRELEVANT,,,,
S00926,Q03,산업,염소 가스 누출,1100101.202406251,20240625,경향신문,사고>산업사고>폭발,2024,EVENT,20240624,화성시,리튬전지 공장 화재,332.0
S00927,Q29,비CBRN,공항 폭발물 신고,1400201.202304181,20230418,대전일보,사회>사회갈등>테러행위,2023,EVENT,20230414,제주시,폭발물 허위신고,134.0
S00928,Q09,산업,유독가스 누출 대피,1600451.202202111,20220211,남도일보,사고>산업사고>붕괴,2022,EVENT,20220211,여수시,폭발,14.0
S00929,Q13,안보,생물테러,1400201.202211061,20221106,대전일보,,2022,INST,,,,
S00930,Q07,산업,톨루엔 누출,1200101.202604171,20260417,경기일보,,2026,EVENT,20260417,오산시 누읍동,화학물질가스 누출,599.0
S00931,Q03,산업,염소 가스 누출,1400301.202310181,20231018,동양일보,,2023,INST,,,,
S00932,Q19,안보,노비촉,1100611.202404011,20240401,서울신문,범죄>범죄일반>살인,2024,OTHER,,,,
S00933,Q21,비CBRN,폭발물 테러,1100901.202204221,20220422,중앙일보,사고>산업사고>폭발,2022,IRRELEVANT,,,,
S00934,Q05,산업,화학공장 폭발,4104008.202506161,20250616,프레시안,사고>산업사고>붕괴,2025,IRRELEVANT,,,,
S00935,Q03,산업,염소 가스 누출,1400551.20251007,20251007,충북일보,,2025,INST,,,,
S00936,Q18,안보,백색가루 신고,1500701.202411111,20241111,부산일보,사고>산업사고>붕괴,2024,INST,,,,
S00937,Q29,비CBRN,공항 폭발물 신고,1101001.202301071,20230107,한겨레,,2023,EVENT,20230107,일본 주부공항,폭발물 위협 신고,115.0
S00938,Q14,안보,탄저균 테러,1400301.202302081,20230208,동양일보,,2023,OTHER,,,,
S00939,Q05,산업,화학공장 폭발,1400601.202406261,20240626,충청일보,사고>산업사고>폭발,2024,OTHER,,,,
S00940,Q19,안보,노비촉,1100701.20220821,20220821,세계일보,,2022,REF,,,,
S00941,Q29,비CBRN,공항 폭발물 신고,2100201.202310101,20231010,머니투데이,,2023,IRRELEVANT,,,,
S00942,Q09,산업,유독가스 누출 대피,4100058.202401231,20240123,노컷뉴스,사고>산업사고>화재,2024,EVENT,20240122,서천군,화재,265.0
S00943,Q14,안보,탄저균 테러,2100311.202512081,20251208,서울경제,,2025,OTHER,,,,
S00944,Q13,안보,생물테러,1400801.202505151,20250515,금강일보,,2025,INST,,,,
S00945,Q29,비CBRN,공항 폭발물 신고,2100851.202405291,20240529,아주경제,사고>교통사고>노상사고,2024,IRRELEVANT,,,,
S00946,Q06,산업,유해화학물질 유출,1400351.202511032,20251103,중도일보,,2025,INST,,,,
S00947,Q23,비CBRN,드론 공격,7101201.20260316,20260316,디지털타임스,사고>산업사고>화재,2026,EVENT,20260315,쿠웨이트,미사일 드론 공습,582.0
S00948,Q17,안보,더티밤,8100101.20230706,20230706,KBS,사고>산업사고>원자력사고,2023,OTHER,,,,
S00949,Q22,비CBRN,사제폭탄,1300101.20250204,20250204,강원도민일보,사회>사회갈등>테러행위,2025,EVENT,20250203,,사제폭탄 협박 댓글,399.0
S00950,Q20,안보,북한 생화학무기,1100751.202409111,20240911,아시아투데이,사고>산업사고>화재,2024,OTHER,,,,
S00951,Q13,안보,생물테러,1200101.202511271,20251127,경기일보,,2025,INST,,,,
S00952,Q29,비CBRN,공항 폭발물 신고,1100401.20250208,20250208,동아일보,범죄>범죄일반>폭행,2025,EVENT,20241230,,폭파 협박 이메일,387.0
S00953,Q07,산업,톨루엔 누출,1400801.202605131,20260513,금강일보,사고>산업사고>화재,2026,INST,,,,
S00954,Q04,산업,황산 유출 사고,4100078.202509241,20250924,뉴스핌,,2025,EVENT,20250924,포항시 북구 흥해읍,황산,492.0
S00955,Q21,비CBRN,폭발물 테러,2100201.202508121,20250812,머니투데이,범죄>범죄일반>사기,2025,OTHER,,,,
S00956,Q16,안보,방사능 유출,1100501.202307241,20230724,문화일보,,2023,EVENT,20230724,영광군 한빛원전,원전 자동정지,166.0
S00957,Q23,비CBRN,드론 공격,4101008.202506151,20250615,이데일리,범죄>기업범죄>내부자거래,2025,OTHER,,,,
S00958,Q14,안보,탄저균 테러,1400201.202310241,20231024,대전일보,사고>산업사고>붕괴,2023,INST,,,,
S00959,Q28,비CBRN,다중이용시설 테러,4100058.202608201,20260820,노컷뉴스,,2026,INST,,,,
S00960,Q09,산업,유독가스 누출 대피,1100701.202209262,20220926,세계일보,사고>산업사고>폭발,2022,EVENT,20220926,대전 유성구,화재 유독가스,84.0
S00961,Q24,비CBRN,총기 난사,1200401.202310051,20231005,인천일보,범죄>성범죄>성폭행,2023,INST,,,,
S00962,Q02,산업,암모니아 누출 사고,1600901.202308311,20230831,전라일보,사고>교통사고>해상사고,2023,INST,,,,
S00963,Q23,비CBRN,드론 공격,1100901.202506132,20250613,중앙일보,사고>산업사고>화재,2025,EVENT,20250613,이란 이스파한주,공습 폭격,431.0
S00964,Q24,비CBRN,총기 난사,1400551.202401281,20240128,충북일보,사고>산업사고>화재,2024,INST,,,,
S00965,Q09,산업,유독가스 누출 대피,8100201.20240123,20240123,MBC,사고>산업사고>폭발,2024,EVENT,20240122,서천군,화재,265.0
S00966,Q02,산업,암모니아 누출 사고,1400351.202309112,20230911,중도일보,사고>산업사고>폭발,2023,INST,,,,
S00967,Q17,안보,더티밤,8200101.202210252,20221025,OBS,사회>사회갈등>테러행위,2022,OTHER,,,,
S00968,Q09,산업,유독가스 누출 대피,2100351.202406021,20240602,이투데이,범죄>기업범죄>반독점범죄,2024,IRRELEVANT,,,,
S00969,Q28,비CBRN,다중이용시설 테러,1500601.202608201,20260820,매일신문,사고>산업사고>폭발,2026,INST,,,,
S00970,Q25,비CBRN,차량 돌진 테러,1400501.202310101,20231010,중부일보,범죄>범죄일반>살인,2023,EVENT,20230803,성남시 분당구,차량돌진 흉기난동,176.0
S00971,Q04,산업,황산 유출 사고,1101101.20250409,20250409,한국일보,사고>산업사고>폭발,2025,EVENT,20250408,서울 성동구 행당동,황산 폭발,414.0
S00972,Q29,비CBRN,공항 폭발물 신고,2100101.202406142,20240614,매일경제,,2024,EVENT,20240614,,폭발물 협박 이메일,321.0
S00973,Q27,비CBRN,테러 예고 글,1400501.202508061,20250806,중부일보,,2025,EVENT,20250805,,폭파 협박 댓글,457.0
S00974,Q16,안보,방사능 유출,4101008.202309071,20230907,이데일리,,2023,IRRELEVANT,,,,
S00975,Q14,안보,탄저균 테러,1100751.20231101,20231101,아시아투데이,,2023,OTHER,,,,
S00976,Q04,산업,황산 유출 사고,2100351.20230804,20230804,이투데이,,2023,EVENT,20230803,창원시 의창구,황산,173.0
S00977,Q03,산업,염소 가스 누출,4100058.202306151,20230615,노컷뉴스,사고>산업사고>폭발,2023,INST,,,,
S00978,Q25,비CBRN,차량 돌진 테러,1100101.202501012,20250101,경향신문,사고>교통사고>노상사고,2025,EVENT,20250101,미국 뉴올리언스,차량 돌진,390.0
S00979,Q30,비CBRN,원전 방사선 피폭,1500901.202208252,20220825,울산매일,사고>산업사고>원자력사고,2022,OTHER,,,,
S00980,Q23,비CBRN,드론 공격,1100611.202504151,20250415,서울신문,,2025,OTHER,,,,
S00981,Q22,비CBRN,사제폭탄,4100058.202608261,20260826,노컷뉴스,사회>사회갈등>테러행위,2026,EVENT,20260826,광주 동구 지산동,폭발물 협박 이메일,662.0
S00982,Q30,비CBRN,원전 방사선 피폭,1500701.202208221,20220822,부산일보,사고>산업사고>원자력사고,2022,OTHER,,,,
S00983,Q13,안보,생물테러,1200301.202208221,20220822,기호일보,사고>산업사고>화재,2022,INST,,,,
S00984,Q09,산업,유독가스 누출 대피,8100301.202606012,20260601,SBS,사고>산업사고>화재,2026,EVENT,20260601,청주시 흥덕구,화재 유독가스,629.0
S00985,Q13,안보,생물테러,1100201.20250514,20250514,국민일보,,2025,IRRELEVANT,,,,
S00986,Q13,안보,생물테러,1400501.202409241,20240924,중부일보,,2024,INST,,,,
S00987,Q30,비CBRN,원전 방사선 피폭,8100101.202412161,20241216,KBS,사고>산업사고>원자력사고,2024,OTHER,,,,
S00988,Q19,안보,노비촉,1100611.202402171,20240217,서울신문,범죄>범죄일반>살인,2024,REF,,,,
S00989,Q29,비CBRN,공항 폭발물 신고,4100058.20230517,20230517,노컷뉴스,사고>산업사고>화재,2023,IRRELEVANT,,,,
S00990,Q16,안보,방사능 유출,2100801.202302241,20230224,아시아경제,재해>자연재해>지진,2023,INST,,,,
S00991,Q25,비CBRN,차량 돌진 테러,4100078.202308041,20230804,뉴스핌,,2023,EVENT,20230803,성남시 분당구,차량돌진 흉기난동,176.0
S00992,Q25,비CBRN,차량 돌진 테러,1100101.20250102,20250102,경향신문,사고>산업사고>폭발,2025,EVENT,20250101,미국 뉴올리언스,차량 돌진 사제폭탄,391.0
S00993,Q22,비CBRN,사제폭탄,8100401.202308111,20230811,YTN,사회>사회갈등>테러행위,2023,EVENT,20230806,,사제폭탄 테러 예고글,184.0
S00994,Q06,산업,유해화학물질 유출,2100701.202401241,20240124,헤럴드경제,,2024,REF,,,,
S00995,Q03,산업,염소 가스 누출,2100051.202207051,20220705,대한경제,,2022,IRRELEVANT,,,,
S00996,Q22,비CBRN,사제폭탄,2100201.202511242,20251124,머니투데이,,2025,EVENT,20251124,서울 노원구,폭발물 허위 협박,530.0
S00997,Q20,안보,북한 생화학무기,1100901.20240603,20240603,중앙일보,,2024,IRRELEVANT,,,,
S00998,Q26,비CBRN,폭발물 협박,1100501.20260625,20260625,문화일보,사회>사회갈등>테러행위,2026,REF,,,,
S00999,Q01,산업,불산 누출,8100401.202406241,20240624,YTN,범죄>범죄일반>방화,2024,EVENT,20240624,화성시,공장 화재,331.0
S01000,Q11,안보,화학무기 사용,2100501.202406141,20240614,파이낸셜뉴스,사회>사회문제>자살,2024,OTHER,,,,
S01001,Q28,비CBRN,다중이용시설 테러,1500201.202608211,20260821,경북일보,사고>산업사고>붕괴,2026,INST,,,,
S01002,Q06,산업,유해화학물질 유출,1400601.202402161,20240216,충청일보,사고>산업사고>폭발,2024,INST,,,,
S01003,Q21,비CBRN,폭발물 테러,1100701.202304151,20230415,세계일보,범죄>범죄일반>폭행,2023,EVENT,20230415,일본 와카야마,폭발물 투척,139.0
S01004,Q11,안보,화학무기 사용,1100201.20220314,20220314,국민일보,,2022,EVENT,20220313,우크라이나 루한스크주,백린탄,29.0
S01005,Q13,안보,생물테러,2100801.202412121,20241212,아시아경제,사회>사회갈등>테러행위,2024,IRRELEVANT,,,,
S01006,Q17,안보,더티밤,1100901.20221028,20221028,중앙일보,,2022,OTHER,,,,
S01007,Q23,비CBRN,드론 공격,2100311.202608181,20260818,서울경제,,2026,OTHER,,,,
S01008,Q19,안보,노비촉,8100101.202402211,20240221,KBS,범죄>범죄일반>사기,2024,OTHER,,,,
S01009,Q21,비CBRN,폭발물 테러,1600451.202608241,20260824,남도일보,사고>산업사고>화재,2026,INST,,,,
S01010,Q15,안보,북한 핵실험,1100611.202205041,20220504,서울신문,범죄>기업범죄>거래제한,2022,EVENT,20220504,북한 평양 순안,탄도미사일 발사,42.0
S01011,Q29,비CBRN,공항 폭발물 신고,1100751.20250929,20250929,아시아투데이,범죄>범죄일반>살인,2025,INST,,,,
S01012,Q17,안보,더티밤,1100101.20221024,20221024,경향신문,,2022,OTHER,,,,
S01013,Q24,비CBRN,총기 난사,1100611.202205261,20220526,서울신문,범죄>범죄일반>폭행,2022,EVENT,20220524,미국 유밸디카운티,총기난사,50.0
S01014,Q13,안보,생물테러,1400301.202210131,20221013,동양일보,,2022,INST,,,,
S01015,Q23,비CBRN,드론 공격,1100901.202109161,20210916,중앙일보,사회>사회갈등>테러행위,2021,INST,,,,
S01016,Q22,비CBRN,사제폭탄,1100401.20230417,20230417,동아일보,사회>사회갈등>테러행위,2023,EVENT,20230415,일본 와카야마,사제 폭발물 투척,137.0
S01017,Q08,산업,질산 누출,5520352.202407191,20240719,당진시대,사고>산업사고>폭발,2024,EVENT,20240714,당진시 송악읍,질산,341.0
S01018,Q27,비CBRN,테러 예고 글,8100101.20230804,20230804,KBS,범죄>범죄일반>살인,2023,EVENT,20230803,성남시 분당구,흉기난동,172.0
S01019,Q25,비CBRN,차량 돌진 테러,1100101.202605191,20260519,경향신문,사고>교통사고>노상사고,2026,EVENT,20260518,미국 샌디에이고,총격,611.0
S01020,Q29,비CBRN,공항 폭발물 신고,2100201.202312261,20231226,머니투데이,사회>사회갈등>테러행위,2023,OTHER,,,,
S01021,Q28,비CBRN,다중이용시설 테러,1601101.202202091,20220209,전북일보,,2022,INST,,,,
S01022,Q10,산업,화학사고 대응,2100351.20221225,20221225,이투데이,,2022,IRRELEVANT,,,,
S01023,Q30,비CBRN,원전 방사선 피폭,1100901.20260501,20260501,중앙일보,사고>산업사고>원자력사고,2026,OTHER,,,,
S01024,Q17,안보,더티밤,8100301.20221024,20221024,SBS,사고>산업사고>원자력사고,2022,OTHER,,,,
S01025,Q05,산업,화학공장 폭발,1400351.202407192,20240719,중도일보,,2024,IRRELEVANT,,,,
S01026,Q11,안보,화학무기 사용,1100501.202110261,20211026,문화일보,,2021,INST,,,,
S01027,Q04,산업,황산 유출 사고,1100101.202508181,20250818,경향신문,사고>산업사고>화재,2025,EVENT,20250809,정읍시 북면,황산,463.0
S01028,Q29,비CBRN,공항 폭발물 신고,1100201.202304181,20230418,국민일보,,2023,EVENT,20230414,제주시,폭발물 허위신고,134.0
S01029,Q10,산업,화학사고 대응,2100801.202207211,20220721,아시아경제,,2022,OTHER,,,,
S01030,Q16,안보,방사능 유출,1100701.2023062,20230620,세계일보,사고>산업사고>원자력사고,2023,OTHER,,,,
S01031,Q09,산업,유독가스 누출 대피,2100401.202606011,20260601,메트로경제,사고>산업사고>화재,2026,EVENT,20260601,청주시 흥덕구,화재 유독가스,629.0
S01032,Q20,안보,북한 생화학무기,1101001.202406031,20240603,한겨레,,2024,OTHER,,,,
S01033,Q25,비CBRN,차량 돌진 테러,4100078.202303161,20230316,뉴스핌,,2023,INST,,,,
S01034,Q29,비CBRN,공항 폭발물 신고,1100101.202510191,20251019,경향신문,사회>사회갈등>테러행위,2025,EVENT,20251019,인천시,폭발물 협박글,504.0
S01035,Q30,비CBRN,원전 방사선 피폭,1501201.202408202,20240820,경북매일신문,,2024,INST,,,,
S01036,Q21,비CBRN,폭발물 테러,2100311.202608211,20260821,서울경제,범죄>범죄일반>살인,2026,EVENT,20260820,미국 올버니,폭탄테러 계획,655.0
S01037,Q18,안보,백색가루 신고,1100901.202206121,20220612,중앙일보,,2022,IRRELEVANT,,,,
S01038,Q21,비CBRN,폭발물 테러,8100101.20230817,20230817,KBS,,2023,EVENT,20230816,울산시,폭발물 협박 메일,200.0
S01039,Q24,비CBRN,총기 난사,2100201.20230509,20230509,머니투데이,범죄>범죄일반>폭행,2023,EVENT,20230506,미국 텍사스주,총기난사,144.0
S01040,Q23,비CBRN,드론 공격,8100401.202503191,20250319,YTN,사회>사회갈등>전쟁,2025,OTHER,,,,
S01041,Q11,안보,화학무기 사용,1100801.202403102,20240310,조선일보,,2024,IRRELEVANT,,,,
S01042,Q30,비CBRN,원전 방사선 피폭,1100101.202308301,20230830,경향신문,,2023,REF,,,,
S01043,Q28,비CBRN,다중이용시설 테러,2100501.20250626,20250626,파이낸셜뉴스,범죄>성범죄>음란물,2025,EVENT,20250626,,테러 협박글,437.0
S01044,Q15,안보,북한 핵실험,1100501.202207281,20220728,문화일보,,2022,OTHER,,,,
S01045,Q04,산업,황산 유출 사고,2100101.202308031,20230803,매일경제,,2023,EVENT,20230803,창원시 의창구,황산,173.0
S01046,Q01,산업,불산 누출,4101008.20240124,20240124,이데일리,,2024,REF,,,,
S01047,Q19,안보,노비촉,1100611.202208271,20220827,서울신문,,2022,IRRELEVANT,,,,
S01048,Q17,안보,더티밤,1100501.202210261,20221026,문화일보,,2022,INST,,,,
S01049,Q29,비CBRN,공항 폭발물 신고,1100801.202406141,20240614,조선일보,사회>사회갈등>테러행위,2024,EVENT,20240614,인천시,폭발물 협박 이메일,320.0
S01050,Q11,안보,화학무기 사용,8100101.202203141,20220314,KBS,사회>사회갈등>시위,2022,EVENT,20220313,우크라이나 야보리우,미사일 공격,27.0
S01051,Q26,비CBRN,폭발물 협박,1100611.202503221,20250322,서울신문,범죄>범죄일반>살인,2025,EVENT,20250321,우크라이나 테르노필,테러 모집 협박,412.0
S01052,Q15,안보,북한 핵실험,2100201.202209281,20220928,머니투데이,,2022,IRRELEVANT,,,,
S01053,Q07,산업,톨루엔 누출,2100801.202305011,20230501,아시아경제,,2023,INST,,,,
S01054,Q28,비CBRN,다중이용시설 테러,2100201.202602181,20260218,머니투데이,범죄>범죄일반>폭행,2026,INST,,,,
S01055,Q18,안보,백색가루 신고,2100861.202502121,20250212,브릿지경제,,2025,INST,,,,
S01056,Q20,안보,북한 생화학무기,1100701.202204031,20220403,세계일보,,2022,INST,,,,
S01057,Q25,비CBRN,차량 돌진 테러,1101001.202412212,20241221,한겨레,범죄>범죄일반>살인,2024,EVENT,20241220,독일 마그데부르크,차량 돌진,384.0
S01058,Q26,비CBRN,폭발물 협박,4100058.202511181,20251118,노컷뉴스,사회>사회갈등>테러행위,2025,EVENT,20251118,인천시,폭발물 협박글,527.0
S01059,Q25,비CBRN,차량 돌진 테러,1100901.20251209,20251209,중앙일보,범죄>범죄일반>유괴/납치,2025,REF,,,,
S01060,Q24,비CBRN,총기 난사,1100701.202205162,20220516,세계일보,사회>사회문제>성차별,2022,EVENT,20220515,미국 라구나우즈,총기난사,46.0
S01061,Q05,산업,화학공장 폭발,7100501.202308291,20230829,전자신문,범죄>기업범죄>거래제한,2023,OTHER,,,,
S01062,Q06,산업,유해화학물질 유출,2100861.202411051,20241105,브릿지경제,,2024,INST,,,,
S01063,Q08,산업,질산 누출,1500501.202511051,20251105,대구일보,,2025,EVENT,20251105,포항시 남구,유해가스 누출,512.0
S01064,Q18,안보,백색가루 신고,1100201.20220829,20220829,국민일보,범죄>범죄일반>마약,2022,IRRELEVANT,,,,
S01065,Q20,안보,북한 생화학무기,1100611.20230525,20230525,서울신문,,2023,INST,,,,
S01066,Q21,비CBRN,폭발물 테러,2100801.20221216,20221216,아시아경제,범죄>범죄일반>폭행,2022,REF,,,,
S01067,Q17,안보,더티밤,2100601.202210262,20221026,한국경제,,2022,INST,,,,
S01068,Q01,산업,불산 누출,4100078.202211171,20221117,뉴스핌,,2022,INST,,,,
S01069,Q28,비CBRN,다중이용시설 테러,1400501.202308221,20230822,중부일보,사고>산업사고>화재,2023,INST,,,,
S01070,Q27,비CBRN,테러 예고 글,1100201.202501201,20250120,국민일보,,2025,EVENT,20250120,,테러 예고글,394.0
S01071,Q01,산업,불산 누출,1100611.202112031,20211203,서울신문,사고>산업사고>화재,2021,IRRELEVANT,,,,
S01072,Q03,산업,염소 가스 누출,1400801.202604161,20260416,금강일보,,2026,INST,,,,
S01073,Q16,안보,방사능 유출,8100401.20220725,20220725,YTN,사고>산업사고>폭발,2022,OTHER,,,,
S01074,Q29,비CBRN,공항 폭발물 신고,8100101.202409122,20240912,KBS,범죄>범죄일반>방화,2024,IRRELEVANT,,,,
S01075,Q17,안보,더티밤,2100851.202210251,20221025,아주경제,,2022,OTHER,,,,
S01076,Q20,안보,북한 생화학무기,8100401.202207131,20220713,YTN,,2022,INST,,,,
S01077,Q01,산업,불산 누출,1500801.202511061,20251106,영남일보,범죄>범죄일반>절도,2025,EVENT,20251105,포항시 남구,유해화학물질 누출,519.0
S01078,Q27,비CBRN,테러 예고 글,1100501.202603281,20260328,문화일보,범죄>범죄일반>살인,2026,REF,,,,
S01079,Q27,비CBRN,테러 예고 글,1200101.20230912,20230912,경기일보,범죄>범죄일반>폭행,2023,OTHER,,,,
S01080,Q28,비CBRN,다중이용시설 테러,1400351.202509112,20250911,중도일보,,2025,INST,,,,
S01081,Q22,비CBRN,사제폭탄,2100201.202512181,20251218,머니투데이,,2025,EVENT,20251218,,폭발물 설치 협박글,550.0
S01082,Q26,비CBRN,폭발물 협박,1620001.202512221,20251222,광남일보,,2025,EVENT,20251221,광주 서구,폭발물 설치 협박글,555.0
S01083,Q15,안보,북한 핵실험,1100401.20220803,20220803,동아일보,,2022,OTHER,,,,
S01084,Q14,안보,탄저균 테러,1400201.20220419,20220419,대전일보,사회>사회갈등>반란_혁명_폭동,2022,IRRELEVANT,,,,
S01085,Q15,안보,북한 핵실험,7101201.202210101,20221010,디지털타임스,,2022,OTHER,,,,
S01086,Q17,안보,더티밤,8100201.20221025,20221025,MBC,,2022,OTHER,,,,
S01087,Q14,안보,탄저균 테러,1400101.202406021,20240602,충청타임즈,,2024,OTHER,,,,
S01088,Q17,안보,더티밤,1100101.202403101,20240310,경향신문,,2024,OTHER,,,,
S01089,Q29,비CBRN,공항 폭발물 신고,8100101.2024022,20240220,KBS,,2024,EVENT,20240219,광주시,폭발물 의심 우편물,288.0
S01090,Q05,산업,화학공장 폭발,1500301.20260225,20260225,경상일보,사고>산업사고>폭발,2026,OTHER,,,,
S01091,Q23,비CBRN,드론 공격,1100101.20240414,20240414,경향신문,사회>사회갈등>전쟁,2024,EVENT,20240413,이스라엘,드론 미사일 공격,304.0
S01092,Q30,비CBRN,원전 방사선 피폭,8100401.202308251,20230825,YTN,사고>산업사고>원자력사고,2023,OTHER,,,,
S01093,Q19,안보,노비촉,1500701.202203071,20220307,부산일보,,2022,IRRELEVANT,,,,
S01094,Q22,비CBRN,사제폭탄,1100101.202501022,20250102,경향신문,사고>산업사고>폭발,2025,EVENT,20250101,미국 뉴올리언스,차량 돌진 사제폭탄,391.0
S01095,Q04,산업,황산 유출 사고,1101101.202308031,20230803,한국일보,,2023,EVENT,20230803,창원시 의창구,황산,173.0
S01096,Q12,안보,사린가스 공격,2100311.202605271,20260527,서울경제,사고>산업사고>화재,2026,EVENT,20260525,일본 도쿄 주오구,자극성 물질 살포,614.0
S01097,Q13,안보,생물테러,4101008.202110061,20211006,이데일리,,2021,IRRELEVANT,,,,
S01098,Q09,산업,유독가스 누출 대피,2100851.202307231,20230723,아주경제,,2023,EVENT,20230720,,정체불명 국제우편물,162.0
S01099,Q05,산업,화학공장 폭발,2100851.202306221,20230622,아주경제,사고>산업사고>폭발,2023,EVENT,20230621,중국 인촨시,가스 폭발,150.0
S01100,Q15,안보,북한 핵실험,8100401.202212032,20221203,YTN,,2022,OTHER,,,,
S01101,Q29,비CBRN,공항 폭발물 신고,2100801.202509291,20250929,아시아경제,범죄>범죄일반>살인,2025,INST,,,,
S01102,Q28,비CBRN,다중이용시설 테러,2100311.202208011,20220801,서울경제,사고>산업사고>화재,2022,INST,,,,
S01103,Q25,비CBRN,차량 돌진 테러,1100751.202308041,20230804,아시아투데이,범죄>범죄일반>살인,2023,INST,,,,
S01104,Q02,산업,암모니아 누출 사고,8200101.202510141,20251014,OBS,사고>스포츠사고,2025,EVENT,20251014,오산시,암모니아,501.0
S01105,Q19,안보,노비촉,1100901.20250604,20250604,중앙일보,범죄>범죄일반>살인,2025,OTHER,,,,
S01106,Q09,산업,유독가스 누출 대피,8100401.202605282,20260528,YTN,,2026,EVENT,20260528,청주시 서원구,브롬가스,616.0
S01107,Q11,안보,화학무기 사용,2100051.202203312,20220331,대한경제,,2022,IRRELEVANT,,,,
S01108,Q02,산업,암모니아 누출 사고,1501301.202207242,20220724,울산신문,사고>산업사고>폭발,2022,IRRELEVANT,,,,
S01109,Q16,안보,방사능 유출,7100502.202204261,20220426,환경일보,사고>산업사고>폭발,2022,REF,,,,
S01110,Q21,비CBRN,폭발물 테러,1100611.20250808,20250808,서울신문,,2025,EVENT,20250807,,황산 테러 협박 팩스,459.0
S01111,Q15,안보,북한 핵실험,1100801.202212061,20221206,조선일보,사회>사회갈등>전쟁,2022,EVENT,20221206,북한 동해,포격,114.0
S01112,Q09,산업,유독가스 누출 대피,1400201.202605282,20260528,대전일보,,2026,EVENT,20260528,청주시 서원구,유독가스,617.0
S01113,Q22,비CBRN,사제폭탄,1100751.202608261,20260826,아시아투데이,사회>사회갈등>테러행위,2026,EVENT,20260826,,폭발물 협박 이메일,666.0
S01114,Q10,산업,화학사고 대응,4101008.202111031,20211103,이데일리,,2021,IRRELEVANT,,,,
S01115,Q08,산업,질산 누출,8100101.20251016,20251016,KBS,사고>산업사고>화재,2025,INST,,,,
S01116,Q25,비CBRN,차량 돌진 테러,1100751.20250102,20250102,아시아투데이,범죄>범죄일반>살인,2025,EVENT,20250101,미국 뉴올리언스,차량 돌진,390.0
S01117,Q28,비CBRN,다중이용시설 테러,4101008.20221224,20221224,이데일리,,2022,IRRELEVANT,,,,
S01118,Q07,산업,톨루엔 누출,8100101.202403281,20240328,KBS,사고>산업사고>폭발,2024,INST,,,,
S01119,Q07,산업,톨루엔 누출,1200101.202312261,20231226,경기일보,,2023,INST,,,,
S01120,Q28,비CBRN,다중이용시설 테러,4100158.20240822,20240822,데일리안,사고>산업사고>화재,2024,INST,,,,
S01121,Q13,안보,생물테러,1600901.202212221,20221222,전라일보,,2022,IRRELEVANT,,,,
S01122,Q05,산업,화학공장 폭발,8100401.202406261,20240626,YTN,범죄>범죄일반>방화,2024,OTHER,,,,
S01123,Q10,산업,화학사고 대응,1100611.202411141,20241114,서울신문,사고>산업사고>화재,2024,INST,,,,
S01124,Q15,안보,북한 핵실험,8100101.202311221,20231122,KBS,,2023,OTHER,,,,
S01125,Q04,산업,황산 유출 사고,1500601.202308011,20230801,매일신문,사고>산업사고>폭발,2023,EVENT,20230713,대구 서구 비산동,황산,158.0
S01126,Q25,비CBRN,차량 돌진 테러,2100351.20250304,20250304,이투데이,범죄>범죄일반>폭행,2025,EVENT,20250303,독일 만하임,차량 돌진,405.0
S01127,Q08,산업,질산 누출,4104008.202402061,20240206,프레시안,사고>산업사고>붕괴,2024,OTHER,,,,
S01128,Q24,비CBRN,총기 난사,8100301.20221115,20221115,SBS,범죄>범죄일반>살인,2022,EVENT,20221113,미국 버지니아주,총격,106.0
S01129,Q02,산업,암모니아 누출 사고,1400501.202110271,20211027,중부일보,사고>산업사고>화재,2021,EVENT,20211026,부천시 도당동,암모니아,5.0
S01130,Q05,산업,화학공장 폭발,1500201.202508031,20250803,경북일보,사고>산업사고>폭발,2025,EVENT,20250803,영천시 금호읍,폭발 화재,452.0
S01131,Q21,비CBRN,폭발물 테러,1100701.202112261,20211226,세계일보,사회>사회갈등>테러행위,2021,INST,,,,
S01132,Q11,안보,화학무기 사용,2100801.202305141,20230514,아시아경제,범죄>기업범죄>거래제한,2023,OTHER,,,,
S01133,Q13,안보,생물테러,1600801.202211221,20221122,전남일보,,2022,INST,,,,
S01134,Q21,비CBRN,폭발물 테러,7101201.20231123,20231123,디지털타임스,사고>산업사고>폭발,2023,EVENT,20231122,미국 나이아가라폭포,차량 폭발,251.0
S01135,Q05,산업,화학공장 폭발,2100601.202305021,20230502,한국경제,사고>산업사고>폭발,2023,OTHER,,,,
S01136,Q10,산업,화학사고 대응,1400601.202202101,20220210,충청일보,,2022,INST,,,,
S01137,Q09,산업,유독가스 누출 대피,1500401.202606222,20260622,국제신문,,2026,EVENT,20260618,부산 부산진구,황화수소,633.0
S01138,Q23,비CBRN,드론 공격,1300201.202503191,20250319,강원일보,,2025,OTHER,,,,
S01139,Q13,안보,생물테러,2100351.20220628,20220628,이투데이,,2022,OTHER,,,,
S01140,Q20,안보,북한 생화학무기,1100201.20230509,20230509,국민일보,,2023,INST,,,,
S01141,Q17,안보,더티밤,2100201.202210251,20221025,머니투데이,,2022,OTHER,,,,
S01142,Q01,산업,불산 누출,1100701.2024011,20240110,세계일보,사고>스포츠사고,2024,INST,,,,
S01143,Q09,산업,유독가스 누출 대피,1100101.202606011,20260601,경향신문,사고>산업사고>붕괴,2026,OTHER,,,,
S01144,Q01,산업,불산 누출,4102008.202511051,20251105,쿠키뉴스,,2025,EVENT,20251105,포항시 남구,유해가스 누출,512.0
S01145,Q14,안보,탄저균 테러,4100078.202504081,20250408,뉴스핌,,2025,OTHER,,,,
S01146,Q10,산업,화학사고 대응,1400551.202211281,20221128,충북일보,,2022,INST,,,,
S01147,Q10,산업,화학사고 대응,1400351.202606212,20260621,중도일보,,2026,INST,,,,
S01148,Q28,비CBRN,다중이용시설 테러,10100101.20220923,20220923,스포츠서울,,2022,INST,,,,
S01149,Q02,산업,암모니아 누출 사고,1500201.202411072,20241107,경북일보,,2024,INST,,,,
S01150,Q22,비CBRN,사제폭탄,4100058.202407161,20240716,노컷뉴스,,2024,EVENT,20240713,미국 펜실베이니아주,총격 사제폭탄,340.0
S01151,Q15,안보,북한 핵실험,1100901.20220615,20220615,중앙일보,,2022,INST,,,,
S01152,Q15,안보,북한 핵실험,2100351.20220323,20220323,이투데이,,2022,OTHER,,,,
S01153,Q25,비CBRN,차량 돌진 테러,1100701.202308061,20230806,세계일보,범죄>범죄일반>방화,2023,INST,,,,
S01154,Q15,안보,북한 핵실험,1101001.202406212,20240621,한겨레,,2024,OTHER,,,,
S01155,Q21,비CBRN,폭발물 테러,2100311.202411211,20241121,서울경제,사회>사회갈등>테러행위,2024,EVENT,20241121,미국 뉴욕,폭탄테러 계획,380.0
S01156,Q28,비CBRN,다중이용시설 테러,4100608.202208241,20220824,브레이크뉴스,사고>산업사고>화재,2022,INST,,,,
S01157,Q05,산업,화학공장 폭발,8100201.202112132,20211213,MBC,사고>산업사고>폭발,2021,EVENT,20211213,여수시,폭발 화재,11.0
S01158,Q20,안보,북한 생화학무기,1400601.2024061,20240610,충청일보,,2024,OTHER,,,,
S01159,Q21,비CBRN,폭발물 테러,4102008.20250102,20250102,쿠키뉴스,사고>교통사고>노상사고,2025,EVENT,20250101,미국 뉴올리언스,차량 돌진,390.0
S01160,Q05,산업,화학공장 폭발,1100201.202202111,20220211,국민일보,사고>산업사고>폭발,2022,EVENT,20220211,여수시,폭발,14.0
S01161,Q02,산업,암모니아 누출 사고,2100851.202601131,20260113,아주경제,,2026,EVENT,20260113,함안군 칠서면,암모니아,562.0
S01162,Q26,비CBRN,폭발물 협박,1100611.202512251,20251225,서울신문,,2025,EVENT,20251224,안성시,폭발물 협박,558.0
S01163,Q27,비CBRN,테러 예고 글,2100601.202409251,20240925,한국경제,범죄>범죄일반>살인,2024,EVENT,20240925,성남시 분당구,살인예고 글,363.0
S01164,Q16,안보,방사능 유출,7101201.202605171,20260517,디지털타임스,사고>산업사고>화재,2026,EVENT,20260517,아부다비,드론 공격,609.0
S01165,Q28,비CBRN,다중이용시설 테러,4100608.202508191,20250819,브레이크뉴스,사고>산업사고>화재,2025,INST,,,,
S01166,Q01,산업,불산 누출,1100101.202210251,20221025,경향신문,재해>자연재해>미세먼지_황사,2022,OTHER,,,,
S01167,Q06,산업,유해화학물질 유출,2100701.202604071,20260407,헤럴드경제,범죄>기업범죄>거래제한,2026,IRRELEVANT,,,,
S01168,Q16,안보,방사능 유출,1500401.202208302,20220830,국제신문,사고>산업사고>붕괴,2022,OTHER,,,,
S01169,Q26,비CBRN,폭발물 협박,1500401.202503112,20250311,국제신문,범죄>범죄일반>폭행,2025,IRRELEVANT,,,,
S01170,Q23,비CBRN,드론 공격,7101201.202601281,20260128,디지털타임스,,2026,IRRELEVANT,,,,
S01171,Q18,안보,백색가루 신고,2100701.202502111,20250211,헤럴드경제,,2025,INST,,,,
S01172,Q20,안보,북한 생화학무기,1100101.20220325,20220325,경향신문,사회>사회갈등>시위,2022,IRRELEVANT,,,,
S01173,Q06,산업,유해화학물질 유출,1400801.202112231,20211223,금강일보,,2021,INST,,,,
S01174,Q11,안보,화학무기 사용,1100801.202506202,20250620,조선일보,사고>산업사고>화재,2025,IRRELEVANT,,,,
S01175,Q10,산업,화학사고 대응,1400351.202404032,20240403,중도일보,,2024,INST,,,,
S01176,Q10,산업,화학사고 대응,1400601.202606021,20260602,충청일보,사고>산업사고>화재,2026,INST,,,,
S01177,Q22,비CBRN,사제폭탄,1100901.202408221,20240822,중앙일보,범죄>범죄일반>방화,2024,EVENT,20240822,광주 서구 치평동,사제폭발물,351.0
S01178,Q29,비CBRN,공항 폭발물 신고,4100158.202109091,20210909,데일리안,,2021,EVENT,20210806,포트로더데일,폭탄 허위신고,0.0
S01179,Q19,안보,노비촉,1100611.202203221,20220322,서울신문,,2022,IRRELEVANT,,,,
S01180,Q10,산업,화학사고 대응,1400351.202511112,20251111,중도일보,,2025,EVENT,20251026,음성군 대소면,화학물질 유출,508.0
S01181,Q27,비CBRN,테러 예고 글,8100101.202308162,20230816,KBS,,2023,EVENT,20230816,대구시,흉기난동 예고 글,201.0
S01182,Q14,안보,탄저균 테러,1400201.202205091,20220509,대전일보,,2022,INST,,,,
S01183,Q30,비CBRN,원전 방사선 피폭,2100801.202303101,20230310,아시아경제,사고>산업사고>원자력사고,2023,OTHER,,,,
S01184,Q19,안보,노비촉,1100501.202210071,20221007,문화일보,,2022,IRRELEVANT,,,,
S01185,Q30,비CBRN,원전 방사선 피폭,2100601.202307071,20230707,한국경제,재해>자연재해>지진,2023,INST,,,,
S01186,Q27,비CBRN,테러 예고 글,2100101.202308032,20230803,매일경제,범죄>범죄일반>살인,2023,EVENT,20230803,성남시 분당구,흉기난동,172.0
S01187,Q16,안보,방사능 유출,2100801.202504091,20250409,아시아경제,,2025,EVENT,20250409,영광군,원전 비상디젤발전기 기동,415.0
S01188,Q28,비CBRN,다중이용시설 테러,1400301.202608191,20260819,동양일보,사고>산업사고>화재,2026,INST,,,,
S01189,Q25,비CBRN,차량 돌진 테러,2100701.202501061,20250106,헤럴드경제,범죄>범죄일반>살인,2025,OTHER,,,,
S01190,Q09,산업,유독가스 누출 대피,8100301.20260602,20260602,SBS,사고>산업사고>화재,2026,EVENT,20260601,청주시,불소 누출 화재,628.0
S01191,Q11,안보,화학무기 사용,1100611.202204121,20220412,서울신문,사회>사회갈등>전쟁,2022,IRRELEVANT,,,,
S01192,Q12,안보,사린가스 공격,1100101.202412151,20241215,경향신문,사회>사회갈등>전쟁,2024,REF,,,,
S01193,Q04,산업,황산 유출 사고,2100801.202111191,20211119,아시아경제,사고>산업사고>화재,2021,INST,,,,
S01194,Q02,산업,암모니아 누출 사고,7100502.202411061,20241106,환경일보,,2024,INST,,,,
S01195,Q13,안보,생물테러,1500901.202310151,20231015,울산매일,,2023,INST,,,,
S01196,Q19,안보,노비촉,1100701.20240307,20240307,세계일보,,2024,OTHER,,,,
S01197,Q28,비CBRN,다중이용시설 테러,4100608.202410221,20241022,브레이크뉴스,,2024,INST,,,,
S01198,Q09,산업,유독가스 누출 대피,8100401.202207221,20220722,YTN,,2022,EVENT,20220722,서울 강동구 암사동,가스 질식,64.0
S01199,Q03,산업,염소 가스 누출,8100401.202608121,20260812,YTN,,2026,EVENT,20260812,수원시 영통구,염소가스,653.0
S01200,Q20,안보,북한 생화학무기,1100611.202210181,20221018,서울신문,,2022,IRRELEVANT,,,,
S01201,Q16,안보,방사능 유출,2100851.202307231,20230723,아주경제,,2023,IRRELEVANT,,,,
S01202,Q03,산업,염소 가스 누출,1200201.202307311,20230731,경인일보,사고>산업사고>폭발,2023,EVENT,20230731,인천 서구 석남동,화학물질 탱크 폭발,170.0
S01203,Q28,비CBRN,다중이용시설 테러,1400601.202204031,20220403,충청일보,,2022,INST,,,,
S01204,Q11,안보,화학무기 사용,4100158.20221002,20221002,데일리안,,2022,IRRELEVANT,,,,
S01205,Q13,안보,생물테러,1700401.202111181,20211118,제주일보,,2021,IRRELEVANT,,,,
S01206,Q19,안보,노비촉,1100101.202402251,20240225,경향신문,범죄>범죄일반>살인,2024,EVENT,20240216,러시아,의문사,274.0
S01207,Q03,산업,염소 가스 누출,1400551.202310181,20231018,충북일보,,2023,INST,,,,
S01208,Q12,안보,사린가스 공격,1100901.20220414,20220414,중앙일보,사회>사회갈등>전쟁,2022,OTHER,,,,
S01209,Q17,안보,더티밤,2100701.202210261,20221026,헤럴드경제,,2022,OTHER,,,,
S01210,Q17,안보,더티밤,2100201.202210261,20221026,머니투데이,,2022,IRRELEVANT,,,,
S01211,Q17,안보,더티밤,1100751.202210241,20221024,아시아투데이,,2022,OTHER,,,,
S01212,Q27,비CBRN,테러 예고 글,1100611.202509281,20250928,서울신문,,2025,EVENT,20250927,서울시,테러 예고 글,496.0
S01213,Q01,산업,불산 누출,1100801.202401241,20240124,조선일보,,2024,REF,,,,
S01214,Q11,안보,화학무기 사용,2100701.20220413,20220413,헤럴드경제,사회>사회갈등>시위,2022,EVENT,20220413,마리우폴,화학작용제,38.0
S01215,Q13,안보,생물테러,5510752.202411261,20241126,영주시민신문,,2024,INST,,,,
S01216,Q30,비CBRN,원전 방사선 피폭,1100701.20220624,20220624,세계일보,사고>산업사고>원자력사고,2022,INST,,,,
S01217,Q29,비CBRN,공항 폭발물 신고,1100101.202303132,20230313,경향신문,,2023,EVENT,20230310,인천공항,실탄,127.0
S01218,Q24,비CBRN,총기 난사,8200101.202411252,20241125,OBS,,2024,EVENT,20241124,비야에르모사,총기난사,381.0
S01219,Q15,안보,북한 핵실험,2100351.202602101,20260210,이투데이,,2026,IRRELEVANT,,,,
S01220,Q03,산업,염소 가스 누출,1200301.202608131,20260813,기호일보,사고>스포츠사고,2026,EVENT,20260812,수원시 영통구,염소가스,653.0
S01221,Q26,비CBRN,폭발물 협박,1500701.20250917,20250917,부산일보,,2025,EVENT,20250916,수원시,폭파 협박,490.0
S01222,Q18,안보,백색가루 신고,1500601.202208281,20220828,매일신문,범죄>범죄일반>마약,2022,IRRELEVANT,,,,
S01223,Q14,안보,탄저균 테러,1100101.202110011,20211001,경향신문,사회>사회갈등>시위,2021,IRRELEVANT,,,,
S01224,Q21,비CBRN,폭발물 테러,2100801.20220327,20220327,아시아경제,사고>산업사고>폭발,2022,EVENT,20220321,중국,여객기 추락,32.0
S01225,Q23,비CBRN,드론 공격,2100801.202603211,20260321,아시아경제,사회>사회갈등>전쟁,2026,IRRELEVANT,,,,
S01226,Q17,안보,더티밤,2100851.202210262,20221026,아주경제,,2022,OTHER,,,,
S01227,Q02,산업,암모니아 누출 사고,2100801.202608211,20260821,아시아경제,사고>산업사고>화재,2026,EVENT,20260821,서울 영등포구 양평동,암모니아,656.0
S01228,Q05,산업,화학공장 폭발,1400301.202307031,20230703,동양일보,사고>산업사고>폭발,2023,INST,,,,
S01229,Q01,산업,불산 누출,2100861.202410102,20241010,브릿지경제,,2024,REF,,,,
S01230,Q30,비CBRN,원전 방사선 피폭,1600801.202305241,20230524,전남일보,사고>산업사고>폭발,2023,OTHER,,,,
S01231,Q19,안보,노비촉,1100801.20230818,20230818,조선일보,범죄>범죄일반>사기,2023,REF,,,,
S01232,Q29,비CBRN,공항 폭발물 신고,2100201.202604161,20260416,머니투데이,범죄>범죄일반>마약,2026,IRRELEVANT,,,,
S01233,Q01,산업,불산 누출,1600201.202209152,20220915,광주매일신문,사고>산업사고>폭발,2022,INST,,,,
S01234,Q21,비CBRN,폭발물 테러,1100101.202308171,20230817,경향신문,사회>사회갈등>테러행위,2023,EVENT,20230817,서울시,폭파 협박 메일,207.0
S01235,Q05,산업,화학공장 폭발,1101001.202205311,20220531,한겨레,사고>산업사고>폭발,2022,EVENT,20220531,여수시 화치동,폭발,54.0
S01236,Q25,비CBRN,차량 돌진 테러,1100501.202311231,20231123,문화일보,사고>산업사고>폭발,2023,EVENT,20231122,나이아가라,차량 폭발,250.0
S01237,Q27,비CBRN,테러 예고 글,1101101.20230807,20230807,한국일보,범죄>범죄일반>절도,2023,EVENT,20230807,,살인예고 글,189.0
S01238,Q14,안보,탄저균 테러,4101008.202307101,20230710,이데일리,,2023,OTHER,,,,
S01239,Q25,비CBRN,차량 돌진 테러,1101101.202501021,20250102,한국일보,범죄>범죄일반>살인,2025,EVENT,20250101,뉴올리언스,차량 돌진,392.0
S01240,Q10,산업,화학사고 대응,1400301.202511261,20251126,동양일보,,2025,INST,,,,
S01241,Q19,안보,노비촉,1100611.202411141,20241114,서울신문,범죄>범죄일반>사기,2024,EVENT,20241112,베오그라드,의문사,378.0
S01242,Q10,산업,화학사고 대응,1400501.20251114,20251114,중부일보,,2025,IRRELEVANT,,,,
S01243,Q13,안보,생물테러,4101008.20230704,20230704,이데일리,,2023,IRRELEVANT,,,,
S01244,Q12,안보,사린가스 공격,1100401.20220324,20220324,동아일보,,2022,OTHER,,,,
S01245,Q13,안보,생물테러,8100401.202410091,20241009,YTN,,2024,INST,,,,
S01246,Q21,비CBRN,폭발물 테러,8100301.20231017,20231017,SBS,범죄>범죄일반>살인,2023,EVENT,20231017,프랑스,폭발물 신고,236.0
S01247,Q08,산업,질산 누출,1601001.202507242,20250724,전북도민일보,,2025,EVENT,20250724,전주시 덕진구,질산,447.0
S01248,Q26,비CBRN,폭발물 협박,8100201.20231101,20231101,MBC,사회>사회갈등>테러행위,2023,EVENT,20231031,파리,자폭 위협,243.0
S01249,Q13,안보,생물테러,1400201.202212181,20221218,대전일보,,2022,INST,,,,
S01250,Q05,산업,화학공장 폭발,4102008.202406271,20240627,쿠키뉴스,사고>산업사고>폭발,2024,INST,,,,
S01251,Q16,안보,방사능 유출,7101201.202604072,20260407,디지털타임스,사고>산업사고>화재,2026,OTHER,,,,
S01252,Q19,안보,노비촉,2100701.202307251,20230725,헤럴드경제,,2023,INST,,,,
S01253,Q16,안보,방사능 유출,2100311.202308271,20230827,서울경제,사고>산업사고>원자력사고,2023,INST,,,,
S01254,Q14,안보,탄저균 테러,2100701.202505011,20250501,헤럴드경제,,2025,INST,,,,
S01255,Q02,산업,암모니아 누출 사고,1400351.202206072,20220607,중도일보,사고>산업사고>폭발,2022,IRRELEVANT,,,,
S01256,Q01,산업,불산 누출,4100058.202208241,20220824,노컷뉴스,,2022,IRRELEVANT,,,,
S01257,Q05,산업,화학공장 폭발,1100701.202406241,20240624,세계일보,사고>산업사고>폭발,2024,EVENT,20240624,화성시 서신면,화재,330.0
S01258,Q08,산업,질산 누출,1100101.202402062,20240206,경향신문,,2024,EVENT,20240206,인천시,질식,272.0
S01259,Q06,산업,유해화학물질 유출,1500601.202311171,20231117,매일신문,사고>산업사고>폭발,2023,INST,,,,
S01260,Q05,산업,화학공장 폭발,1100101.202206051,20220605,경향신문,사회>사회갈등>전쟁,2022,IRRELEVANT,,,,
S01261,Q08,산업,질산 누출,1501301.202602262,20260226,울산신문,사고>산업사고>붕괴,2026,INST,,,,
S01262,Q29,비CBRN,공항 폭발물 신고,1100901.202304181,20230418,중앙일보,사회>사회갈등>테러행위,2023,EVENT,20230414,제주시,폭발물 협박,135.0
S01263,Q24,비CBRN,총기 난사,8100301.202512142,20251214,SBS,,2025,EVENT,20251214,시드니,총기난사,540.0
S01264,Q03,산업,염소 가스 누출,8100401.202209281,20220928,YTN,,2022,EVENT,20220928,서울 성동구 성수동,염소가스,87.0
S01265,Q19,안보,노비촉,8100401.202403071,20240307,YTN,,2024,OTHER,,,,
S01266,Q03,산업,염소 가스 누출,1400101.202405011,20240501,충청타임즈,사고>산업사고>화재,2024,INST,,,,
S01267,Q21,비CBRN,폭발물 테러,2100701.202512151,20251215,헤럴드경제,사회>사회갈등>테러행위,2025,IRRELEVANT,,,,
S01268,Q03,산업,염소 가스 누출,8100101.202312271,20231227,KBS,사고>산업사고>폭발,2023,REF,,,,
S01269,Q01,산업,불산 누출,2100801.202509271,20250927,아시아경제,,2025,EVENT,20250927,항저우,불산,495.0
S01270,Q10,산업,화학사고 대응,1400801.202510291,20251029,금강일보,,2025,EVENT,20251026,음성군 대소면,화학물질 유출,508.0
S01271,Q17,안보,더티밤,1101001.20221104,20221104,한겨레,사회>사회갈등>테러행위,2022,OTHER,,,,
S01272,Q22,비CBRN,사제폭탄,1100751.202308181,20230818,아시아투데이,사회>사회갈등>테러행위,2023,OTHER,,,,
S01273,Q12,안보,사린가스 공격,1400501.202212281,20221228,중부일보,,2022,IRRELEVANT,,,,
S01274,Q14,안보,탄저균 테러,1400601.20220506,20220506,충청일보,,2022,INST,,,,
S01275,Q21,비CBRN,폭발물 테러,1500701.20250806,20250806,부산일보,,2025,EVENT,20250805,서울 중구,폭파 협박글,455.0
S01276,Q29,비CBRN,공항 폭발물 신고,1100611.202406141,20240614,서울신문,사회>사회갈등>테러행위,2024,EVENT,20240614,인천시,폭발물 협박 이메일,320.0
S01277,Q07,산업,톨루엔 누출,1500101.20220927,20220927,경남일보,사고>산업사고>폭발,2022,INST,,,,
S01278,Q04,산업,황산 유출 사고,8100101.202602042,20260204,KBS,사고>스포츠사고,2026,EVENT,20260204,제주시 영평동,유독가스,569.0
S01279,Q05,산업,화학공장 폭발,1100701.20240822,20240822,세계일보,사고>산업사고>폭발,2024,EVENT,20240821,안드라프라데시,화재,348.0
S01280,Q26,비CBRN,폭발물 협박,1100301.202603311,20260331,내일신문,사고>산업사고>화재,2026,INST,,,,
S01281,Q13,안보,생물테러,1620001.202111212,20211121,광남일보,,2021,INST,,,,
S01282,Q21,비CBRN,폭발물 테러,8100401.202406022,20240602,YTN,,2024,OTHER,,,,
S01283,Q10,산업,화학사고 대응,1400201.202510011,20251001,대전일보,,2025,INST,,,,
S01284,Q15,안보,북한 핵실험,1100101.202205132,20220513,경향신문,,2022,IRRELEVANT,,,,
S01285,Q13,안보,생물테러,2100701.202510151,20251015,헤럴드경제,,2025,INST,,,,
S01286,Q03,산업,염소 가스 누출,8100101.202607092,20260709,KBS,,2026,IRRELEVANT,,,,
S01287,Q29,비CBRN,공항 폭발물 신고,4101008.202510191,20251019,이데일리,,2025,EVENT,20251019,인천시,폭발물 협박글,504.0
S01288,Q22,비CBRN,사제폭탄,1101101.202406241,20240624,한국일보,사고>교통사고>항공사고,2024,IRRELEVANT,,,,
S01289,Q15,안보,북한 핵실험,1100901.20220608,20220608,중앙일보,사고>산업사고>화재,2022,IRRELEVANT,,,,
S01290,Q11,안보,화학무기 사용,4100058.20220408,20220408,노컷뉴스,사고>교통사고>해상사고,2022,IRRELEVANT,,,,
S01291,Q19,안보,노비촉,1100901.20211008,20211008,중앙일보,,2021,IRRELEVANT,,,,
S01292,Q03,산업,염소 가스 누출,1500601.202409022,20240902,매일신문,사고>산업사고>화재,2024,EVENT,20240902,대구 달성군 논공읍,공장 화재,356.0
S01293,Q23,비CBRN,드론 공격,1100751.202608051,20260805,아시아투데이,사고>산업사고>붕괴,2026,INST,,,,
S01294,Q26,비CBRN,폭발물 협박,2100851.202607051,20260705,아주경제,,2026,EVENT,20260705,광주시,폭발물 협박글,637.0
S01295,Q10,산업,화학사고 대응,1300201.202404301,20240430,강원일보,,2024,INST,,,,
S01296,Q30,비CBRN,원전 방사선 피폭,4100078.202207271,20220727,뉴스핌,,2022,OTHER,,,,
S01297,Q15,안보,북한 핵실험,4100608.202503201,20250320,브레이크뉴스,,2025,OTHER,,,,
S01298,Q25,비CBRN,차량 돌진 테러,4100078.202308281,20230828,뉴스핌,범죄>범죄일반>살인,2023,IRRELEVANT,,,,
S01299,Q27,비CBRN,테러 예고 글,1100101.202309241,20230924,경향신문,범죄>범죄일반>살인,2023,EVENT,20230921,,살인예고 글,232.0
S01300,Q22,비CBRN,사제폭탄,2100701.202508261,20250826,헤럴드경제,,2025,EVENT,20250826,서울 양천구,폭파 협박글,473.0
S01301,Q14,안보,탄저균 테러,7100501.202503161,20250316,전자신문,,2025,OTHER,,,,
S01302,Q14,안보,탄저균 테러,1400551.202604131,20260413,충북일보,,2026,INST,,,,
S01303,Q14,안보,탄저균 테러,1200401.202304041,20230404,인천일보,,2023,IRRELEVANT,,,,
S01304,Q17,안보,더티밤,8100101.20221027,20221027,KBS,,2022,OTHER,,,,
S01305,Q20,안보,북한 생화학무기,2100201.20250527,20250527,머니투데이,,2025,REF,,,,
S01306,Q15,안보,북한 핵실험,1100401.202412022,20241202,동아일보,,2024,IRRELEVANT,,,,
S01307,Q25,비CBRN,차량 돌진 테러,7101201.202605131,20260513,디지털타임스,범죄>범죄일반>폭행,2026,OTHER,,,,
S01308,Q07,산업,톨루엔 누출,1100501.20240629,20240629,문화일보,사고>산업사고>폭발,2024,INST,,,,
S01309,Q01,산업,불산 누출,8100401.202511051,20251105,YTN,사고>스포츠사고,2025,EVENT,20251105,포항시,유독가스 누출,517.0
S01310,Q26,비CBRN,폭발물 협박,2100351.202110191,20211019,이투데이,,2021,EVENT,20211018,서울시,폭발물 허위신고,2.0
S01311,Q30,비CBRN,원전 방사선 피폭,2100051.202401251,20240125,대한경제,,2024,INST,,,,
S01312,Q29,비CBRN,공항 폭발물 신고,1100701.202304181,20230418,세계일보,사회>사회갈등>테러행위,2023,EVENT,20230414,제주시,폭발물 협박,135.0
S01313,Q19,안보,노비촉,1100751.202305221,20230522,아시아투데이,,2023,EVENT,20230429,베를린,독극물 공격,140.0
S01314,Q11,안보,화학무기 사용,2100351.202501101,20250110,이투데이,사고>산업사고>화재,2025,IRRELEVANT,,,,
S01315,Q15,안보,북한 핵실험,2100311.202211031,20221103,서울경제,,2022,OTHER,,,,
S01316,Q17,안보,더티밤,2100601.202210251,20221025,한국경제,,2022,IRRELEVANT,,,,
S01317,Q07,산업,톨루엔 누출,8100101.202301261,20230126,KBS,,2023,EVENT,20230126,여수시,톨루엔,121.0
S01318,Q27,비CBRN,테러 예고 글,1100901.202308071,20230807,중앙일보,범죄>범죄일반>살인,2023,OTHER,,,,
S01319,Q30,비CBRN,원전 방사선 피폭,1500151.20240118,20240118,경남도민일보,사고>산업사고>원자력사고,2024,OTHER,,,,
S01320,Q11,안보,화학무기 사용,4100078.20220322,20220322,뉴스핌,사회>사회갈등>전쟁,2022,OTHER,,,,
S01321,Q29,비CBRN,공항 폭발물 신고,4100158.202207051,20220705,데일리안,,2022,EVENT,20220703,메노르카,폭탄 허위신고,60.0
S01322,Q25,비CBRN,차량 돌진 테러,1100101.202505281,20250528,경향신문,범죄>범죄일반>폭행,2025,EVENT,20250526,리버풀,차량 돌진,425.0
S01323,Q25,비CBRN,차량 돌진 테러,2100101.202412221,20241222,매일경제,범죄>범죄일반>폭행,2024,EVENT,20241220,마그데부르크,차량 돌진,385.0
S01324,Q05,산업,화학공장 폭발,1100101.202406241,20240624,경향신문,범죄>범죄일반>방화,2024,OTHER,,,,
S01325,Q25,비CBRN,차량 돌진 테러,1100801.20260727,20260727,조선일보,범죄>범죄일반>살인,2026,EVENT,20260725,베를린,차량 돌진,643.0
S01326,Q01,산업,불산 누출,1400551.202412161,20241216,충북일보,사고>산업사고>폭발,2024,OTHER,,,,
S01327,Q24,비CBRN,총기 난사,1100751.202602101,20260210,아시아투데이,범죄>범죄일반>폭행,2026,REF,,,,
S01328,Q16,안보,방사능 유출,1101001.20241119,20241119,한겨레,사고>산업사고>원자력사고,2024,IRRELEVANT,,,,
S01329,Q23,비CBRN,드론 공격,2100201.20230319,20230319,머니투데이,사고>산업사고>화재,2023,IRRELEVANT,,,,
S01330,Q13,안보,생물테러,1400101.202312211,20231221,충청타임즈,,2023,INST,,,,
S01331,Q17,안보,더티밤,8100401.20221029,20221029,YTN,사회>사회갈등>시위,2022,OTHER,,,,
S01332,Q15,안보,북한 핵실험,8100401.202203121,20220312,YTN,,2022,OTHER,,,,
S01333,Q04,산업,황산 유출 사고,4102008.202604201,20260420,쿠키뉴스,사고>산업사고>폭발,2026,INST,,,,
S01334,Q14,안보,탄저균 테러,1400351.202309202,20230920,중도일보,사고>산업사고>붕괴,2023,INST,,,,
S01335,Q24,비CBRN,총기 난사,8200101.202305162,20230516,OBS,범죄>범죄일반>폭행,2023,OTHER,,,,
S01336,Q03,산업,염소 가스 누출,1200301.202410291,20241029,기호일보,사고>산업사고>화재,2024,INST,,,,
S01337,Q02,산업,암모니아 누출 사고,8100101.202404012,20240401,KBS,사고>산업사고>붕괴,2024,OTHER,,,,
S01338,Q07,산업,톨루엔 누출,2100501.202403271,20240327,파이낸셜뉴스,사고>산업사고>폭발,2024,INST,,,,
S01339,Q05,산업,화학공장 폭발,6100252.20260616,20260616,시사IN,범죄>범죄일반>방화,2026,OTHER,,,,
S01340,Q20,안보,북한 생화학무기,1500601.202406101,20240610,매일신문,,2024,OTHER,,,,
S01341,Q04,산업,황산 유출 사고,4100078.20241015,20241015,뉴스핌,범죄>범죄일반>폭행,2024,INST,,,,
S01342,Q02,산업,암모니아 누출 사고,4100158.202406021,20240602,데일리안,,2024,OTHER,,,,
S01343,Q07,산업,톨루엔 누출,1500601.20251213,20251213,매일신문,재해>자연재해>미세먼지_황사,2025,OTHER,,,,
S01344,Q02,산업,암모니아 누출 사고,8100101.202312272,20231227,KBS,사고>산업사고>폭발,2023,REF,,,,
S01345,Q16,안보,방사능 유출,8100401.202308241,20230824,YTN,사고>산업사고>원자력사고,2023,OTHER,,,,
S01346,Q04,산업,황산 유출 사고,1100201.202509241,20250924,국민일보,,2025,EVENT,20250924,포항시 북구 흥해읍,황산,492.0
S01347,Q30,비CBRN,원전 방사선 피폭,1100611.20220521,20220521,서울신문,사고>산업사고>폭발,2022,OTHER,,,,
S01348,Q10,산업,화학사고 대응,1200301.202212012,20221201,기호일보,,2022,INST,,,,
S01349,Q27,비CBRN,테러 예고 글,2100101.202308071,20230807,매일경제,범죄>범죄일반>살인,2023,INST,,,,
S01350,Q23,비CBRN,드론 공격,1100901.20250701,20250701,중앙일보,,2025,OTHER,,,,
S01351,Q03,산업,염소 가스 누출,2100601.202409011,20240901,한국경제,,2024,OTHER,,,,
S01352,Q10,산업,화학사고 대응,1400801.20220728,20220728,금강일보,,2022,INST,,,,
S01353,Q24,비CBRN,총기 난사,8100301.202305072,20230507,SBS,,2023,EVENT,20230506,텍사스주 앨런,총기난사,145.0
S01354,Q09,산업,유독가스 누출 대피,8100101.202608032,20260803,KBS,,2026,EVENT,20260802,대전 중구 복수동,일산화탄소,648.0
S01355,Q26,비CBRN,폭발물 협박,4100058.202511101,20251110,노컷뉴스,범죄>범죄일반>살인,2025,EVENT,20251109,평창군,폭발물 협박글,524.0
S01356,Q05,산업,화학공장 폭발,1100901.202202111,20220211,중앙일보,사고>산업사고>폭발,2022,EVENT,20220211,여수시 화치동,폭발,13.0
S01357,Q28,비CBRN,다중이용시설 테러,1400101.202508191,20250819,충청타임즈,,2025,INST,,,,
S01358,Q15,안보,북한 핵실험,4100078.202206141,20220614,뉴스핌,,2022,INST,,,,
S01359,Q05,산업,화학공장 폭발,1100701.202406292,20240629,세계일보,사고>산업사고>폭발,2024,OTHER,,,,
S01360,Q09,산업,유독가스 누출 대피,2100701.202401231,20240123,헤럴드경제,사고>산업사고>화재,2024,EVENT,20240123,서천군,화재,265.0
S01361,Q05,산업,화학공장 폭발,1100201.20240625,20240625,국민일보,사고>산업사고>폭발,2024,EVENT,20240624,화성시 서신면,화재,330.0
S01362,Q04,산업,황산 유출 사고,1100201.202506142,20250614,국민일보,,2025,EVENT,20250614,영광군,황산,434.0
S01363,Q14,안보,탄저균 테러,2100801.202209281,20220928,아시아경제,,2022,EVENT,20220928,제주시 조천읍,백색가루 우편물,88.0
S01364,Q29,비CBRN,공항 폭발물 신고,1500901.202309212,20230921,울산매일,,2023,INST,,,,
S01365,Q01,산업,불산 누출,1400401.202606011,20260601,중부매일,사고>산업사고>폭발,2026,EVENT,20260601,청주시,공장 화재,627.0
S01366,Q29,비CBRN,공항 폭발물 신고,1500901.202406231,20240623,울산매일,범죄>범죄일반>살인,2024,EVENT,20240621,울산시,폭발물 허위신고,322.0
S01367,Q17,안보,더티밤,1100101.202211031,20221103,경향신문,,2022,OTHER,,,,
S01368,Q07,산업,톨루엔 누출,2100351.202604171,20260417,이투데이,사고>스포츠사고,2026,EVENT,20260417,오산시 누읍동,화학물질 누출,598.0
S01369,Q09,산업,유독가스 누출 대피,8100101.202202252,20220225,KBS,,2022,EVENT,20220225,부산 사하구 신평동,암모니아,17.0
S01370,Q09,산업,유독가스 누출 대피,4100158.202606141,20260614,데일리안,사고>산업사고>폭발,2026,INST,,,,
S01371,Q25,비CBRN,차량 돌진 테러,2100701.202308032,20230803,헤럴드경제,범죄>범죄일반>살인,2023,EVENT,20230803,성남시 분당구,흉기난동,172.0
S01372,Q24,비CBRN,총기 난사,2100601.202305031,20230503,한국경제,,2023,EVENT,20230503,베오그라드,총기난사,142.0
S01373,Q17,안보,더티밤,8100101.20221027,20221027,KBS,,2022,OTHER,,,,
S01374,Q11,안보,화학무기 사용,1100101.202512231,20251223,경향신문,범죄>범죄일반>살인,2025,OTHER,,,,
S01375,Q20,안보,북한 생화학무기,8100401.20220314,20220314,YTN,,2022,OTHER,,,,
S01376,Q12,안보,사린가스 공격,1101101.20251214,20251214,한국일보,범죄>기업범죄>거래제한,2025,OTHER,,,,
S01377,Q08,산업,질산 누출,1500601.202407041,20240704,매일신문,,2024,EVENT,20240701,안동시 임동면,질산,337.0
S01378,Q15,안보,북한 핵실험,2100701.202208121,20220812,헤럴드경제,범죄>기업범죄>거래제한,2022,IRRELEVANT,,,,
S01379,Q20,안보,북한 생화학무기,1100901.20240603,20240603,중앙일보,,2024,OTHER,,,,
S01380,Q24,비CBRN,총기 난사,8200101.202406242,20240624,OBS,,2024,EVENT,20240623,다게스탄 데르벤트,총기난사,324.0
S01381,Q06,산업,유해화학물질 유출,1400601.202208161,20220816,충청일보,,2022,INST,,,,
S01382,Q12,안보,사린가스 공격,2100311.20250217,20250217,서울경제,사고>스포츠사고,2025,IRRELEVANT,,,,
S01383,Q07,산업,톨루엔 누출,1200301.202604181,20260418,기호일보,,2026,EVENT,20260417,오산시 누읍동,톨루엔,597.0
S01384,Q10,산업,화학사고 대응,4104008.202609011,20260901,프레시안,사고>산업사고>화재,2026,INST,,,,
S01385,Q17,안보,더티밤,2100351.202210261,20221026,이투데이,,2022,OTHER,,,,
S01386,Q05,산업,화학공장 폭발,1601101.202406261,20240626,전북일보,사고>산업사고>폭발,2024,OTHER,,,,
S01387,Q28,비CBRN,다중이용시설 테러,5520352.202608241,20260824,당진시대,사고>산업사고>화재,2026,INST,,,,
S01388,Q21,비CBRN,폭발물 테러,2100201.202308141,20230814,머니투데이,범죄>범죄일반>살인,2023,EVENT,20230813,서울시,폭파 협박 메일,198.0
S01389,Q20,안보,북한 생화학무기,1101101.20230106,20230106,한국일보,,2023,IRRELEVANT,,,,
S01390,Q23,비CBRN,드론 공격,1100101.202211021,20221102,경향신문,사회>사회갈등>시위,2022,OTHER,,,,
S01391,Q15,안보,북한 핵실험,1100701.202305072,20230507,세계일보,,2023,IRRELEVANT,,,,
S01392,Q16,안보,방사능 유출,1100611.202208281,20220828,서울신문,사고>산업사고>화재,2022,INST,,,,
S01393,Q16,안보,방사능 유출,2100101.202110261,20211026,매일경제,사고>산업사고>원자력사고,2021,IRRELEVANT,,,,
S01394,Q10,산업,화학사고 대응,1500201.202602081,20260208,경북일보,사고>산업사고>붕괴,2026,OTHER,,,,
S01395,Q19,안보,노비촉,1101001.202402181,20240218,한겨레,,2024,EVENT,20240216,러시아 하르프,의문사,277.0
S01396,Q24,비CBRN,총기 난사,2100311.202304091,20230409,서울경제,사회>사회갈등>시위,2023,OTHER,,,,
S01397,Q20,안보,북한 생화학무기,1400201.20240604,20240604,대전일보,,2024,OTHER,,,,
S01398,Q22,비CBRN,사제폭탄,1100611.202608261,20260826,서울신문,사회>사회갈등>테러행위,2026,EVENT,20260826,전주시,폭발물 협박 메일,664.0
S01399,Q13,안보,생물테러,1400551.202310241,20231024,충북일보,,2023,INST,,,,
S01400,Q21,비CBRN,폭발물 테러,7100501.202510211,20251021,전자신문,범죄>범죄일반>방화,2025,IRRELEVANT,,,,
S01401,Q12,안보,사린가스 공격,2100801.20230321,20230321,아시아경제,사회>사회문제>학대,2023,REF,,,,
S01402,Q07,산업,톨루엔 누출,7100501.202606241,20260624,전자신문,사고>산업사고>폭발,2026,INST,,,,
S01403,Q09,산업,유독가스 누출 대피,2100101.202407221,20240722,매일경제,사고>산업사고>폭발,2024,INST,,,,
S01404,Q05,산업,화학공장 폭발,2100701.202112141,20211214,헤럴드경제,사고>산업사고>폭발,2021,EVENT,20211213,여수시,폭발화재,11.0
S01405,Q19,안보,노비촉,7101201.20240216,20240216,디지털타임스,범죄>기업범죄>횡령,2024,EVENT,20240216,러시아 야말로네네츠,의문사,281.0
S01406,Q01,산업,불산 누출,1400201.202606021,20260602,대전일보,사고>산업사고>폭발,2026,INST,,,,
S01407,Q09,산업,유독가스 누출 대피,1100201.202509051,20250905,국민일보,사고>스포츠사고,2025,EVENT,20250905,김포시 하성면,암모니아,483.0
S01408,Q24,비CBRN,총기 난사,8100101.202310272,20231027,KBS,,2023,EVENT,20231025,메인주,총기난사,240.0
S01409,Q11,안보,화학무기 사용,1100201.20260319,20260319,국민일보,사회>사회갈등>전쟁,2026,IRRELEVANT,,,,
S01410,Q24,비CBRN,총기 난사,7101201.20250828,20250828,디지털타임스,범죄>범죄일반>살인,2025,EVENT,20250827,미니애폴리스,총기난사,476.0
S01411,Q03,산업,염소 가스 누출,4101008.202607021,20260702,이데일리,사고>산업사고>폭발,2026,OTHER,,,,
S01412,Q30,비CBRN,원전 방사선 피폭,4100078.202310101,20231010,뉴스핌,,2023,INST,,,,
S01413,Q16,안보,방사능 유출,1101101.202308231,20230823,한국일보,사고>산업사고>원자력사고,2023,INST,,,,
S01414,Q02,산업,암모니아 누출 사고,1100101.202311031,20231103,경향신문,,2023,EVENT,20231103,고령군 다산면,암모니아,244.0
S01415,Q01,산업,불산 누출,2100311.202210302,20221030,서울경제,범죄>범죄일반>방화,2022,IRRELEVANT,,,,
S01416,Q26,비CBRN,폭발물 협박,1101101.202508101,20250810,한국일보,,2025,EVENT,20250810,서울 송파구,폭발물 협박,465.0
S01417,Q25,비CBRN,차량 돌진 테러,1101001.20260109,20260109,한겨레,사고>교통사고>노상사고,2026,OTHER,,,,
S01418,Q04,산업,황산 유출 사고,1500051.202308081,20230808,경남신문,,2023,EVENT,20230808,창원시 마산,황산,196.0
S01419,Q15,안보,북한 핵실험,1100401.20220613,20220613,동아일보,,2022,INST,,,,
S01420,Q07,산업,톨루엔 누출,2100801.202305021,20230502,아시아경제,,2023,OTHER,,,,
S01421,Q10,산업,화학사고 대응,4100158.202502201,20250220,데일리안,,2025,INST,,,,
S01422,Q17,안보,더티밤,2100101.20221024,20221024,매일경제,,2022,OTHER,,,,
S01423,Q25,비CBRN,차량 돌진 테러,1100501.20260727,20260727,문화일보,범죄>범죄일반>폭행,2026,EVENT,20260725,베를린,차량 돌진,643.0
S01424,Q23,비CBRN,드론 공격,1100611.20231125,20231125,서울신문,,2023,OTHER,,,,
S01425,Q22,비CBRN,사제폭탄,2100311.202408221,20240822,서울경제,사고>산업사고>폭발,2024,EVENT,20240822,광주 서구 치평동,사제폭탄,353.0
S01426,Q10,산업,화학사고 대응,1400551.202212041,20221204,충북일보,,2022,INST,,,,
S01427,Q25,비CBRN,차량 돌진 테러,1100101.202501091,20250109,경향신문,,2025,IRRELEVANT,,,,
S01428,Q19,안보,노비촉,2100101.202402201,20240220,매일경제,범죄>범죄일반>살인,2024,EVENT,20240216,러시아,노비촉 독살,276.0
S01429,Q05,산업,화학공장 폭발,2100201.202505281,20250528,머니투데이,사고>산업사고>폭발,2025,EVENT,20250527,산둥성 가오미시,폭발,427.0
S01430,Q10,산업,화학사고 대응,4104008.202412051,20241205,프레시안,,2024,INST,,,,
S01431,Q16,안보,방사능 유출,8100401.20230921,20230921,YTN,사고>산업사고>원자력사고,2023,INST,,,,
S01432,Q02,산업,암모니아 누출 사고,8100401.202509051,20250905,YTN,사고>스포츠사고,2025,EVENT,20250905,김포시 하성면,암모니아,483.0
S01433,Q25,비CBRN,차량 돌진 테러,1500701.202308121,20230812,부산일보,범죄>범죄일반>살인,2023,OTHER,,,,
S01434,Q01,산업,불산 누출,7100501.20230719,20230719,전자신문,,2023,OTHER,,,,
S01435,Q10,산업,화학사고 대응,1400601.202311301,20231130,충청일보,,2023,INST,,,,
S01436,Q01,산업,불산 누출,1101101.202112031,20211203,한국일보,재해>자연재해>태풍,2021,IRRELEVANT,,,,
S01437,Q14,안보,탄저균 테러,10100401.202309271,20230927,스포츠월드,,2023,IRRELEVANT,,,,
S01438,Q23,비CBRN,드론 공격,1100101.202212181,20221218,경향신문,,2022,OTHER,,,,
S01439,Q02,산업,암모니아 누출 사고,1100801.202307251,20230725,조선일보,,2023,EVENT,20230725,울산 남구 야음동,암모니아,167.0
S01440,Q24,비CBRN,총기 난사,1100611.202311081,20231108,서울신문,범죄>범죄일반>살인,2023,IRRELEVANT,,,,
S01441,Q10,산업,화학사고 대응,7100502.202502201,20250220,환경일보,,2025,INST,,,,
S01442,Q04,산업,황산 유출 사고,4100058.202509241,20250924,노컷뉴스,,2025,EVENT,20250924,포항시 북구 흥해읍,황산,492.0
S01443,Q27,비CBRN,테러 예고 글,1100401.20240725,20240725,동아일보,범죄>범죄일반>살인,2024,INST,,,,
S01444,Q08,산업,질산 누출,1101101.202407041,20240704,한국일보,,2024,EVENT,20240701,안동시 임동면,질산,337.0
S01445,Q16,안보,방사능 유출,1100401.202403151,20240315,동아일보,재해>자연재해>지진,2024,EVENT,20240315,후쿠시마현,지진,294.0
S01446,Q18,안보,백색가루 신고,7100502.202211081,20221108,환경일보,,2022,INST,,,,
S01447,Q21,비CBRN,폭발물 테러,1100201.20220224,20220224,국민일보,범죄>기업범죄>거래제한,2022,IRRELEVANT,,,,
S01448,Q24,비CBRN,총기 난사,8100401.20251222,20251222,YTN,범죄>범죄일반>살인,2025,OTHER,,,,
S01449,Q11,안보,화학무기 사용,1100701.20260627,20260627,세계일보,,2026,OTHER,,,,
S01450,Q23,비CBRN,드론 공격,2100201.202606021,20260602,머니투데이,사회>사회갈등>전쟁,2026,IRRELEVANT,,,,
S01451,Q23,비CBRN,드론 공격,2100801.20230211,20230211,아시아경제,사고>교통사고>우주사고,2023,OTHER,,,,
S01452,Q16,안보,방사능 유출,4100608.202304121,20230412,브레이크뉴스,,2023,INST,,,,
S01453,Q29,비CBRN,공항 폭발물 신고,2100501.202602181,20260218,파이낸셜뉴스,사회>사회문제>미성년범죄,2026,OTHER,,,,
S01454,Q06,산업,유해화학물질 유출,7100502.202412121,20241212,환경일보,,2024,INST,,,,
S01455,Q22,비CBRN,사제폭탄,1500801.20250825,20250825,영남일보,,2025,IRRELEVANT,,,,
S01456,Q08,산업,질산 누출,1601001.202510141,20251014,전북도민일보,사고>산업사고>폭발,2025,EVENT,20251013,완주군 봉동읍,질산,499.0
S01457,Q02,산업,암모니아 누출 사고,8100101.202307041,20230704,KBS,,2023,EVENT,20230703,군산시,암모니아,152.0
S01458,Q20,안보,북한 생화학무기,2100801.20240716,20240716,아시아경제,,2024,OTHER,,,,
S01459,Q20,안보,북한 생화학무기,1500601.202407301,20240730,매일신문,,2024,OTHER,,,,
S01460,Q02,산업,암모니아 누출 사고,1100501.20260821,20260821,문화일보,,2026,EVENT,20260821,서울 영등포구,암모니아,657.0
S01461,Q03,산업,염소 가스 누출,1100701.202406242,20240624,세계일보,사고>산업사고>폭발,2024,EVENT,20240624,화성시 서신면,화재 유독가스,333.0
S01462,Q24,비CBRN,총기 난사,1100801.20250204,20250204,조선일보,사고>산업사고>폭발,2025,IRRELEVANT,,,,
S01463,Q06,산업,유해화학물질 유출,2100401.20250306,20250306,메트로경제,범죄>범죄일반>방화,2025,INST,,,,
S01464,Q06,산업,유해화학물질 유출,2100501.202311271,20231127,파이낸셜뉴스,사고>산업사고>폭발,2023,INST,,,,
S01465,Q06,산업,유해화학물질 유출,2100401.20241029,20241029,메트로경제,,2024,OTHER,,,,
S01466,Q07,산업,톨루엔 누출,7101201.202403271,20240327,디지털타임스,사고>산업사고>폭발,2024,INST,,,,
S01467,Q21,비CBRN,폭발물 테러,1100301.202208231,20220823,내일신문,사고>산업사고>폭발,2022,EVENT,20220820,러시아 모스크바,차량폭발,75.0
S01468,Q03,산업,염소 가스 누출,1400351.202206232,20220623,중도일보,,2022,INST,,,,
S01469,Q05,산업,화학공장 폭발,1500051.202306131,20230613,경남신문,사고>산업사고>폭발,2023,OTHER,,,,
S01470,Q14,안보,탄저균 테러,1400601.202510262,20251026,충청일보,,2025,INST,,,,
S01471,Q10,산업,화학사고 대응,2100311.202207211,20220721,서울경제,,2022,OTHER,,,,
S01472,Q20,안보,북한 생화학무기,1100801.202406041,20240604,조선일보,,2024,OTHER,,,,
S01473,Q27,비CBRN,테러 예고 글,4100158.202404301,20240430,데일리안,범죄>범죄일반>살인,2024,EVENT,20240430,서울 강동구,테러예고글,308.0
S01474,Q08,산업,질산 누출,1100801.202603182,20260318,조선일보,사고>스포츠사고,2026,EVENT,20260318,수원시 장안구,질산,583.0
S01475,Q21,비CBRN,폭발물 테러,2100501.20230611,20230611,파이낸셜뉴스,,2023,EVENT,20220927,발트해,가스관 폭파,85.0
S01476,Q20,안보,북한 생화학무기,1100201.2021102,20211020,국민일보,,2021,IRRELEVANT,,,,
S01477,Q16,안보,방사능 유출,1101202.202110281,20211028,일요신문,사고>산업사고>원자력사고,2021,IRRELEVANT,,,,
S01478,Q19,안보,노비촉,1100901.202208262,20220826,중앙일보,,2022,IRRELEVANT,,,,
S01479,Q24,비CBRN,총기 난사,8100101.20250107,20250107,KBS,,2025,EVENT,20250107,팔레스타인 서안지구,총기난사,393.0
S01480,Q10,산업,화학사고 대응,2100701.202301311,20230131,헤럴드경제,범죄>범죄일반>절도,2023,INST,,,,
S01481,Q28,비CBRN,다중이용시설 테러,1400201.202408121,20240812,대전일보,,2024,INST,,,,
S01482,Q20,안보,북한 생화학무기,2100801.202212271,20221227,아시아경제,,2022,IRRELEVANT,,,,
S01483,Q08,산업,질산 누출,1100501.20251106,20251106,문화일보,,2025,EVENT,20251105,포항시,불산질산혼합액,521.0
S01484,Q23,비CBRN,드론 공격,2100351.20240203,20240203,이투데이,사회>사회갈등>전쟁,2024,EVENT,20240202,이라크 시리아,공습,268.0
S01485,Q22,비CBRN,사제폭탄,1100201.202608261,20260826,국민일보,,2026,EVENT,20260826,전주시,폭발물협박,661.0
S01486,Q13,안보,생물테러,1400351.202410232,20241023,중도일보,,2024,INST,,,,
S01487,Q13,안보,생물테러,4101008.20260807,20260807,이데일리,,2026,OTHER,,,,
S01488,Q11,안보,화학무기 사용,7101201.202509061,20250906,디지털타임스,범죄>범죄일반>살인,2025,IRRELEVANT,,,,
S01489,Q23,비CBRN,드론 공격,4100078.202603121,20260312,뉴스핌,사고>산업사고>폭발,2026,EVENT,20260312,페르시아만,원유시설 타격,580.0
S01490,Q11,안보,화학무기 사용,1100901.20220701,20220701,중앙일보,,2022,IRRELEVANT,,,,
S01491,Q05,산업,화학공장 폭발,2100851.202406251,20240625,아주경제,사고>산업사고>폭발,2024,EVENT,20240624,화성시 서신면,화재,330.0
S01492,Q16,안보,방사능 유출,8100101.202506231,20250623,KBS,사회>사회갈등>전쟁,2025,EVENT,20250622,이란,핵시설 공습,435.0
S01493,Q22,비CBRN,사제폭탄,1500701.202508171,20250817,부산일보,범죄>범죄일반>방화,2025,REF,,,,
S01494,Q03,산업,염소 가스 누출,2100701.202507092,20250709,헤럴드경제,,2025,EVENT,20250709,인천 서구 백석동,염소계 액체,443.0
S01495,Q15,안보,북한 핵실험,8100401.202208111,20220811,YTN,,2022,IRRELEVANT,,,,
S01496,Q28,비CBRN,다중이용시설 테러,4102008.20240821,20240821,쿠키뉴스,사고>산업사고>화재,2024,INST,,,,
S01497,Q11,안보,화학무기 사용,1100701.202203101,20220310,세계일보,사고>산업사고>붕괴,2022,IRRELEVANT,,,,
S01498,Q11,안보,화학무기 사용,1100401.20220329,20220329,동아일보,,2022,IRRELEVANT,,,,
S01499,Q13,안보,생물테러,2100501.202507301,20250730,파이낸셜뉴스,,2025,INST,,,,
S01500,Q28,비CBRN,다중이용시설 테러,8100101.202305121,20230512,KBS,,2023,INST,,,,
S01501,Q04,산업,황산 유출 사고,4104008.202502282,20250228,프레시안,,2025,EVENT,20250226,포항시 북구 흥해읍,황산,404.0
S01502,Q13,안보,생물테러,1200101.202407091,20240709,경기일보,,2024,INST,,,,
S01503,Q08,산업,질산 누출,4102008.202407011,20240701,쿠키뉴스,,2024,EVENT,20240701,안동시 임동면,질산,337.0
S01504,Q23,비CBRN,드론 공격,1100901.20260819,20260819,중앙일보,,2026,IRRELEVANT,,,,
S01505,Q22,비CBRN,사제폭탄,1101001.202305221,20230522,한겨레,,2023,IRRELEVANT,,,,
S01506,Q07,산업,톨루엔 누출,1400101.202605132,20260513,충청타임즈,사고>산업사고>화재,2026,INST,,,,
S01507,Q29,비CBRN,공항 폭발물 신고,1100801.202310121,20231012,조선일보,사회>사회갈등>전쟁,2023,IRRELEVANT,,,,
S01508,Q15,안보,북한 핵실험,1400551.202203271,20220327,충북일보,,2022,OTHER,,,,
S01509,Q02,산업,암모니아 누출 사고,4100158.202409041,20240904,데일리안,사고>산업사고>폭발,2024,INST,,,,
S01510,Q25,비CBRN,차량 돌진 테러,1100401.20250103,20250103,동아일보,사고>산업사고>폭발,2025,EVENT,20250101,미국 뉴올리언스,차량돌진,390.0
S01511,Q15,안보,북한 핵실험,1700201.202405011,20240501,한라일보,사고>산업사고>붕괴,2024,EVENT,20240426,제주시,공중음파,306.0
S01512,Q20,안보,북한 생화학무기,1100101.202410041,20241004,경향신문,사고>산업사고>화재,2024,EVENT,20241004,서울,오물풍선,372.0
S01513,Q30,비CBRN,원전 방사선 피폭,8100101.20230831,20230831,KBS,,2023,REF,,,,
S01514,Q27,비CBRN,테러 예고 글,1100701.202308071,20230807,세계일보,사회>사회갈등>테러행위,2023,EVENT,20230807,김해공항,폭탄테러예고,187.0
S01515,Q23,비CBRN,드론 공격,1100101.202411202,20241120,경향신문,사회>사회갈등>전쟁,2024,IRRELEVANT,,,,
S01516,Q13,안보,생물테러,4102008.20250216,20250216,쿠키뉴스,,2025,IRRELEVANT,,,,
S01517,Q05,산업,화학공장 폭발,1100301.202406251,20240625,내일신문,범죄>범죄일반>방화,2024,EVENT,20240624,화성시 서신면,화재,330.0
S01518,Q09,산업,유독가스 누출 대피,2100201.20230731,20230731,머니투데이,사고>산업사고>폭발,2023,OTHER,,,,
S01519,Q08,산업,질산 누출,8100101.202511052,20251105,KBS,,2025,EVENT,20251105,포항시,유해가스,510.0
S01520,Q05,산업,화학공장 폭발,2100801.202301271,20230127,아시아경제,사고>산업사고>폭발,2023,EVENT,20230115,중국 랴오닝,화학공장 폭발,116.0
S01521,Q28,비CBRN,다중이용시설 테러,2100861.202508201,20250820,브릿지경제,사회>사회갈등>전쟁,2025,INST,,,,
S01522,Q21,비CBRN,폭발물 테러,1101001.202503121,20250312,한겨레,범죄>범죄일반>유괴/납치,2025,EVENT,20250311,파키스탄 발루치스탄,열차납치,411.0
S01523,Q14,안보,탄저균 테러,4104008.202401231,20240123,프레시안,사고>산업사고>폭발,2024,REF,,,,
S01524,Q09,산업,유독가스 누출 대피,8100401.202401231,20240123,YTN,사고>산업사고>화재,2024,IRRELEVANT,,,,
S01525,Q11,안보,화학무기 사용,2100101.20240311,20240311,매일경제,,2024,IRRELEVANT,,,,
S01526,Q17,안보,더티밤,1100611.20250621,20250621,서울신문,사회>사회갈등>전쟁,2025,OTHER,,,,
S01527,Q15,안보,북한 핵실험,1100751.20240621,20240621,아시아투데이,,2024,IRRELEVANT,,,,
S01528,Q28,비CBRN,다중이용시설 테러,1620001.20220516,20220516,광남일보,,2022,INST,,,,
S01529,Q12,안보,사린가스 공격,1501001.202308202,20230820,대구신문,범죄>범죄일반>살인,2023,OTHER,,,,
S01530,Q24,비CBRN,총기 난사,1100901.202603131,20260313,중앙일보,범죄>범죄일반>폭행,2026,EVENT,20260312,미국 노퍽,총기난사,581.0
S01531,Q29,비CBRN,공항 폭발물 신고,1101101.202510192,20251019,한국일보,,2025,EVENT,20251019,인천국제공항,폭발물예고,505.0
S01532,Q22,비CBRN,사제폭탄,1300101.202608261,20260826,강원도민일보,,2026,EVENT,20260826,춘천시,폭발물협박,660.0
S01533,Q11,안보,화학무기 사용,8100201.202204161,20220416,MBC,사고>산업사고>화재,2022,IRRELEVANT,,,,
S01534,Q28,비CBRN,다중이용시설 테러,1100901.20231027,20231027,중앙일보,,2023,INST,,,,
S01535,Q07,산업,톨루엔 누출,1500901.202409291,20240929,울산매일,사고>산업사고>화재,2024,EVENT,20240927,울주군 온산읍,유해화학물질,366.0
S01536,Q27,비CBRN,테러 예고 글,8100401.202308071,20230807,YTN,사회>사회갈등>테러행위,2023,EVENT,20230807,대구국제공항,폭탄테러예고,191.0
S01537,Q04,산업,황산 유출 사고,2100601.20221206,20221206,한국경제,,2022,OTHER,,,,
S01538,Q13,안보,생물테러,1100611.202509141,20250914,서울신문,사고>교통사고>항공사고,2025,INST,,,,
S01539,Q14,안보,탄저균 테러,4100058.202211041,20221104,노컷뉴스,,2022,EVENT,20221103,제주시 오라동,정체불명 우편물,103.0
S01540,Q12,안보,사린가스 공격,2100801.202203231,20220323,아시아경제,사회>사회갈등>전쟁,2022,OTHER,,,,
S01541,Q26,비CBRN,폭발물 협박,1100101.202509081,20250908,경향신문,,2025,EVENT,20250908,인천 강화군,폭발물협박,484.0
S01542,Q23,비CBRN,드론 공격,1100801.20240925,20240925,조선일보,사고>교통사고>항공사고,2024,OTHER,,,,
S01543,Q21,비CBRN,폭발물 테러,4101008.20251223,20251223,이데일리,범죄>범죄일반>폭행,2025,EVENT,20251222,러시아 모스크바,차량폭탄,556.0
S01544,Q26,비CBRN,폭발물 협박,8100401.202512312,20251231,YTN,,2025,EVENT,20251231,서울 역삼동,폭발물협박,559.0
S01545,Q09,산업,유독가스 누출 대피,1100101.202406131,20240613,경향신문,사고>산업사고>폭발,2024,EVENT,20240613,부산 사상구 학장동,폭발,316.0
S01546,Q10,산업,화학사고 대응,7100502.202408271,20240827,환경일보,,2024,INST,,,,
S01547,Q26,비CBRN,폭발물 협박,2100801.202308091,20230809,아시아경제,사회>사회갈등>테러행위,2023,IRRELEVANT,,,,
S01548,Q16,안보,방사능 유출,1100801.20241007,20241007,조선일보,사고>산업사고>원자력사고,2024,OTHER,,,,
S01549,Q13,안보,생물테러,4102008.20251107,20251107,쿠키뉴스,,2025,INST,,,,
S01550,Q05,산업,화학공장 폭발,1400201.202406252,20240625,대전일보,사고>산업사고>폭발,2024,INST,,,,
S01551,Q26,비CBRN,폭발물 협박,8100401.202508051,20250805,YTN,,2025,EVENT,20250805,서울 중구,폭발물협박,456.0
S01552,Q02,산업,암모니아 누출 사고,8100101.20260223,20260223,KBS,,2026,INST,,,,
S01553,Q27,비CBRN,테러 예고 글,4100058.202208261,20220826,노컷뉴스,,2022,EVENT,20220825,서울,테러예고글,77.0
S01554,Q02,산업,암모니아 누출 사고,1501301.202509102,20250910,울산신문,사고>교통사고>해상사고,2025,OTHER,,,,
S01555,Q04,산업,황산 유출 사고,8100101.202504091,20250409,KBS,사고>산업사고>폭발,2025,EVENT,20250408,서울 성동구,황산,413.0
S01556,Q30,비CBRN,원전 방사선 피폭,8100301.20250627,20250627,SBS,사고>산업사고>폭발,2025,OTHER,,,,
S01557,Q30,비CBRN,원전 방사선 피폭,4100058.20230926,20230926,노컷뉴스,,2023,INST,,,,
S01558,Q08,산업,질산 누출,2100801.202511051,20251105,아시아경제,,2025,EVENT,20251105,포항시,유해가스,510.0
S01559,Q12,안보,사린가스 공격,4104008.202404271,20240427,프레시안,사회>사회문제>학대,2024,REF,,,,
S01560,Q07,산업,톨루엔 누출,1100701.202301261,20230126,세계일보,사고>교통사고>항공사고,2023,EVENT,20230126,여수시,톨루엔,121.0
S01561,Q14,안보,탄저균 테러,2100701.202307241,20230724,헤럴드경제,사고>산업사고>폭발,2023,OTHER,,,,
S01562,Q11,안보,화학무기 사용,1100501.20221116,20221116,문화일보,,2022,OTHER,,,,
S01563,Q07,산업,톨루엔 누출,4100608.202111151,20211115,브레이크뉴스,사고>스포츠사고,2021,INST,,,,
S01564,Q10,산업,화학사고 대응,2100501.202308271,20230827,파이낸셜뉴스,,2023,INST,,,,
S01565,Q06,산업,유해화학물질 유출,2100201.20240823,20240823,머니투데이,사고>산업사고>화재,2024,INST,,,,
S01566,Q18,안보,백색가루 신고,2100801.20220613,20220613,아시아경제,,2022,IRRELEVANT,,,,
S01567,Q24,비CBRN,총기 난사,8100301.20260422,20260422,SBS,범죄>범죄일반>마약,2026,EVENT,20260422,멕시코,총기난사,602.0
S01568,Q21,비CBRN,폭발물 테러,1100801.202602021,20260202,조선일보,,2026,EVENT,20260202,경기도,폭파협박,565.0
S01569,Q26,비CBRN,폭발물 협박,2100861.202605212,20260521,브릿지경제,,2026,INST,,,,
S01570,Q02,산업,암모니아 누출 사고,2100051.20241101,20241101,대한경제,사고>산업사고>폭발,2024,INST,,,,
S01571,Q28,비CBRN,다중이용시설 테러,10100101.20250818,20250818,스포츠서울,,2025,INST,,,,
S01572,Q14,안보,탄저균 테러,2100351.20231101,20231101,이투데이,,2023,OTHER,,,,
S01573,Q03,산업,염소 가스 누출,1200101.202403141,20240314,경기일보,,2024,EVENT,20240314,의정부시 가능동,염소가스,292.0
S01574,Q16,안보,방사능 유출,1100611.202506231,20250623,서울신문,사회>사회갈등>전쟁,2025,EVENT,20250622,이란 포르도,핵시설 공습,436.0
S01575,Q08,산업,질산 누출,4101008.202407011,20240701,이데일리,,2024,EVENT,20240701,안동시 임동면,질산,337.0
S01576,Q30,비CBRN,원전 방사선 피폭,1100101.202311051,20231105,경향신문,,2023,OTHER,,,,
S01577,Q18,안보,백색가루 신고,1500701.202509241,20250924,부산일보,사고>산업사고>화재,2025,INST,,,,
S01578,Q15,안보,북한 핵실험,2100311.202210271,20221027,서울경제,,2022,IRRELEVANT,,,,
S01579,Q13,안보,생물테러,4100608.202308112,20230811,브레이크뉴스,,2023,INST,,,,
S01580,Q22,비CBRN,사제폭탄,4100058.202505141,20250514,노컷뉴스,,2025,IRRELEVANT,,,,
S01581,Q04,산업,황산 유출 사고,1200101.202607111,20260711,경기일보,사고>산업사고>화재,2026,EVENT,20260709,봉화군 석포면,화재,638.0
S01582,Q05,산업,화학공장 폭발,2100601.202210201,20221020,한국경제,사고>산업사고>폭발,2022,INST,,,,
S01583,Q21,비CBRN,폭발물 테러,1100701.20250806,20250806,세계일보,,2025,EVENT,20250805,하남시,폭발물협박,454.0
S01584,Q20,안보,북한 생화학무기,2100201.202406091,20240609,머니투데이,,2024,OTHER,,,,
S01585,Q24,비CBRN,총기 난사,1300101.202310281,20231028,강원도민일보,,2023,EVENT,20231025,미국 루이스턴,총기난사,238.0
S01586,Q30,비CBRN,원전 방사선 피폭,2100801.20260618,20260618,아시아경제,,2026,INST,,,,
S01587,Q10,산업,화학사고 대응,1601101.2025121,20251210,전북일보,,2025,INST,,,,
S01588,Q01,산업,불산 누출,4100078.202407101,20240710,뉴스핌,사고>산업사고>화재,2024,EVENT,20240624,화성시 서신면,불산,329.0
S01589,Q18,안보,백색가루 신고,1500701.202509231,20250923,부산일보,,2025,INST,,,,
S01590,Q10,산업,화학사고 대응,1400201.202405081,20240508,대전일보,,2024,IRRELEVANT,,,,
S01591,Q14,안보,탄저균 테러,1400801.202408291,20240829,금강일보,,2024,INST,,,,
S01592,Q22,비CBRN,사제폭탄,2100601.20241211,20241211,한국경제,범죄>범죄일반>살인,2024,IRRELEVANT,,,,
S01593,Q03,산업,염소 가스 누출,2100051.202206231,20220623,대한경제,,2022,INST,,,,
S01594,Q24,비CBRN,총기 난사,8100401.20220927,20220927,YTN,범죄>범죄일반>방화,2022,IRRELEVANT,,,,
S01595,Q13,안보,생물테러,4100158.20250903,20250903,데일리안,,2025,INST,,,,
S01596,Q26,비CBRN,폭발물 협박,8100101.202602062,20260206,KBS,,2026,EVENT,20260206,경기 광주시,공중협박,571.0
S01597,Q24,비CBRN,총기 난사,4100158.202206261,20220626,데일리안,범죄>기업범죄>거래제한,2022,INST,,,,
S01598,Q07,산업,톨루엔 누출,1400201.202403281,20240328,대전일보,사고>산업사고>폭발,2024,INST,,,,
S01599,Q23,비CBRN,드론 공격,2100851.202603241,20260324,아주경제,,2026,OTHER,,,,
S01600,Q11,안보,화학무기 사용,1101001.202302191,20230219,한겨레,재해>자연재해>지진,2023,IRRELEVANT,,,,
S01601,Q07,산업,톨루엔 누출,1600501.202202131,20220213,무등일보,사고>산업사고>폭발,2022,EVENT,20220211,여수시,폭발,14.0
S01602,Q04,산업,황산 유출 사고,4100608.202509242,20250924,브레이크뉴스,,2025,EVENT,20250924,포항시 북구 흥해읍,황산,492.0
S01603,Q24,비CBRN,총기 난사,1101101.202410071,20241007,한국일보,사회>사회갈등>전쟁,2024,IRRELEVANT,,,,
S01604,Q27,비CBRN,테러 예고 글,1100611.20230809,20230809,서울신문,범죄>범죄일반>살인,2023,OTHER,,,,
S01605,Q09,산업,유독가스 누출 대피,1600801.202202111,20220211,전남일보,사고>산업사고>붕괴,2022,REF,,,,
S01606,Q04,산업,황산 유출 사고,2100351.202204221,20220422,이투데이,,2022,EVENT,20220422,여수시,황산,39.0
S01607,Q30,비CBRN,원전 방사선 피폭,4400108.202305111,20230511,헬로디디,사고>산업사고>원자력사고,2023,OTHER,,,,
S01608,Q12,안보,사린가스 공격,2100311.202203232,20220323,서울경제,사고>산업사고>폭발,2022,OTHER,,,,
S01609,Q15,안보,북한 핵실험,1100901.202206081,20220608,중앙일보,,2022,INST,,,,
S01610,Q11,안보,화학무기 사용,7101201.202403271,20240327,디지털타임스,,2024,INST,,,,
S01611,Q27,비CBRN,테러 예고 글,1100611.20230822,20230822,서울신문,범죄>성범죄>성폭행,2023,EVENT,20230821,서울 강남역,칼부림예고,212.0
S01612,Q02,산업,암모니아 누출 사고,4100078.202309181,20230918,뉴스핌,,2023,EVENT,20230918,부산 사하구 장림동,암모니아,230.0
S01613,Q08,산업,질산 누출,1200401.202306281,20230628,인천일보,,2023,INST,,,,
S01614,Q03,산업,염소 가스 누출,4101008.20260331,20260331,이데일리,사고>산업사고>폭발,2026,IRRELEVANT,,,,
S01615,Q23,비CBRN,드론 공격,2100801.202404141,20240414,아시아경제,사회>사회갈등>전쟁,2024,OTHER,,,,
S01616,Q13,안보,생물테러,4104008.202501021,20250102,프레시안,사회>사회갈등>테러행위,2025,IRRELEVANT,,,,
S01617,Q25,비CBRN,차량 돌진 테러,1100751.202512151,20251215,아시아투데이,범죄>범죄일반>폭행,2025,EVENT,20251212,독일 바이에른,테러모의,538.0
S01618,Q30,비CBRN,원전 방사선 피폭,2100601.202506261,20250626,한국경제,사고>산업사고>원자력사고,2025,OTHER,,,,
S01619,Q23,비CBRN,드론 공격,2100701.202506101,20250610,헤럴드경제,,2025,IRRELEVANT,,,,
S01620,Q08,산업,질산 누출,4100078.202605151,20260515,뉴스핌,,2026,EVENT,20260514,공주시 검상동,질산,606.0
S01621,Q06,산업,유해화학물질 유출,1400351.202311172,20231117,중도일보,,2023,INST,,,,
S01622,Q23,비CBRN,드론 공격,1100501.202307181,20230718,문화일보,사회>사회갈등>전쟁,2023,OTHER,,,,
S01623,Q11,안보,화학무기 사용,8100101.202204122,20220412,KBS,,2022,EVENT,20220411,우크라이나 마리우폴,화학무기,36.0
S01624,Q10,산업,화학사고 대응,1700101.202302231,20230223,제민일보,,2023,INST,,,,
S01625,Q23,비CBRN,드론 공격,2100201.202401271,20240127,머니투데이,,2024,IRRELEVANT,,,,
S01626,Q14,안보,탄저균 테러,1400801.202604131,20260413,금강일보,,2026,INST,,,,
S01627,Q22,비CBRN,사제폭탄,2100801.20230531,20230531,아시아경제,,2023,IRRELEVANT,,,,
S01628,Q03,산업,염소 가스 누출,4104008.20251211,20251211,프레시안,,2025,INST,,,,
S01629,Q13,안보,생물테러,2100851.202211281,20221128,아주경제,,2022,INST,,,,
S01630,Q08,산업,질산 누출,8100401.202511051,20251105,YTN,사고>스포츠사고,2025,EVENT,20251105,포항시,유해가스,510.0
S01631,Q09,산업,유독가스 누출 대피,2100861.202406022,20240602,브릿지경제,범죄>기업범죄>반독점범죄,2024,IRRELEVANT,,,,
S01632,Q02,산업,암모니아 누출 사고,8100401.20231001,20231001,YTN,사고>교통사고>노상사고,2023,EVENT,20230929,미국 일리노이주,암모니아,233.0
S01633,Q07,산업,톨루엔 누출,1400601.202111241,20211124,충청일보,사고>산업사고>폭발,2021,INST,,,,
S01634,Q12,안보,사린가스 공격,2100311.20251227,20251227,서울경제,사고>산업사고>폭발,2025,INST,,,,
S01635,Q20,안보,북한 생화학무기,1100201.20240609,20240609,국민일보,,2024,OTHER,,,,
S01636,Q07,산업,톨루엔 누출,1100201.202409271,20240927,국민일보,사고>산업사고>화재,2024,EVENT,20240927,울주군 온산읍,유해화학물질,366.0
S01637,Q22,비CBRN,사제폭탄,1400501.202502041,20250204,중부일보,사회>사회갈등>테러행위,2025,EVENT,20250203,온라인,폭탄테러암시댓글,397.0
S01638,Q16,안보,방사능 유출,4100078.202211161,20221116,뉴스핌,사고>산업사고>원자력사고,2022,IRRELEVANT,,,,
S01639,Q27,비CBRN,테러 예고 글,1300101.202308071,20230807,강원도민일보,사회>사회갈등>테러행위,2023,EVENT,20230807,김해공항,폭탄테러예고,187.0
S01640,Q29,비CBRN,공항 폭발물 신고,2100701.202405291,20240529,헤럴드경제,사회>사회갈등>전쟁,2024,EVENT,20240529,전국,대남풍선,314.0
S01641,Q30,비CBRN,원전 방사선 피폭,4100158.202305021,20230502,데일리안,,2023,OTHER,,,,
S01642,Q27,비CBRN,테러 예고 글,1100611.202508111,20250811,서울신문,범죄>범죄일반>살인,2025,EVENT,20250808,광주시,폭발물협박,462.0
S01643,Q28,비CBRN,다중이용시설 테러,4100158.202308231,20230823,데일리안,사고>산업사고>화재,2023,INST,,,,
S01644,Q08,산업,질산 누출,4104008.202511051,20251105,프레시안,,2025,EVENT,20251105,포항시,유해가스,510.0
S01645,Q30,비CBRN,원전 방사선 피폭,4100608.202206231,20220623,브레이크뉴스,사고>산업사고>원자력사고,2022,INST,,,,
S01646,Q02,산업,암모니아 누출 사고,2100601.202510141,20251014,한국경제,사고>스포츠사고,2025,EVENT,20251014,오산시 부산동,암모니아,502.0
S01647,Q07,산업,톨루엔 누출,2100201.202604172,20260417,머니투데이,사고>스포츠사고,2026,EVENT,20260417,오산시 누읍동,톨루엔,597.0
S01648,Q10,산업,화학사고 대응,1400801.202304111,20230411,금강일보,,2023,INST,,,,
S01649,Q11,안보,화학무기 사용,1100201.20220329,20220329,국민일보,,2022,IRRELEVANT,,,,
S01650,Q17,안보,더티밤,4100078.20221027,20221027,뉴스핌,,2022,OTHER,,,,
S01651,Q14,안보,탄저균 테러,2100601.202504081,20250408,한국경제,,2025,OTHER,,,,
S01652,Q13,안보,생물테러,7100502.202412062,20241206,환경일보,,2024,INST,,,,
S01653,Q01,산업,불산 누출,2100601.202210301,20221030,한국경제,범죄>범죄일반>방화,2022,IRRELEVANT,,,,
S01654,Q19,안보,노비촉,1100701.202403071,20240307,세계일보,,2024,OTHER,,,,
S01655,Q11,안보,화학무기 사용,1100701.202204252,20220425,세계일보,사회>사회문제>노예,2022,IRRELEVANT,,,,
S01656,Q08,산업,질산 누출,4104008.202606171,20260617,프레시안,,2026,OTHER,,,,
S01657,Q10,산업,화학사고 대응,2100701.20241226,20241226,헤럴드경제,,2024,INST,,,,
S01658,Q16,안보,방사능 유출,8100401.202309201,20230920,YTN,,2023,REF,,,,
S01659,Q10,산업,화학사고 대응,1500901.202503181,20250318,울산매일,,2025,INST,,,,
S01660,Q05,산업,화학공장 폭발,2100801.202206021,20220602,아시아경제,사회>사회갈등>전쟁,2022,IRRELEVANT,,,,
S01661,Q01,산업,불산 누출,4100608.202303271,20230327,브레이크뉴스,사고>산업사고>화재,2023,INST,,,,
S01662,Q21,비CBRN,폭발물 테러,1100701.202308082,20230808,세계일보,사회>사회갈등>테러행위,2023,EVENT,20230808,서울,폭발물협박,195.0
S01663,Q05,산업,화학공장 폭발,2100601.202211241,20221124,한국경제,사고>산업사고>폭발,2022,OTHER,,,,
S01664,Q11,안보,화학무기 사용,2100501.202408261,20240826,파이낸셜뉴스,사회>사회갈등>전쟁,2024,IRRELEVANT,,,,
S01665,Q25,비CBRN,차량 돌진 테러,2100851.202501021,20250102,아주경제,범죄>범죄일반>방화,2025,EVENT,20250101,미국 뉴올리언스,차량돌진,390.0
S01666,Q27,비CBRN,테러 예고 글,1100751.202403181,20240318,아시아투데이,범죄>범죄일반>살인,2024,EVENT,20240317,서울 강동구,테러예고글,295.0
S01667,Q04,산업,황산 유출 사고,1100201.202204221,20220422,국민일보,,2022,EVENT,20220422,여수시,황산,39.0
S01668,Q23,비CBRN,드론 공격,4100058.202511151,20251115,노컷뉴스,범죄>기업범죄>거래제한,2025,EVENT,20251114,우크라이나 키이우,드론공격,526.0
S01669,Q08,산업,질산 누출,1101001.202602042,20260204,한겨레,,2026,EVENT,20260204,제주시 영평동,황산질산 혼합가스,567.0
S01670,Q03,산업,염소 가스 누출,1500301.20241204,20241204,경상일보,사고>산업사고>폭발,2024,OTHER,,,,
S01671,Q25,비CBRN,차량 돌진 테러,8100401.20250102,20250102,YTN,범죄>범죄일반>폭행,2025,EVENT,20250101,미국 뉴올리언스,차량돌진,390.0
S01672,Q23,비CBRN,드론 공격,1100701.202404281,20240428,세계일보,범죄>기업범죄>거래제한,2024,IRRELEVANT,,,,
S01673,Q02,산업,암모니아 누출 사고,1600801.202602261,20260226,전남일보,,2026,INST,,,,
S01674,Q23,비CBRN,드론 공격,2100801.202606171,20260617,아시아경제,사고>산업사고>화재,2026,IRRELEVANT,,,,
S01675,Q14,안보,탄저균 테러,1600801.202210161,20221016,전남일보,,2022,INST,,,,
S01676,Q13,안보,생물테러,2100311.20220601,20220601,서울경제,,2022,INST,,,,
S01677,Q22,비CBRN,사제폭탄,1101101.202111011,20211101,한국일보,사회>사회갈등>시위,2021,IRRELEVANT,,,,
S01678,Q19,안보,노비촉,2100801.20230703,20230703,아시아경제,사회>사회갈등>시위,2023,OTHER,,,,
S01679,Q11,안보,화학무기 사용,1100701.20230429,20230429,세계일보,,2023,IRRELEVANT,,,,
S01680,Q21,비CBRN,폭발물 테러,1100701.202207261,20220726,세계일보,사회>사회갈등>테러행위,2022,IRRELEVANT,,,,
S01681,Q21,비CBRN,폭발물 테러,7100501.202502041,20250204,전자신문,사고>산업사고>폭발,2025,EVENT,20250203,러시아 모스크바,아파트 폭발,395.0
S01682,Q27,비CBRN,테러 예고 글,1200201.202608111,20260811,경인일보,,2026,EVENT,20260810,인천 연수구,염산테러예고,652.0
S01683,Q11,안보,화학무기 사용,8100401.20220413,20220413,YTN,범죄>범죄일반>살인,2022,IRRELEVANT,,,,
S01684,Q10,산업,화학사고 대응,1620001.202310261,20231026,광남일보,,2023,INST,,,,
S01685,Q08,산업,질산 누출,8100101.202511051,20251105,KBS,,2025,EVENT,20251105,포항시,유해가스,510.0
S01686,Q09,산업,유독가스 누출 대피,1400201.202406021,20240602,대전일보,범죄>기업범죄>반독점범죄,2024,IRRELEVANT,,,,
S01687,Q20,안보,북한 생화학무기,2100701.20250624,20250624,헤럴드경제,,2025,IRRELEVANT,,,,
S01688,Q15,안보,북한 핵실험,1100501.202205111,20220511,문화일보,,2022,OTHER,,,,
S01689,Q08,산업,질산 누출,4100078.202511051,20251105,뉴스핌,,2025,EVENT,20251105,포항시,화학물질,516.0
S01690,Q20,안보,북한 생화학무기,2100801.20211208,20211208,아시아경제,,2021,INST,,,,
S01691,Q19,안보,노비촉,1100201.202403071,20240307,국민일보,,2024,OTHER,,,,
S01692,Q05,산업,화학공장 폭발,1100301.202209271,20220927,내일신문,사고>산업사고>폭발,2022,OTHER,,,,
S01693,Q17,안보,더티밤,7101201.202201151,20220115,디지털타임스,,2022,IRRELEVANT,,,,
S01694,Q16,안보,방사능 유출,2100601.202507041,20250704,한국경제,,2025,OTHER,,,,
S01695,Q11,안보,화학무기 사용,8100201.202203141,20220314,MBC,,2022,OTHER,,,,
S01696,Q04,산업,황산 유출 사고,1500201.202509241,20250924,경북일보,,2025,EVENT,20250924,포항시 북구 흥해읍,황산,492.0
S01697,Q24,비CBRN,총기 난사,1100101.20250829,20250829,경향신문,범죄>범죄일반>살인,2025,EVENT,20250827,미국 미니애폴리스,총기난사,475.0
S01698,Q08,산업,질산 누출,8100401.202309091,20230909,YTN,,2023,EVENT,20230909,군산시 소룡동,질산불산 폐혼합유,228.0
S01699,Q24,비CBRN,총기 난사,1100201.20230124,20230124,국민일보,범죄>범죄일반>폭행,2023,EVENT,20230121,미국 로스앤젤레스,총기난사,119.0
S01700,Q11,안보,화학무기 사용,8100401.20220314,20220314,YTN,,2022,EVENT,20220314,우크라이나 포파스나,백린탄,30.0
S01701,Q11,안보,화학무기 사용,8100401.202203221,20220322,YTN,사회>사회갈등>전쟁,2022,OTHER,,,,
S01702,Q25,비CBRN,차량 돌진 테러,1101001.20260108,20260108,한겨레,범죄>범죄일반>사기,2026,IRRELEVANT,,,,
S01703,Q13,안보,생물테러,1400201.202212191,20221219,대전일보,,2022,INST,,,,
S01704,Q25,비CBRN,차량 돌진 테러,4100078.202312141,20231214,뉴스핌,,2023,INST,,,,
S01705,Q07,산업,톨루엔 누출,4100608.202111241,20211124,브레이크뉴스,사고>산업사고>폭발,2021,INST,,,,
S01706,Q05,산업,화학공장 폭발,2100101.202502141,20250214,매일경제,사고>산업사고>폭발,2025,IRRELEVANT,,,,
S01707,Q05,산업,화학공장 폭발,1500301.20260622,20260622,경상일보,사고>산업사고>폭발,2026,OTHER,,,,
S01708,Q27,비CBRN,테러 예고 글,1500301.20230907,20230907,경상일보,범죄>범죄일반>폭행,2023,OTHER,,,,
S01709,Q19,안보,노비촉,7100501.202602151,20260215,전자신문,범죄>범죄일반>절도,2026,EVENT,20260215,러시아,신경독,573.0
S01710,Q18,안보,백색가루 신고,4100078.202303161,20230316,뉴스핌,,2023,INST,,,,
S01711,Q27,비CBRN,테러 예고 글,1500701.202301261,20230126,부산일보,,2023,EVENT,20220820,서울,테러협박글,73.0
S01712,Q04,산업,황산 유출 사고,4100058.20251013,20251013,노컷뉴스,사고>스포츠사고,2025,INST,,,,
S01713,Q01,산업,불산 누출,1100611.202401261,20240126,서울신문,사고>산업사고>폭발,2024,INST,,,,
S01714,Q14,안보,탄저균 테러,1100751.202205051,20220505,아시아투데이,,2022,INST,,,,
S01715,Q29,비CBRN,공항 폭발물 신고,2100101.202308082,20230808,매일경제,범죄>범죄일반>살인,2023,EVENT,20230808,서울,폭발물협박,195.0
S01716,Q24,비CBRN,총기 난사,2100101.202206092,20220609,매일경제,,2022,REF,,,,
S01717,Q16,안보,방사능 유출,2100501.202406201,20240620,파이낸셜뉴스,사고>산업사고>원자력사고,2024,OTHER,,,,
S01718,Q14,안보,탄저균 테러,2100201.202504081,20250408,머니투데이,,2025,OTHER,,,,
S01719,Q10,산업,화학사고 대응,2100201.20231106,20231106,머니투데이,,2023,IRRELEVANT,,,,
S01720,Q29,비CBRN,공항 폭발물 신고,1400601.202608191,20260819,충청일보,,2026,INST,,,,
S01721,Q20,안보,북한 생화학무기,2100501.20240919,20240919,파이낸셜뉴스,사고>산업사고>화재,2024,EVENT,20240918,경기도,쓰레기풍선,361.0
S01722,Q06,산업,유해화학물질 유출,1500601.202209271,20220927,매일신문,사고>산업사고>폭발,2022,INST,,,,
S01723,Q09,산업,유독가스 누출 대피,1100611.202509091,20250909,서울신문,,2025,EVENT,20250909,인천 미추홀구 도화동,유독가스,485.0
S01724,Q06,산업,유해화학물질 유출,1200101.20260428,20260428,경기일보,,2026,INST,,,,
S01725,Q26,비CBRN,폭발물 협박,4101008.202609051,20260905,이데일리,사고>교통사고>해상사고,2026,INST,,,,
S01726,Q23,비CBRN,드론 공격,8100401.202408142,20240814,YTN,,2024,EVENT,20240814,러시아 벨고로드주,드론,346.0
S01727,Q07,산업,톨루엔 누출,7100502.202207211,20220721,환경일보,,2022,INST,,,,
S01728,Q16,안보,방사능 유출,1101101.202203092,20220309,한국일보,사고>산업사고>폭발,2022,EVENT,20220309,우크라이나 체르노빌,방사능 유출위험,25.0
S01729,Q11,안보,화학무기 사용,2100701.20220325,20220325,헤럴드경제,,2022,OTHER,,,,
S01730,Q29,비CBRN,공항 폭발물 신고,4101008.202510211,20251021,이데일리,사회>사회갈등>테러행위,2025,EVENT,20251021,인천국제공항,폭발물협박글,507.0
S01731,Q03,산업,염소 가스 누출,8100401.20240319,20240319,YTN,사고>스포츠사고,2024,EVENT,20240319,의정부시 가능동,염소가스,296.0
S01732,Q09,산업,유독가스 누출 대피,1100611.202606011,20260601,서울신문,사고>산업사고>화재,2026,EVENT,20260601,청주시,불소가스,623.0
S01733,Q05,산업,화학공장 폭발,1100301.202607291,20260729,내일신문,,2026,IRRELEVANT,,,,
S01734,Q28,비CBRN,다중이용시설 테러,10100101.202504212,20250421,스포츠서울,,2025,OTHER,,,,
S01735,Q01,산업,불산 누출,2100501.202309091,20230909,파이낸셜뉴스,,2023,EVENT,20230909,군산시,질산 폐혼합유,225.0
S01736,Q01,산업,불산 누출,4100958.202309092,20230909,EBN,,2023,IRRELEVANT,,,,
S01737,Q27,비CBRN,테러 예고 글,1100201.202208081,20220808,국민일보,사회>사회갈등>테러행위,2022,EVENT,20220807,서울 잠실,테러예고글,65.0
S01738,Q30,비CBRN,원전 방사선 피폭,4400108.202506261,20250626,헬로디디,사고>산업사고>원자력사고,2025,OTHER,,,,
S01739,Q20,안보,북한 생화학무기,2100801.2024081,20240810,아시아경제,,2024,IRRELEVANT,,,,
S01740,Q24,비CBRN,총기 난사,8200101.202402082,20240208,OBS,범죄>범죄일반>살인,2024,REF,,,,
S01741,Q28,비CBRN,다중이용시설 테러,1601001.202410292,20241029,전북도민일보,,2024,INST,,,,
S01742,Q25,비CBRN,차량 돌진 테러,8100201.202603161,20260316,MBC,,2026,INST,,,,
S01743,Q15,안보,북한 핵실험,1100201.20221211,20221211,국민일보,,2022,IRRELEVANT,,,,
S01744,Q09,산업,유독가스 누출 대피,7101201.20240123,20240123,디지털타임스,사고>산업사고>화재,2024,IRRELEVANT,,,,
S01745,Q26,비CBRN,폭발물 협박,1101001.202503101,20250310,한겨레,사회>사회갈등>시위,2025,IRRELEVANT,,,,
S01746,Q25,비CBRN,차량 돌진 테러,8100401.20241028,20241028,YTN,사고>교통사고>노상사고,2024,EVENT,20241028,텔아비브,트럭 돌진,376.0
S01747,Q17,안보,더티밤,8100401.20221104,20221104,YTN,,2022,INST,,,,
S01748,Q08,산업,질산 누출,8100101.202211152,20221115,KBS,,2022,EVENT,20221114,제주시 한림읍,질산,107.0
S01749,Q21,비CBRN,폭발물 테러,1100101.202508151,20250815,경향신문,범죄>범죄일반>살인,2025,OTHER,,,,
S01750,Q19,안보,노비촉,2100201.20220323,20220323,머니투데이,범죄>기업범죄>횡령,2022,IRRELEVANT,,,,
S01751,Q01,산업,불산 누출,2100861.202502171,20250217,브릿지경제,사고>산업사고>화재,2025,INST,,,,
S01752,Q02,산업,암모니아 누출 사고,1200401.202510141,20251014,인천일보,,2025,EVENT,20251014,오산시 부산동,암모니아,502.0
S01753,Q19,안보,노비촉,1100611.202204072,20220407,서울신문,,2022,OTHER,,,,
S01754,Q16,안보,방사능 유출,1100401.202408242,20240824,동아일보,범죄>기업범죄>거래제한,2024,OTHER,,,,
S01755,Q24,비CBRN,총기 난사,2100601.202112292,20211229,한국경제,범죄>범죄일반>살인,2021,OTHER,,,,
S01756,Q22,비CBRN,사제폭탄,4100078.20230824,20230824,뉴스핌,,2023,IRRELEVANT,,,,
S01757,Q17,안보,더티밤,1100501.202210241,20221024,문화일보,,2022,OTHER,,,,
S01758,Q04,산업,황산 유출 사고,2100801.202307131,20230713,아시아경제,,2023,EVENT,20230713,대구시 서구 비산동,황산,160.0
S01759,Q26,비CBRN,폭발물 협박,8200101.202110192,20211019,OBS,,2021,EVENT,20211019,성남시 분당구,폭발물 협박,4.0
S01760,Q12,안보,사린가스 공격,1100801.20250318,20250318,조선일보,범죄>범죄일반>살인,2025,REF,,,,
S01761,Q17,안보,더티밤,1500601.202506151,20250615,매일신문,사회>사회갈등>전쟁,2025,EVENT,20250613,이란 나탄즈,핵시설 공습,432.0
S01762,Q01,산업,불산 누출,7101201.20230909,20230909,디지털타임스,,2023,EVENT,20230909,군산시,가스 누출,224.0
S01763,Q21,비CBRN,폭발물 테러,1400801.20211021,20211021,금강일보,사회>사회갈등>테러행위,2021,OTHER,,,,
S01764,Q02,산업,암모니아 누출 사고,1601101.202307031,20230703,전북일보,,2023,EVENT,20230703,군산시 서수면,암모니아,154.0
S01765,Q15,안보,북한 핵실험,4100078.202208032,20220803,뉴스핌,,2022,IRRELEVANT,,,,
S01766,Q07,산업,톨루엔 누출,1400601.202605132,20260513,충청일보,사고>산업사고>화재,2026,INST,,,,
S01767,Q23,비CBRN,드론 공격,8100101.202211102,20221110,KBS,사회>사회갈등>테러행위,2022,INST,,,,
S01768,Q15,안보,북한 핵실험,1100801.20220929,20220929,조선일보,,2022,INST,,,,
S01769,Q21,비CBRN,폭발물 테러,1100401.202401031,20240103,동아일보,범죄>범죄일반>폭행,2024,OTHER,,,,
S01770,Q02,산업,암모니아 누출 사고,1100401.20260821,20260821,동아일보,,2026,EVENT,20260821,서울 영등포구,암모니아,657.0
S01771,Q05,산업,화학공장 폭발,2100601.202202111,20220211,한국경제,사고>산업사고>폭발,2022,EVENT,20220211,여수시 화치동,폭발,13.0
S01772,Q04,산업,황산 유출 사고,1200101.20250409,20250409,경기일보,사고>산업사고>폭발,2025,EVENT,20250408,서울 성동구 행당동,황산 폭발,414.0
S01773,Q05,산업,화학공장 폭발,4100078.202510301,20251030,뉴스핌,사고>산업사고>폭발,2025,EVENT,20251030,울산 남구,폭발,509.0
S01774,Q15,안보,북한 핵실험,8100301.202211112,20221111,SBS,,2022,OTHER,,,,
S01775,Q30,비CBRN,원전 방사선 피폭,4101008.20220829,20220829,이데일리,재해>자연재해>지진,2022,OTHER,,,,
S01776,Q05,산업,화학공장 폭발,2100201.20250531,20250531,머니투데이,범죄>범죄일반>폭행,2025,IRRELEVANT,,,,
S01777,Q25,비CBRN,차량 돌진 테러,8100101.20211123,20211123,KBS,사고>교통사고>노상사고,2021,EVENT,20211123,미국,차량 돌진,9.0
S01778,Q07,산업,톨루엔 누출,1100101.202409271,20240927,경향신문,사고>산업사고>화재,2024,EVENT,20240927,울산 울주군 온산읍,유해물질 누출,365.0
S01779,Q14,안보,탄저균 테러,4100158.202512081,20251208,데일리안,,2025,OTHER,,,,
S01780,Q14,안보,탄저균 테러,1400351.202403142,20240314,중도일보,,2024,INST,,,,
S01781,Q13,안보,생물테러,1600801.202606011,20260601,전남일보,,2026,IRRELEVANT,,,,
S01782,Q22,비CBRN,사제폭탄,1400501.202508281,20250828,중부일보,사회>사회문제>미성년범죄,2025,OTHER,,,,
S01783,Q06,산업,유해화학물질 유출,5202752.202401241,20240124,평택시민신문,사고>산업사고>화재,2024,EVENT,20240109,평택시 청북읍,에틸렌다이아민 오염,263.0
S01784,Q20,안보,북한 생화학무기,7101201.202212271,20221227,디지털타임스,사고>교통사고>항공사고,2022,IRRELEVANT,,,,
S01785,Q30,비CBRN,원전 방사선 피폭,7101201.202307101,20230710,디지털타임스,사고>산업사고>원자력사고,2023,OTHER,,,,
S01786,Q13,안보,생물테러,4100608.202508221,20250822,브레이크뉴스,,2025,INST,,,,
S01787,Q11,안보,화학무기 사용,4100158.202210281,20221028,데일리안,,2022,IRRELEVANT,,,,
S01788,Q27,비CBRN,테러 예고 글,2100501.202308081,20230808,파이낸셜뉴스,범죄>범죄일반>살인,2023,INST,,,,
S01789,Q08,산업,질산 누출,1100101.202511052,20251105,경향신문,,2025,EVENT,20251105,포항시,유해가스 누출,511.0
S01790,Q24,비CBRN,총기 난사,8100201.20240323,20240323,MBC,사회>사회갈등>테러행위,2024,EVENT,20240323,모스크바,총기난사,301.0
S01791,Q09,산업,유독가스 누출 대피,1100401.202401231,20240123,동아일보,사고>산업사고>화재,2024,IRRELEVANT,,,,
S01792,Q04,산업,황산 유출 사고,1200101.202512031,20251203,경기일보,범죄>범죄일반>방화,2025,EVENT,20251203,봉화군 석포면,화재,535.0
S01793,Q28,비CBRN,다중이용시설 테러,4100608.202608192,20260819,브레이크뉴스,사고>산업사고>폭발,2026,INST,,,,
S01794,Q09,산업,유독가스 누출 대피,2100351.202606141,20260614,이투데이,사고>산업사고>폭발,2026,INST,,,,
S01795,Q03,산업,염소 가스 누출,1620001.202607091,20260709,광남일보,,2026,EVENT,20260709,함평군,액화염소,639.0
S01796,Q27,비CBRN,테러 예고 글,8100101.202512182,20251218,KBS,범죄>범죄일반>살인,2025,EVENT,20251218,,폭발물 협박,548.0
S01797,Q02,산업,암모니아 누출 사고,8100101.202310252,20231025,KBS,재해>자연재해>지진,2023,INST,,,,
S01798,Q17,안보,더티밤,8100401.202309021,20230902,YTN,사회>사회갈등>전쟁,2023,OTHER,,,,
S01799,Q08,산업,질산 누출,1400701.202302271,20230227,충청투데이,사고>스포츠사고,2023,OTHER,,,,
S01800,Q23,비CBRN,드론 공격,1100801.2025032,20250320,조선일보,사회>사회갈등>전쟁,2025,OTHER,,,,
S01801,Q09,산업,유독가스 누출 대피,8100201.202606122,20260612,MBC,사고>산업사고>화재,2026,EVENT,20260612,,화재 유독가스 누출,632.0
S01802,Q12,안보,사린가스 공격,1100101.20250306,20250306,경향신문,사회>사회갈등>전쟁,2025,INST,,,,
S01803,Q28,비CBRN,다중이용시설 테러,1400551.202608091,20260809,충북일보,사회>사회갈등>전쟁,2026,INST,,,,
S01804,Q18,안보,백색가루 신고,2100501.202208291,20220829,파이낸셜뉴스,범죄>범죄일반>마약,2022,IRRELEVANT,,,,
S01805,Q06,산업,유해화학물질 유출,1100751.202309051,20230905,아시아투데이,,2023,INST,,,,
S01806,Q28,비CBRN,다중이용시설 테러,1620001.202509101,20250910,광남일보,,2025,INST,,,,
S01807,Q04,산업,황산 유출 사고,1501301.202404082,20240408,울산신문,사고>산업사고>폭발,2024,IRRELEVANT,,,,
S01808,Q03,산업,염소 가스 누출,2100201.202505121,20250512,머니투데이,,2025,IRRELEVANT,,,,
S01809,Q09,산업,유독가스 누출 대피,7101201.202406241,20240624,디지털타임스,사고>산업사고>폭발,2024,EVENT,20240624,화성시 서신면,리튬전지 화재,326.0
S01810,Q03,산업,염소 가스 누출,4100608.202209221,20220922,브레이크뉴스,,2022,INST,,,,
S01811,Q26,비CBRN,폭발물 협박,4104008.202409301,20240930,프레시안,,2024,EVENT,20240930,광명시,폭파 협박글,371.0
S01812,Q25,비CBRN,차량 돌진 테러,4100058.2025082,20250820,노컷뉴스,사고>산업사고>폭발,2025,OTHER,,,,
S01813,Q01,산업,불산 누출,8100401.2024012,20240120,YTN,사고>산업사고>화재,2024,EVENT,20240109,화성시,화재 오염수,262.0
S01814,Q08,산업,질산 누출,1700201.202302221,20230222,한라일보,,2023,INST,,,,
S01815,Q13,안보,생물테러,7100502.202404082,20240408,환경일보,,2024,INST,,,,
S01816,Q26,비CBRN,폭발물 협박,2100311.202605211,20260521,서울경제,범죄>범죄일반>살인,2026,EVENT,20260521,인천시,폭발물 협박글,612.0
S01817,Q23,비CBRN,드론 공격,8200101.202601212,20260121,OBS,,2026,IRRELEVANT,,,,
S01818,Q20,안보,북한 생화학무기,1100901.202406091,20240609,중앙일보,,2024,OTHER,,,,
S01819,Q08,산업,질산 누출,1200201.202505221,20250522,경인일보,,2025,INST,,,,
S01820,Q16,안보,방사능 유출,4101008.202604022,20260402,이데일리,사회>사회갈등>전쟁,2026,OTHER,,,,
S01821,Q20,안보,북한 생화학무기,2100701.20220422,20220422,헤럴드경제,,2022,IRRELEVANT,,,,
S01822,Q30,비CBRN,원전 방사선 피폭,6101302.202204281,20220428,한겨레21,사고>산업사고>원자력사고,2022,OTHER,,,,
S01823,Q30,비CBRN,원전 방사선 피폭,8100101.20211103,20211103,KBS,사고>산업사고>원자력사고,2021,INST,,,,
S01824,Q10,산업,화학사고 대응,2100801.202312101,20231210,아시아경제,,2023,INST,,,,
S01825,Q10,산업,화학사고 대응,1500501.202511281,20251128,대구일보,사고>산업사고>화재,2025,INST,,,,
S01826,Q28,비CBRN,다중이용시설 테러,2100051.202208221,20220822,대한경제,사고>산업사고>화재,2022,INST,,,,
S01827,Q19,안보,노비촉,8100401.20230818,20230818,YTN,,2023,INST,,,,
S01828,Q14,안보,탄저균 테러,1400201.202212191,20221219,대전일보,,2022,INST,,,,
S01829,Q25,비CBRN,차량 돌진 테러,4100078.202303161,20230316,뉴스핌,,2023,INST,,,,
S01830,Q10,산업,화학사고 대응,2100701.202607211,20260721,헤럴드경제,,2026,INST,,,,
S01831,Q02,산업,암모니아 누출 사고,2100311.20240915,20240915,서울경제,,2024,IRRELEVANT,,,,
S01832,Q16,안보,방사능 유출,2100311.202605161,20260516,서울경제,사고>산업사고>폭발,2026,EVENT,20260515,일본 미야기현,방사성 수증기 누출,607.0
S01833,Q04,산업,황산 유출 사고,1400601.202211081,20221108,충청일보,사고>산업사고>화재,2022,INST,,,,
S01834,Q03,산업,염소 가스 누출,1100501.202310041,20231004,문화일보,사고>산업사고>폭발,2023,INST,,,,
S01835,Q27,비CBRN,테러 예고 글,8100401.202503161,20250316,YTN,사회>사회갈등>전쟁,2025,IRRELEVANT,,,,
S01836,Q20,안보,북한 생화학무기,1400701.202212292,20221229,충청투데이,,2022,IRRELEVANT,,,,
S01837,Q21,비CBRN,폭발물 테러,1100901.20230818,20230818,중앙일보,,2023,EVENT,20230817,,폭발물 협박 메일,208.0
S01838,Q12,안보,사린가스 공격,2100801.20240121,20240121,아시아경제,범죄>범죄일반>살인,2024,OTHER,,,,
S01839,Q08,산업,질산 누출,8100101.202511052,20251105,KBS,,2025,EVENT,20251105,포항시,유해가스 누출,511.0
S01840,Q07,산업,톨루엔 누출,1100701.202308011,20230801,세계일보,사고>산업사고>폭발,2023,EVENT,20230713,대구시 서구,황산,161.0
S01841,Q21,비CBRN,폭발물 테러,1100101.202109131,20210913,경향신문,범죄>범죄일반>살인,2021,OTHER,,,,
S01842,Q21,비CBRN,폭발물 테러,4100158.202307051,20230705,데일리안,,2023,EVENT,20230705,러시아 사할린주,테러 모의,156.0
S01843,Q05,산업,화학공장 폭발,2100201.202406251,20240625,머니투데이,사고>산업사고>폭발,2024,EVENT,20240624,화성시 서신면,리튬전지 화재,326.0
S01844,Q24,비CBRN,총기 난사,1100901.202110041,20211004,중앙일보,범죄>범죄일반>폭행,2021,IRRELEVANT,,,,
S01845,Q23,비CBRN,드론 공격,4101008.20230906,20230906,이데일리,,2023,IRRELEVANT,,,,
S01846,Q07,산업,톨루엔 누출,2100201.202302231,20230223,머니투데이,사고>산업사고>폭발,2023,INST,,,,
S01847,Q04,산업,황산 유출 사고,1500151.202308032,20230803,경남도민일보,,2023,EVENT,20230803,창원시 마산회원구,황산,178.0
S01848,Q20,안보,북한 생화학무기,1100101.202204272,20220427,경향신문,,2022,IRRELEVANT,,,,
S01849,Q12,안보,사린가스 공격,8100401.20231116,20231116,YTN,,2023,EVENT,20231114,프랑스 파리,화학무기 체포영장,246.0
S01850,Q17,안보,더티밤,2100801.20221104,20221104,아시아경제,,2022,INST,,,,
S01851,Q20,안보,북한 생화학무기,1100101.202301062,20230106,경향신문,,2023,IRRELEVANT,,,,
S01852,Q05,산업,화학공장 폭발,2100101.202406241,20240624,매일경제,사고>산업사고>폭발,2024,EVENT,20240624,화성시 서신면,리튬전지 화재,326.0
S01853,Q03,산업,염소 가스 누출,8100401.202206281,20220628,YTN,사고>산업사고>폭발,2022,OTHER,,,,
S01854,Q07,산업,톨루엔 누출,2100201.202403271,20240327,머니투데이,사고>산업사고>폭발,2024,INST,,,,
S01855,Q25,비CBRN,차량 돌진 테러,2100601.202308032,20230803,한국경제,범죄>범죄일반>살인,2023,EVENT,20230803,성남시 분당구,흉기 난동,172.0
S01856,Q11,안보,화학무기 사용,2100801.202412172,20241217,아시아경제,범죄>범죄일반>살인,2024,EVENT,20241217,모스크바,폭발 암살,382.0
S01857,Q08,산업,질산 누출,1400501.202306282,20230628,중부일보,,2023,INST,,,,
S01858,Q08,산업,질산 누출,1100701.202602042,20260204,세계일보,,2026,EVENT,20260204,제주시 영평동,황산 질산 혼합가스,567.0
S01859,Q20,안보,북한 생화학무기,1101101.202406031,20240603,한국일보,,2024,IRRELEVANT,,,,
S01860,Q04,산업,황산 유출 사고,5520352.202110181,20211018,당진시대,사고>산업사고>화재,2021,IRRELEVANT,,,,
S01861,Q28,비CBRN,다중이용시설 테러,1501201.202403051,20240305,경북매일신문,,2024,INST,,,,
S01862,Q10,산업,화학사고 대응,1600901.202310161,20231016,전라일보,,2023,INST,,,,
S01863,Q29,비CBRN,공항 폭발물 신고,1100201.202402191,20240219,국민일보,,2024,EVENT,20240219,광주 광산구,폭발물 의심 우편물,287.0
S01864,Q03,산업,염소 가스 누출,4100158.202512111,20251211,데일리안,,2025,IRRELEVANT,,,,
S01865,Q20,안보,북한 생화학무기,8100201.20240604,20240604,MBC,사고>교통사고>노상사고,2024,IRRELEVANT,,,,
S01866,Q24,비CBRN,총기 난사,2100801.202311062,20231106,아시아경제,,2023,EVENT,20231105,모스크바,총기난사,245.0
S01867,Q26,비CBRN,폭발물 협박,8100401.20240913,20240913,YTN,사회>사회갈등>테러행위,2024,EVENT,20240913,미국 스프링필드,폭탄 위협,357.0
S01868,Q14,안보,탄저균 테러,4101008.202504121,20250412,이데일리,범죄>기업범죄>거래제한,2025,IRRELEVANT,,,,
S01869,Q04,산업,황산 유출 사고,1500601.20250409,20250409,매일신문,사고>산업사고>폭발,2025,EVENT,20250408,서울 성동구 행당동,황산 폭발,414.0
S01870,Q27,비CBRN,테러 예고 글,2100201.20240604,20240604,머니투데이,,2024,IRRELEVANT,,,,
S01871,Q29,비CBRN,공항 폭발물 신고,2100101.202402191,20240219,매일경제,,2024,EVENT,20240219,광주 광산구,폭발물 의심 우편물,287.0
S01872,Q28,비CBRN,다중이용시설 테러,2100501.202210221,20221022,파이낸셜뉴스,사고>산업사고>화재,2022,INST,,,,
S01873,Q28,비CBRN,다중이용시설 테러,1400801.202608191,20260819,금강일보,사고>산업사고>폭발,2026,INST,,,,
S01874,Q28,비CBRN,다중이용시설 테러,1200301.202410311,20241031,기호일보,,2024,INST,,,,
S01875,Q26,비CBRN,폭발물 협박,1100801.202512161,20251216,조선일보,,2025,EVENT,20251216,인천시,폭발물 협박글,546.0
S01876,Q12,안보,사린가스 공격,1100701.20260305,20260305,세계일보,범죄>범죄일반>살인,2026,IRRELEVANT,,,,
S01877,Q19,안보,노비촉,2100851.202307251,20230725,아주경제,,2023,INST,,,,
S01878,Q12,안보,사린가스 공격,1100701.202503251,20250325,세계일보,범죄>범죄일반>사기,2025,IRRELEVANT,,,,
S01879,Q27,비CBRN,테러 예고 글,1101001.202506241,20250624,한겨레,,2025,IRRELEVANT,,,,
S01880,Q26,비CBRN,폭발물 협박,1101101.202308111,20230811,한국일보,사회>사회갈등>테러행위,2023,EVENT,20230806,,폭탄테러 예고글,183.0
S01881,Q27,비CBRN,테러 예고 글,1100401.202301261,20230126,동아일보,범죄>범죄일반>살인,2023,EVENT,20220825,서울시,테러 암시 글,78.0
S01882,Q05,산업,화학공장 폭발,2100601.20240626,20240626,한국경제,사고>산업사고>폭발,2024,OTHER,,,,
S01883,Q09,산업,유독가스 누출 대피,2100701.20240123,20240123,헤럴드경제,사고>산업사고>화재,2024,IRRELEVANT,,,,
S01884,Q19,안보,노비촉,8100401.20220306,20220306,YTN,,2022,OTHER,,,,
S01885,Q06,산업,유해화학물질 유출,2100861.20250307,20250307,브릿지경제,범죄>범죄일반>방화,2025,INST,,,,
S01886,Q16,안보,방사능 유출,1100401.202307042,20230704,동아일보,,2023,OTHER,,,,
S01887,Q04,산업,황산 유출 사고,1500501.202307161,20230716,대구일보,,2023,INST,,,,
S01888,Q18,안보,백색가루 신고,1100101.202307232,20230723,경향신문,범죄>범죄일반>사기,2023,OTHER,,,,
S01889,Q28,비CBRN,다중이용시설 테러,4100608.202508181,20250818,브레이크뉴스,,2025,INST,,,,
S01890,Q04,산업,황산 유출 사고,1501201.202212061,20221206,경북매일신문,사고>산업사고>화재,2022,INST,,,,
S01891,Q21,비CBRN,폭발물 테러,4100158.20260307,20260307,데일리안,사고>교통사고>노상사고,2026,INST,,,,
S01892,Q21,비CBRN,폭발물 테러,1101101.202403202,20240320,한국일보,사회>사회갈등>테러행위,2024,IRRELEVANT,,,,
S01893,Q26,비CBRN,폭발물 협박,4100058.202308181,20230818,노컷뉴스,사회>사회갈등>테러행위,2023,EVENT,20230818,순천시,폭파 예고 이메일,210.0
S01894,Q08,산업,질산 누출,1600901.202311231,20231123,전라일보,,2023,EVENT,20231122,군산시 오식도동,황산 불산 혼합물,253.0
S01895,Q18,안보,백색가루 신고,1501101.202211081,20221108,경북도민일보,,2022,INST,,,,
S01896,Q05,산업,화학공장 폭발,1200401.202406242,20240624,인천일보,사고>산업사고>폭발,2024,EVENT,20240624,화성시 서신면,리튬전지 화재,326.0
S01897,Q20,안보,북한 생화학무기,1100751.202406091,20240609,아시아투데이,,2024,OTHER,,,,
S01898,Q25,비CBRN,차량 돌진 테러,8100401.202309161,20230916,YTN,범죄>범죄일반>폭행,2023,IRRELEVANT,,,,
S01899,Q21,비CBRN,폭발물 테러,4100058.202303101,20230310,노컷뉴스,,2023,INST,,,,
S01900,Q20,안보,북한 생화학무기,1100901.202302241,20230224,중앙일보,,2023,IRRELEVANT,,,,
S01901,Q09,산업,유독가스 누출 대피,8100401.202607091,20260709,YTN,사고>산업사고>화재,2026,EVENT,20260709,봉화군 석포면,화재,638.0
S01902,Q14,안보,탄저균 테러,2100861.20250415,20250415,브릿지경제,,2025,OTHER,,,,
S01903,Q21,비CBRN,폭발물 테러,1100751.202509231,20250923,아시아투데이,,2025,INST,,,,
S01904,Q19,안보,노비촉,4100078.20260217,20260217,뉴스핌,범죄>범죄일반>살인,2026,EVENT,20260217,러시아,독극물,574.0
S01905,Q26,비CBRN,폭발물 협박,2100501.202508121,20250812,파이낸셜뉴스,사회>사회갈등>테러행위,2025,EVENT,20250812,,폭발물 협박글,467.0
S01906,Q07,산업,톨루엔 누출,1600801.202202111,20220211,전남일보,사고>산업사고>붕괴,2022,REF,,,,
S01907,Q12,안보,사린가스 공격,1100101.20230829,20230829,경향신문,범죄>범죄일반>폭행,2023,OTHER,,,,
S01908,Q02,산업,암모니아 누출 사고,8100201.20230704,20230704,MBC,,2023,EVENT,20230703,군산시 서수면,암모니아,154.0
S01909,Q30,비CBRN,원전 방사선 피폭,1200101.202511131,20251113,경기일보,사고>산업사고>원자력사고,2025,OTHER,,,,
S01910,Q05,산업,화학공장 폭발,8100201.20220606,20220606,MBC,사고>산업사고>화재,2022,EVENT,20220604,방글라데시,화재 폭발,56.0
S01911,Q03,산업,염소 가스 누출,1500501.202110211,20211021,대구일보,사고>산업사고>화재,2021,IRRELEVANT,,,,
S01912,Q29,비CBRN,공항 폭발물 신고,1500801.20230223,20230223,영남일보,범죄>범죄일반>폭행,2023,INST,,,,
S01913,Q25,비CBRN,차량 돌진 테러,1400201.202308032,20230803,대전일보,,2023,INST,,,,
S01914,Q11,안보,화학무기 사용,2100601.202209221,20220922,한국경제,사회>사회갈등>시위,2022,IRRELEVANT,,,,
S01915,Q03,산업,염소 가스 누출,1501101.202207051,20220705,경북도민일보,,2022,IRRELEVANT,,,,
S01916,Q02,산업,암모니아 누출 사고,1400301.202408041,20240804,동양일보,사고>산업사고>폭발,2024,INST,,,,
S01917,Q04,산업,황산 유출 사고,4100158.202604102,20260410,데일리안,범죄>기업범죄>횡령,2026,IRRELEVANT,,,,
S01918,Q30,비CBRN,원전 방사선 피폭,8100401.202303131,20230313,YTN,사고>산업사고>원자력사고,2023,OTHER,,,,
S01919,Q08,산업,질산 누출,1100301.202402081,20240208,내일신문,,2024,INST,,,,
S01920,Q08,산업,질산 누출,4100058.202309111,20230911,노컷뉴스,,2023,INST,,,,
S01921,Q21,비CBRN,폭발물 테러,8100401.202406171,20240617,YTN,,2024,INST,,,,
S01922,Q28,비CBRN,다중이용시설 테러,4100608.20220819,20220819,브레이크뉴스,,2022,INST,,,,
S01923,Q05,산업,화학공장 폭발,10100101.20211214,20211214,스포츠서울,사고>산업사고>폭발,2021,EVENT,20211213,여수시,폭발 화재,11.0
S01924,Q28,비CBRN,다중이용시설 테러,1600301.20231024,20231024,광주일보,사고>산업사고>붕괴,2023,INST,,,,
S01925,Q27,비CBRN,테러 예고 글,2100701.2024043,20240430,헤럴드경제,사회>사회문제>미성년범죄,2024,EVENT,20240430,서울 강동구,칼부림 예고 글,307.0
S01926,Q18,안보,백색가루 신고,1501201.202206302,20220630,경북매일신문,,2022,INST,,,,
S01927,Q01,산업,불산 누출,2100051.202211021,20221102,대한경제,사고>산업사고>폭발,2022,INST,,,,
S01928,Q09,산업,유독가스 누출 대피,8100201.202508032,20250803,MBC,사고>산업사고>폭발,2025,EVENT,20250803,영천시,폭발 화재,449.0
S01929,Q14,안보,탄저균 테러,2100201.202308301,20230830,머니투데이,,2023,IRRELEVANT,,,,
S01930,Q05,산업,화학공장 폭발,1100701.202111041,20211104,세계일보,사고>산업사고>붕괴,2021,INST,,,,
S01931,Q20,안보,북한 생화학무기,2100601.20241024,20241024,한국경제,사고>산업사고>화재,2024,IRRELEVANT,,,,
S01932,Q17,안보,더티밤,8100301.20221027,20221027,SBS,,2022,OTHER,,,,
S01933,Q18,안보,백색가루 신고,1500601.202206121,20220612,매일신문,,2022,IRRELEVANT,,,,
S01934,Q16,안보,방사능 유출,4100608.20231115,20231115,브레이크뉴스,,2023,IRRELEVANT,,,,
S01935,Q06,산업,유해화학물질 유출,4100058.202505151,20250515,노컷뉴스,,2025,INST,,,,
S01936,Q17,안보,더티밤,2100501.202606301,20260630,파이낸셜뉴스,,2026,INST,,,,
S01937,Q09,산업,유독가스 누출 대피,8100101.202403281,20240328,KBS,사고>산업사고>폭발,2024,INST,,,,
S01938,Q07,산업,톨루엔 누출,1500301.20240702,20240702,경상일보,,2024,EVENT,20240702,울산 남구 매암동,토양 오염물질,338.0
S01939,Q13,안보,생물테러,10100101.20241106,20241106,스포츠서울,,2024,INST,,,,
S01940,Q11,안보,화학무기 사용,10100101.20220329,20220329,스포츠서울,,2022,EVENT,20220303,우크라이나-벨라루스 국경,독극물,19.0
S01941,Q18,안보,백색가루 신고,1400551.202403141,20240314,충북일보,,2024,INST,,,,
S01942,Q23,비CBRN,드론 공격,1100701.20240101,20240101,세계일보,사고>교통사고>해상사고,2024,EVENT,20231231,홍해,교전,260.0
S01943,Q08,산업,질산 누출,1400301.202503111,20250311,동양일보,,2025,EVENT,20250310,천안시 동남구 성남면,질산,408.0
S01944,Q20,안보,북한 생화학무기,1100501.202406092,20240609,문화일보,,2024,OTHER,,,,
S01945,Q10,산업,화학사고 대응,4104008.202508181,20250818,프레시안,사고>산업사고>화재,2025,EVENT,20250809,정읍시,황산,464.0
S01946,Q14,안보,탄저균 테러,1400301.202406162,20240616,동양일보,사회>사회갈등>테러행위,2024,OTHER,,,,
S01947,Q19,안보,노비촉,1100611.202305221,20230522,서울신문,범죄>범죄일반>살인,2023,OTHER,,,,
S01948,Q21,비CBRN,폭발물 테러,1100901.202409191,20240919,중앙일보,사고>산업사고>폭발,2024,EVENT,20240917,레바논,무선호출기 폭발,359.0
S01949,Q28,비CBRN,다중이용시설 테러,1400601.202311031,20231103,충청일보,,2023,INST,,,,
S01950,Q18,안보,백색가루 신고,1500501.202206121,20220612,대구일보,,2022,IRRELEVANT,,,,
S01951,Q11,안보,화학무기 사용,1100751.202309291,20230929,아시아투데이,,2023,IRRELEVANT,,,,
S01952,Q11,안보,화학무기 사용,1100701.202204131,20220413,세계일보,범죄>범죄일반>살인,2022,IRRELEVANT,,,,
S01953,Q18,안보,백색가루 신고,1400501.202502111,20250211,중부일보,,2025,INST,,,,
S01954,Q19,안보,노비촉,2100311.20240222,20240222,서울경제,,2024,EVENT,20240216,러시아,독극물 의혹 사망,280.0
S01955,Q27,비CBRN,테러 예고 글,8100101.202308171,20230817,KBS,사회>사회갈등>테러행위,2023,EVENT,20230817,,폭파 협박 이메일,206.0
S01956,Q25,비CBRN,차량 돌진 테러,2100201.202510031,20251003,머니투데이,범죄>범죄일반>살인,2025,EVENT,20251003,영국 맨체스터,차량 돌진 흉기,498.0
S01957,Q11,안보,화학무기 사용,1100611.202203142,20220314,서울신문,사회>사회갈등>전쟁,2022,OTHER,,,,
S01958,Q24,비CBRN,총기 난사,1100611.202205271,20220527,서울신문,범죄>범죄일반>살인,2022,EVENT,20220524,미국 텍사스주 유밸디,총기난사,51.0
S01959,Q02,산업,암모니아 누출 사고,2100851.202509051,20250905,아주경제,사고>스포츠사고,2025,EVENT,20250905,김포시 하성면,암모니아,483.0
S01960,Q22,비CBRN,사제폭탄,8100401.20250426,20250426,YTN,범죄>범죄일반>살인,2025,EVENT,20250426,모스크바 외곽,차량 폭발 사제폭탄,420.0
S01961,Q29,비CBRN,공항 폭발물 신고,1100701.202405291,20240529,세계일보,,2024,IRRELEVANT,,,,
S01962,Q06,산업,유해화학물질 유출,7100502.202404211,20240421,환경일보,사고>산업사고>화재,2024,INST,,,,
S01963,Q11,안보,화학무기 사용,2100801.20230508,20230508,아시아경제,사고>산업사고>화재,2023,OTHER,,,,
S01964,Q23,비CBRN,드론 공격,8100301.202210172,20221017,SBS,사고>산업사고>붕괴,2022,EVENT,20221017,우크라이나 키이우,자폭 드론,100.0
S01965,Q30,비CBRN,원전 방사선 피폭,1500701.202508211,20250821,부산일보,사고>산업사고>붕괴,2025,REF,,,,
S01966,Q16,안보,방사능 유출,1101101.20230527,20230527,한국일보,사고>산업사고>폭발,2023,OTHER,,,,
S01967,Q15,안보,북한 핵실험,4101008.20230425,20230425,이데일리,사회>사회갈등>시위,2023,OTHER,,,,
S01968,Q17,안보,더티밤,2100311.202211031,20221103,서울경제,,2022,OTHER,,,,
S01969,Q29,비CBRN,공항 폭발물 신고,1100751.202110291,20211029,아시아투데이,,2021,INST,,,,
S01970,Q11,안보,화학무기 사용,1100201.202603201,20260320,국민일보,사회>사회갈등>전쟁,2026,IRRELEVANT,,,,
S01971,Q16,안보,방사능 유출,8100401.202203032,20220303,YTN,재해>자연재해>지진,2022,OTHER,,,,
S01972,Q29,비CBRN,공항 폭발물 신고,1501201.202509231,20250923,경북매일신문,,2025,IRRELEVANT,,,,
S01973,Q22,비CBRN,사제폭탄,1500601.202408221,20240822,매일신문,사고>산업사고>폭발,2024,EVENT,20240822,광주 서구 치평동,사제폭발물,351.0
S01974,Q08,산업,질산 누출,2100351.202511051,20251105,이투데이,,2025,EVENT,20251105,포항시,유해가스 누출,511.0
S01975,Q11,안보,화학무기 사용,1100701.202603011,20260301,세계일보,사회>사회갈등>전쟁,2026,IRRELEVANT,,,,
S01976,Q11,안보,화학무기 사용,2100851.20230929,20230929,아주경제,,2023,IRRELEVANT,,,,
S01977,Q15,안보,북한 핵실험,4100058.20220701,20220701,노컷뉴스,,2022,OTHER,,,,
S01978,Q10,산업,화학사고 대응,1600901.202407041,20240704,전라일보,사고>산업사고>폭발,2024,INST,,,,
S01979,Q06,산업,유해화학물질 유출,4102008.202604201,20260420,쿠키뉴스,사고>산업사고>폭발,2026,INST,,,,
S01980,Q15,안보,북한 핵실험,8100401.202411091,20241109,YTN,재해>자연재해>지진,2024,OTHER,,,,
S01981,Q18,안보,백색가루 신고,8100401.202304081,20230408,YTN,범죄>범죄일반>마약,2023,IRRELEVANT,,,,
S01982,Q20,안보,북한 생화학무기,2100851.202305081,20230508,아주경제,,2023,INST,,,,
S01983,Q06,산업,유해화학물질 유출,1501301.202209252,20220925,울산신문,,2022,INST,,,,
S01984,Q22,비CBRN,사제폭탄,1100901.202608261,20260826,중앙일보,,2026,EVENT,20260826,,폭발물 협박 메일,663.0
S01985,Q16,안보,방사능 유출,2100601.2022031,20220310,한국경제,사고>산업사고>폭발,2022,EVENT,20220309,우크라이나 체르노빌,송전망 파손,26.0
S01986,Q09,산업,유독가스 누출 대피,1100611.202206281,20220628,서울신문,사고>산업사고>폭발,2022,EVENT,20220627,요르단 아카바항,염소 유독가스,58.0
S01987,Q26,비CBRN,폭발물 협박,2100201.202512151,20251215,머니투데이,,2025,EVENT,20251215,성남시 분당구,폭파 협박,545.0
S01988,Q19,안보,노비촉,1100611.202203071,20220307,서울신문,사고>산업사고>화재,2022,OTHER,,,,
S01989,Q27,비CBRN,테러 예고 글,4100058.202602261,20260226,노컷뉴스,범죄>범죄일반>살인,2026,EVENT,20260226,,폭파 협박,576.0
S01990,Q17,안보,더티밤,8100401.202210251,20221025,YTN,,2022,OTHER,,,,
S01991,Q23,비CBRN,드론 공격,1100201.202504031,20250403,국민일보,,2025,IRRELEVANT,,,,
S01992,Q09,산업,유독가스 누출 대피,8100201.2024053,20240530,MBC,,2024,REF,,,,
S01993,Q20,안보,북한 생화학무기,1100751.202208181,20220818,아시아투데이,,2022,INST,,,,
S01994,Q30,비CBRN,원전 방사선 피폭,1101001.2023101,20231010,한겨레,,2023,INST,,,,
S01995,Q26,비CBRN,폭발물 협박,1100701.202211031,20221103,세계일보,,2022,EVENT,20221103,파주시,폭발물 협박 문자,102.0
S01996,Q11,안보,화학무기 사용,2100311.20220325,20220325,서울경제,,2022,OTHER,,,,
S01997,Q16,안보,방사능 유출,4100058.202404261,20240426,노컷뉴스,사고>산업사고>원자력사고,2024,IRRELEVANT,,,,
S01998,Q13,안보,생물테러,1100201.202307211,20230721,국민일보,,2023,EVENT,20230721,함안군 칠원읍,생물테러 의심 소포,164.0
S01999,Q08,산업,질산 누출,1100201.202211151,20221115,국민일보,사고>산업사고>화재,2022,EVENT,20221114,제주시 한림읍,질산,107.0
S02000,Q19,안보,노비촉,1100901.202402211,20240221,중앙일보,범죄>범죄일반>절도,2024,OTHER,,,,
S02001,Q13,안보,생물테러,1600601.202310161,20231016,새전북신문,,2023,INST,,,,
S02002,Q26,비CBRN,폭발물 협박,2100601.202308082,20230808,한국경제,사회>사회갈등>테러행위,2023,EVENT,20230808,서울시,폭발물 협박 메일,194.0
S02003,Q17,안보,더티밤,2100351.202307061,20230706,이투데이,,2023,INST,,,,
S02004,Q07,산업,톨루엔 누출,1100701.202406261,20240626,세계일보,사고>산업사고>폭발,2024,EVENT,20240624,화성시 서신면,염화싸이오닐,327.0
S02005,Q25,비CBRN,차량 돌진 테러,2100101.202512162,20251216,매일경제,사회>사회갈등>테러행위,2025,EVENT,20251130,폴란드 루블린,사제폭탄 테러 모의,533.0
S02006,Q07,산업,톨루엔 누출,1100611.202209301,20220930,서울신문,사고>산업사고>폭발,2022,EVENT,20220930,화성시 향남읍,폭발 화재,92.0
S02007,Q14,안보,탄저균 테러,2100701.202504171,20250417,헤럴드경제,사고>산업사고>폭발,2025,OTHER,,,,
S02008,Q07,산업,톨루엔 누출,8100201.202209302,20220930,MBC,사고>산업사고>폭발,2022,EVENT,20220930,화성시 향남읍,아세톤 폭발,91.0
S02009,Q11,안보,화학무기 사용,1100801.20221126,20221126,조선일보,,2022,INST,,,,
S02010,Q04,산업,황산 유출 사고,8100101.202508182,20250818,KBS,범죄>범죄일반>방화,2025,EVENT,20250803,정읍시,황산,451.0
S02011,Q01,산업,불산 누출,1200201.202509162,20250916,경인일보,사고>산업사고>폭발,2025,OTHER,,,,
S02012,Q13,안보,생물테러,1101001.202504141,20250414,한겨레,,2025,INST,,,,
S02013,Q22,비CBRN,사제폭탄,1200401.202608251,20260825,인천일보,,2026,EVENT,20260825,군포시 산본동,사제폭탄 오인 신고,659.0
S02014,Q04,산업,황산 유출 사고,1500201.202411031,20241103,경북일보,범죄>범죄일반>방화,2024,REF,,,,
S02015,Q09,산업,유독가스 누출 대피,1101101.202605271,20260527,한국일보,사고>산업사고>폭발,2026,EVENT,20260526,미국 캘리포니아 가든그로브,화학물질 탱크 과열,615.0
S02016,Q14,안보,탄저균 테러,1300201.20230201,20230201,강원일보,,2023,OTHER,,,,
S02017,Q10,산업,화학사고 대응,2100701.202112011,20211201,헤럴드경제,,2021,INST,,,,
S02018,Q19,안보,노비촉,1100611.20240217,20240217,서울신문,범죄>기업범죄>횡령,2024,EVENT,20240216,러시아 야말로네네츠,독극물 의혹 사망,283.0
S02019,Q06,산업,유해화학물질 유출,1501101.202506251,20250625,경북도민일보,,2025,INST,,,,
S02020,Q11,안보,화학무기 사용,7101201.20250726,20250726,디지털타임스,범죄>범죄일반>살인,2025,REF,,,,
S02021,Q10,산업,화학사고 대응,1100301.202210041,20221004,내일신문,,2022,INST,,,,
S02022,Q08,산업,질산 누출,2100861.202511061,20251106,브릿지경제,,2025,INST,,,,
S02023,Q10,산업,화학사고 대응,1600901.202605261,20260526,전라일보,사고>산업사고>폭발,2026,INST,,,,
S02024,Q29,비CBRN,공항 폭발물 신고,1400551.202208241,20220824,충북일보,사고>산업사고>붕괴,2022,INST,,,,
S02025,Q08,산업,질산 누출,8100401.202407011,20240701,YTN,,2024,EVENT,20250701,안동시 임동면,질산,440.0
S02026,Q14,안보,탄저균 테러,1101001.202504141,20250414,한겨레,,2025,INST,,,,
S02027,Q29,비CBRN,공항 폭발물 신고,2100101.20230917,20230917,매일경제,범죄>범죄일반>폭행,2023,OTHER,,,,
S02028,Q21,비CBRN,폭발물 테러,1100801.202503051,20250305,조선일보,사고>산업사고>화재,2025,IRRELEVANT,,,,
S02029,Q19,안보,노비촉,2100101.202403071,20240307,매일경제,,2024,OTHER,,,,
S02030,Q01,산업,불산 누출,8100101.202511051,20251105,KBS,,2025,EVENT,20251105,포항시,유해가스 누출,511.0
S02031,Q07,산업,톨루엔 누출,1400551.202605121,20260512,충북일보,사고>산업사고>화재,2026,INST,,,,
S02032,Q05,산업,화학공장 폭발,1101001.202305151,20230515,한겨레,사고>산업사고>붕괴,2023,INST,,,,
S02033,Q20,안보,북한 생화학무기,1101101.202203311,20220331,한국일보,범죄>기업범죄>거래제한,2022,IRRELEVANT,,,,
S02034,Q29,비CBRN,공항 폭발물 신고,1501301.202508072,20250807,울산신문,범죄>범죄일반>폭행,2025,INST,,,,
S02035,Q19,안보,노비촉,1100611.202604141,20260414,서울신문,범죄>범죄일반>폭행,2026,IRRELEVANT,,,,
S02036,Q15,안보,북한 핵실험,8100401.202205261,20220526,YTN,,2022,IRRELEVANT,,,,
S02037,Q18,안보,백색가루 신고,1101101.202303271,20230327,한국일보,범죄>범죄일반>살인,2023,IRRELEVANT,,,,
S02038,Q17,안보,더티밤,2100311.202210241,20221024,서울경제,사고>산업사고>원자력사고,2022,OTHER,,,,
S02039,Q30,비CBRN,원전 방사선 피폭,1500401.202209192,20220919,국제신문,사고>산업사고>원자력사고,2022,OTHER,,,,
S02040,Q30,비CBRN,원전 방사선 피폭,1101101.202304271,20230427,한국일보,사고>산업사고>원자력사고,2023,OTHER,,,,
S02041,Q01,산업,불산 누출,5202752.202110271,20211027,평택시민신문,사고>산업사고>폭발,2021,INST,,,,
S02042,Q02,산업,암모니아 누출 사고,1400501.202601221,20260122,중부일보,,2026,OTHER,,,,
S02043,Q21,비CBRN,폭발물 테러,1620001.202305241,20230524,광남일보,사회>사회갈등>전쟁,2023,IRRELEVANT,,,,
S02044,Q01,산업,불산 누출,2100101.202211011,20221101,매일경제,사고>산업사고>폭발,2022,OTHER,,,,
S02045,Q06,산업,유해화학물질 유출,1500151.202205031,20220503,경남도민일보,,2022,INST,,,,
S02046,Q01,산업,불산 누출,8100401.202309091,20230909,YTN,,2023,EVENT,20230909,군산시 소룡동,질산 불산 폐혼합유,228.0
S02047,Q08,산업,질산 누출,1100901.202603182,20260318,중앙일보,사고>스포츠사고,2026,EVENT,20260319,수원시 장안구,질산,583.0
S02048,Q13,안보,생물테러,1400351.202211162,20221116,중도일보,사고>산업사고>붕괴,2022,INST,,,,
S02049,Q06,산업,유해화학물질 유출,1400501.202503071,20250307,중부일보,범죄>범죄일반>방화,2025,IRRELEVANT,,,,
S02050,Q26,비CBRN,폭발물 협박,2100501.20260819,20260819,파이낸셜뉴스,,2026,REF,,,,
S02051,Q09,산업,유독가스 누출 대피,1101001.202606141,20260614,한겨레,사고>산업사고>폭발,2026,INST,,,,
S02052,Q20,안보,북한 생화학무기,1100701.20230402,20230402,세계일보,,2023,IRRELEVANT,,,,
S02053,Q17,안보,더티밤,4100158.202210241,20221024,데일리안,,2022,OTHER,,,,
S02054,Q11,안보,화학무기 사용,1100611.202203151,20220315,서울신문,사고>산업사고>폭발,2022,EVENT,20220313,우크라이나 루한스크주 포파스나시,백린탄,28.0
S02055,Q21,비CBRN,폭발물 테러,2100401.202608221,20260822,메트로경제,사고>산업사고>화재,2026,INST,,,,
S02056,Q10,산업,화학사고 대응,1400801.202601221,20260122,금강일보,,2026,INST,,,,
S02057,Q26,비CBRN,폭발물 협박,2100311.202608091,20260809,서울경제,사회>사회갈등>테러행위,2026,EVENT,20260809,서울 영등포구,폭발물 협박,650.0
S02058,Q27,비CBRN,테러 예고 글,2100701.202601121,20260112,헤럴드경제,범죄>범죄일반>방화,2026,IRRELEVANT,,,,
S02059,Q20,안보,북한 생화학무기,1101001.202208011,20220801,한겨레,,2022,IRRELEVANT,,,,
S02060,Q08,산업,질산 누출,2100501.202511051,20251105,파이낸셜뉴스,,2025,EVENT,20251105,포항시 남구,유해가스,513.0
S02061,Q28,비CBRN,다중이용시설 테러,2100801.202508281,20250828,아시아경제,,2025,INST,,,,
S02062,Q24,비CBRN,총기 난사,1100201.202210061,20221006,국민일보,범죄>범죄일반>살인,2022,EVENT,20221006,태국 농부아람푸주,총기난사,96.0
S02063,Q30,비CBRN,원전 방사선 피폭,1100751.20240315,20240315,아시아투데이,사고>산업사고>원자력사고,2024,OTHER,,,,
S02064,Q27,비CBRN,테러 예고 글,4102008.202506141,20250614,쿠키뉴스,,2025,IRRELEVANT,,,,
S02065,Q05,산업,화학공장 폭발,2100311.20260508,20260508,서울경제,사고>산업사고>폭발,2026,IRRELEVANT,,,,
S02066,Q15,안보,북한 핵실험,1101001.202303281,20230328,한겨레,,2023,OTHER,,,,
S02067,Q26,비CBRN,폭발물 협박,2100801.202508051,20250805,아시아경제,,2025,EVENT,20250805,서울 중구,폭발물 협박,456.0
S02068,Q24,비CBRN,총기 난사,1100701.202301292,20230129,세계일보,,2023,OTHER,,,,
S02069,Q29,비CBRN,공항 폭발물 신고,1100611.202206291,20220629,서울신문,,2022,OTHER,,,,
S02070,Q19,안보,노비촉,1100611.202405021,20240502,서울신문,사고>산업사고>폭발,2024,EVENT,20240501,우크라이나,클로로피크린,309.0
S02071,Q07,산업,톨루엔 누출,1100751.202403271,20240327,아시아투데이,사고>산업사고>폭발,2024,INST,,,,
S02072,Q13,안보,생물테러,7101201.202302131,20230213,디지털타임스,,2023,OTHER,,,,
S02073,Q15,안보,북한 핵실험,1100751.202209221,20220922,아시아투데이,,2022,IRRELEVANT,,,,
S02074,Q17,안보,더티밤,1100501.20241219,20241219,문화일보,범죄>범죄일반>살인,2024,EVENT,20241217,러시아 모스크바,폭발물,383.0
S02075,Q30,비CBRN,원전 방사선 피폭,4100058.202110121,20211012,노컷뉴스,,2021,INST,,,,
S02076,Q08,산업,질산 누출,1100901.202502201,20250220,중앙일보,,2025,IRRELEVANT,,,,
S02077,Q01,산업,불산 누출,1100101.202210141,20221014,경향신문,재해>자연재해>미세먼지_황사,2022,OTHER,,,,
S02078,Q22,비CBRN,사제폭탄,1500801.20250804,20250804,영남일보,,2025,IRRELEVANT,,,,
S02079,Q18,안보,백색가루 신고,2100401.202310171,20231017,메트로경제,,2023,INST,,,,
S02080,Q21,비CBRN,폭발물 테러,2100311.202303161,20230316,서울경제,,2023,INST,,,,
S02081,Q14,안보,탄저균 테러,10100101.20231009,20231009,스포츠서울,재해>자연재해>미세먼지_황사,2023,INST,,,,
S02082,Q23,비CBRN,드론 공격,4100158.202608181,20260818,데일리안,사회>사회갈등>전쟁,2026,INST,,,,
S02083,Q07,산업,톨루엔 누출,2100201.202202111,20220211,머니투데이,사고>산업사고>폭발,2022,EVENT,20220211,여수시 화치동,폭발,13.0
S02084,Q07,산업,톨루엔 누출,1400601.202403281,20240328,충청일보,사고>산업사고>폭발,2024,INST,,,,
S02085,Q03,산업,염소 가스 누출,1101001.202403191,20240319,한겨레,,2024,EVENT,20240319,의정부시 가능동,염소가스,296.0
S02086,Q04,산업,황산 유출 사고,1100701.202604101,20260410,세계일보,,2026,EVENT,20260410,대구 달성군 논공읍,황산,592.0
S02087,Q23,비CBRN,드론 공격,2100801.20240415,20240415,아시아경제,사회>사회갈등>전쟁,2024,IRRELEVANT,,,,
S02088,Q19,안보,노비촉,1100801.20230824,20230824,조선일보,범죄>범죄일반>사기,2023,REF,,,,
S02089,Q01,산업,불산 누출,1100701.202511061,20251106,세계일보,,2025,EVENT,20251105,포항시 남구,유해화학물질 누출,519.0
S02090,Q30,비CBRN,원전 방사선 피폭,8100301.202305182,20230518,SBS,,2023,INST,,,,
S02091,Q19,안보,노비촉,2100701.20230725,20230725,헤럴드경제,,2023,INST,,,,
S02092,Q07,산업,톨루엔 누출,8100101.202403271,20240327,KBS,사고>산업사고>폭발,2024,INST,,,,
S02093,Q02,산업,암모니아 누출 사고,2100101.202409111,20240911,매일경제,사고>산업사고>화재,2024,INST,,,,
S02094,Q19,안보,노비촉,2100311.202403081,20240308,서울경제,사회>사회갈등>시위,2024,REF,,,,
S02095,Q22,비CBRN,사제폭탄,10100101.20211213,20211213,스포츠서울,범죄>범죄일반>방화,2021,IRRELEVANT,,,,
S02096,Q13,안보,생물테러,7100502.202309061,20230906,환경일보,,2023,INST,,,,
S02097,Q15,안보,북한 핵실험,1100201.20241122,20241122,국민일보,,2024,OTHER,,,,
S02098,Q30,비CBRN,원전 방사선 피폭,1620001.202410071,20241007,광남일보,사고>산업사고>원자력사고,2024,INST,,,,
S02099,Q02,산업,암모니아 누출 사고,2100501.202307251,20230725,파이낸셜뉴스,,2023,EVENT,20230725,울산 남구 야음동,암모니아,167.0
S02100,Q14,안보,탄저균 테러,2100101.202210161,20221016,매일경제,,2022,IRRELEVANT,,,,
S02101,Q30,비CBRN,원전 방사선 피폭,1500901.202209272,20220927,울산매일,,2022,OTHER,,,,
S02102,Q24,비CBRN,총기 난사,1100701.202207031,20220703,세계일보,,2022,IRRELEVANT,,,,
S02103,Q02,산업,암모니아 누출 사고,1200201.202510141,20251014,경인일보,,2025,EVENT,20251014,오산시 부산동,암모니아,502.0
S02104,Q07,산업,톨루엔 누출,1500701.202409271,20240927,부산일보,사고>산업사고>화재,2024,EVENT,20240927,울주군 온산읍,유해화학물질 화재,370.0
S02105,Q05,산업,화학공장 폭발,2100801.202202111,20220211,아시아경제,사고>산업사고>폭발,2022,EVENT,20220211,여수시 화치동,폭발,13.0
S02106,Q01,산업,불산 누출,1200401.202406301,20240630,인천일보,사고>산업사고>화재,2024,INST,,,,
S02107,Q20,안보,북한 생화학무기,1100201.202305081,20230508,국민일보,,2023,INST,,,,
S02108,Q27,비CBRN,테러 예고 글,1500601.202503111,20250311,매일신문,,2025,EVENT,20250311,서울,테러 예고 글,410.0
S02109,Q20,안보,북한 생화학무기,1100501.202112011,20211201,문화일보,,2021,OTHER,,,,
S02110,Q04,산업,황산 유출 사고,4101008.202308031,20230803,이데일리,,2023,EVENT,20230803,창원시,발연황산,177.0
S02111,Q09,산업,유독가스 누출 대피,1100751.202311271,20231127,아시아투데이,사고>산업사고>화재,2023,INST,,,,
S02112,Q05,산업,화학공장 폭발,1100301.202406261,20240626,내일신문,범죄>범죄일반>방화,2024,EVENT,20240624,화성시 서신면,화재 폭발,334.0
S02113,Q01,산업,불산 누출,1100101.202402062,20240206,경향신문,,2024,EVENT,20240206,인천 동구,질식,270.0
S02114,Q16,안보,방사능 유출,2100801.202310111,20231011,아시아경제,,2023,IRRELEVANT,,,,
S02115,Q23,비CBRN,드론 공격,2100601.202601191,20260119,한국경제,,2026,IRRELEVANT,,,,
S02116,Q05,산업,화학공장 폭발,1200301.202406272,20240627,기호일보,사고>산업사고>폭발,2024,OTHER,,,,
S02117,Q09,산업,유독가스 누출 대피,4101008.202411131,20241113,이데일리,사고>산업사고>화재,2024,INST,,,,
S02118,Q22,비CBRN,사제폭탄,2100501.202508171,20250817,파이낸셜뉴스,범죄>범죄일반>방화,2025,REF,,,,
S02119,Q05,산업,화학공장 폭발,2100201.20250904,20250904,머니투데이,사고>산업사고>폭발,2025,OTHER,,,,
S02120,Q01,산업,불산 누출,2100861.202606031,20260603,브릿지경제,사고>산업사고>폭발,2026,EVENT,20260601,대전 유성구,폭발,619.0
S02121,Q23,비CBRN,드론 공격,8100201.202603302,20260330,MBC,사회>사회갈등>전쟁,2026,OTHER,,,,
S02122,Q24,비CBRN,총기 난사,2100201.20250619,20250619,머니투데이,범죄>범죄일반>폭행,2025,REF,,,,
S02123,Q14,안보,탄저균 테러,4100078.2022113,20221130,뉴스핌,,2022,INST,,,,
S02124,Q03,산업,염소 가스 누출,4100078.202509092,20250909,뉴스핌,,2025,EVENT,20250909,인천 미추홀구 도화동,가스 누출,486.0
S02125,Q14,안보,탄저균 테러,1100901.202504081,20250408,중앙일보,,2025,OTHER,,,,
S02126,Q30,비CBRN,원전 방사선 피폭,2100501.202308221,20230822,파이낸셜뉴스,,2023,INST,,,,
S02127,Q19,안보,노비촉,1100801.2022033,20220330,조선일보,,2022,EVENT,20220303,우크라이나 키이우,독극물,20.0
S02128,Q02,산업,암모니아 누출 사고,2100201.202608211,20260821,머니투데이,,2026,EVENT,20260821,서울 영등포구 양평동,암모니아,656.0
S02129,Q29,비CBRN,공항 폭발물 신고,1100901.202303131,20230313,중앙일보,,2023,EVENT,20230310,인천국제공항,실탄 반입,128.0
S02130,Q27,비CBRN,테러 예고 글,1501001.202308162,20230816,대구신문,범죄>범죄일반>살인,2023,EVENT,20230816,대구,살인 예고 글,203.0
S02131,Q19,안보,노비촉,1100611.202306291,20230629,서울신문,범죄>범죄일반>살인,2023,OTHER,,,,
S02132,Q16,안보,방사능 유출,4100078.202203041,20220304,뉴스핌,사고>산업사고>폭발,2022,EVENT,20220304,우크라이나 에네르호다르,원전 화재,22.0
S02133,Q04,산업,황산 유출 사고,1400401.202208121,20220812,중부매일,,2022,EVENT,20220812,제천시 명지동,황산,70.0
S02134,Q15,안보,북한 핵실험,1101001.202205081,20220508,한겨레,사회>사회갈등>시위,2022,OTHER,,,,
S02135,Q27,비CBRN,테러 예고 글,2100201.202309271,20230927,머니투데이,범죄>범죄일반>살인,2023,EVENT,20230806,제주시,폭탄 테러 예고 글,182.0
S02136,Q23,비CBRN,드론 공격,8100101.20240919,20240919,KBS,사고>산업사고>화재,2024,EVENT,20240919,러시아,드론 공격,362.0
S02137,Q21,비CBRN,폭발물 테러,1100201.202311201,20231120,국민일보,사회>사회갈등>테러행위,2023,EVENT,20231119,서울 구로구,폭탄 테러 예고 글,248.0
S02138,Q17,안보,더티밤,1100501.20221025,20221025,문화일보,사회>사회갈등>테러행위,2022,OTHER,,,,
S02139,Q23,비CBRN,드론 공격,8100401.202605082,20260508,YTN,사회>사회갈등>전쟁,2026,EVENT,20260508,호르무즈 해협,미사일 드론 공격,604.0
S02140,Q08,산업,질산 누출,8100401.2023091,20230910,YTN,범죄>범죄일반>방화,2023,EVENT,20230909,군산시,질산,221.0
S02141,Q03,산업,염소 가스 누출,1601101.202305311,20230531,전북일보,사고>산업사고>폭발,2023,OTHER,,,,
S02142,Q13,안보,생물테러,2100801.202508121,20250812,아시아경제,,2025,INST,,,,
S02143,Q26,비CBRN,폭발물 협박,1200401.202510201,20251020,인천일보,,2025,EVENT,20251013,인천 서구,폭발물 협박,500.0
S02144,Q24,비CBRN,총기 난사,1600801.202604241,20260424,전남일보,,2026,EVENT,20260423,미국 배턴루즈,총격,603.0
S02145,Q03,산업,염소 가스 누출,1100101.202307091,20230709,경향신문,,2023,INST,,,,
S02146,Q11,안보,화학무기 사용,1501001.202410211,20241021,대구신문,사회>사회갈등>전쟁,2024,IRRELEVANT,,,,
S02147,Q26,비CBRN,폭발물 협박,8100401.20230809,20230809,YTN,재해>자연재해>태풍,2023,IRRELEVANT,,,,
S02148,Q26,비CBRN,폭발물 협박,1100801.202605261,20260526,조선일보,,2026,EVENT,20251222,서울,폭발물 협박 글,557.0
S02149,Q11,안보,화학무기 사용,1100701.202110311,20211031,세계일보,,2021,IRRELEVANT,,,,
S02150,Q11,안보,화학무기 사용,4100608.20230227,20230227,브레이크뉴스,범죄>범죄일반>유괴/납치,2023,EVENT,20230227,미국 미시간,염화비닐 독가스,125.0
S02151,Q07,산업,톨루엔 누출,4100158.20230223,20230223,데일리안,사고>산업사고>폭발,2023,INST,,,,
S02152,Q24,비CBRN,총기 난사,2100801.20221227,20221227,아시아경제,사회>사회갈등>시위,2022,IRRELEVANT,,,,
S02153,Q05,산업,화학공장 폭발,2100701.20240624,20240624,헤럴드경제,사고>산업사고>화재,2024,EVENT,20240624,화성시 서신면,화재 폭발,334.0
S02154,Q12,안보,사린가스 공격,2100201.202203232,20220323,머니투데이,,2022,IRRELEVANT,,,,
S02155,Q29,비CBRN,공항 폭발물 신고,2100701.202205211,20220521,헤럴드경제,,2022,EVENT,20220521,인천국제공항,폭발물 허위신고,49.0
S02156,Q05,산업,화학공장 폭발,1100751.202202091,20220209,아시아투데이,사고>산업사고>폭발,2022,OTHER,,,,
S02157,Q24,비CBRN,총기 난사,1500601.202310032,20231003,매일신문,사회>사회문제>중독,2023,EVENT,20231003,태국 방콕,총기난사,234.0
S02158,Q07,산업,톨루엔 누출,1100101.202210141,20221014,경향신문,재해>자연재해>미세먼지_황사,2022,OTHER,,,,
S02159,Q29,비CBRN,공항 폭발물 신고,1100401.202406141,20240614,동아일보,,2024,EVENT,20240614,인천국제공항,폭발물 협박 이메일,318.0
S02160,Q02,산업,암모니아 누출 사고,5520352.202310271,20231027,당진시대,사고>산업사고>화재,2023,INST,,,,
S02161,Q14,안보,탄저균 테러,8100401.202503131,20250313,YTN,,2025,INST,,,,
S02162,Q02,산업,암모니아 누출 사고,7100502.202409041,20240904,환경일보,사고>산업사고>폭발,2024,INST,,,,
S02163,Q03,산업,염소 가스 누출,1100611.202506091,20250609,서울신문,사고>스포츠사고,2025,EVENT,20250609,남양주시 진건읍,차아염소산나트륨,429.0
S02164,Q25,비CBRN,차량 돌진 테러,2100201.202403111,20240311,머니투데이,범죄>범죄일반>방화,2024,EVENT,20240311,중국 베이징,차량 돌진,290.0
S02165,Q14,안보,탄저균 테러,7101201.20231119,20231119,디지털타임스,범죄>범죄일반>마약,2023,EVENT,20231118,미국,펜타닐 의심 우편물,247.0
S02166,Q23,비CBRN,드론 공격,2100851.20211101,20211101,아주경제,,2021,OTHER,,,,
S02167,Q29,비CBRN,공항 폭발물 신고,1100751.202405291,20240529,아시아투데이,,2024,IRRELEVANT,,,,
S02168,Q12,안보,사린가스 공격,1101101.20250215,20250215,한국일보,사고>스포츠사고,2025,IRRELEVANT,,,,
S02169,Q21,비CBRN,폭발물 테러,4101008.202304261,20230426,이데일리,,2023,INST,,,,
S02170,Q09,산업,유독가스 누출 대피,4102008.202606011,20260601,쿠키뉴스,사고>산업사고>화재,2026,EVENT,20260601,청주시,불소 유독가스,630.0
S02171,Q05,산업,화학공장 폭발,1100611.202509021,20250902,서울신문,사고>산업사고>폭발,2025,IRRELEVANT,,,,
S02172,Q13,안보,생물테러,1100701.202204241,20220424,세계일보,,2022,INST,,,,
S02173,Q09,산업,유독가스 누출 대피,2100351.20240123,20240123,이투데이,사고>산업사고>화재,2024,EVENT,20240122,서천군 서천읍,화재,264.0
S02174,Q06,산업,유해화학물질 유출,2100401.202211151,20221115,메트로경제,사고>산업사고>폭발,2022,INST,,,,
S02175,Q22,비CBRN,사제폭탄,4100078.20221114,20221114,뉴스핌,사고>산업사고>붕괴,2022,INST,,,,
S02176,Q03,산업,염소 가스 누출,1400501.202403191,20240319,중부일보,,2024,OTHER,,,,
S02177,Q01,산업,불산 누출,2100501.202511051,20251105,파이낸셜뉴스,,2025,EVENT,20251105,포항시 남구,유해가스,513.0
S02178,Q26,비CBRN,폭발물 협박,1100801.202509161,20250916,조선일보,,2025,EVENT,20250916,수원시 권선구,폭파 허위신고,489.0
S02179,Q07,산업,톨루엔 누출,4100058.202510151,20251015,노컷뉴스,사고>산업사고>화재,2025,INST,,,,
S02180,Q04,산업,황산 유출 사고,7101201.202607091,20260709,디지털타임스,사고>산업사고>화재,2026,EVENT,20260709,봉화군 석포면,화재,638.0
S02181,Q01,산업,불산 누출,1500201.2022033,20220330,경북일보,,2022,INST,,,,
S02182,Q07,산업,톨루엔 누출,1501301.202409292,20240929,울산신문,사고>산업사고>화재,2024,EVENT,20240927,울주군 온산읍,유해물질 연기,367.0
S02183,Q27,비CBRN,테러 예고 글,2100501.202508101,20250810,파이낸셜뉴스,범죄>범죄일반>살인,2025,OTHER,,,,
S02184,Q24,비CBRN,총기 난사,2100801.202206021,20220602,아시아경제,,2022,EVENT,20220601,미국 오클라호마 털사,총기난사,55.0
S02185,Q30,비CBRN,원전 방사선 피폭,1100701.202202031,20220203,세계일보,사고>산업사고>폭발,2022,OTHER,,,,
S02186,Q29,비CBRN,공항 폭발물 신고,1100201.20250813,20250813,국민일보,사회>사회갈등>테러행위,2025,OTHER,,,,
S02187,Q19,안보,노비촉,1100401.202211241,20221124,동아일보,사회>사회갈등>전쟁,2022,IRRELEVANT,,,,
S02188,Q28,비CBRN,다중이용시설 테러,1100701.202408211,20240821,세계일보,,2024,INST,,,,
S02189,Q30,비CBRN,원전 방사선 피폭,1500701.202510301,20251030,부산일보,사고>산업사고>원자력사고,2025,OTHER,,,,
S02190,Q01,산업,불산 누출,4100078.202201111,20220111,뉴스핌,,2022,INST,,,,
S02191,Q19,안보,노비촉,8200101.202203072,20220307,OBS,사고>산업사고>화재,2022,OTHER,,,,
S02192,Q27,비CBRN,테러 예고 글,2100311.20260327,20260327,서울경제,사회>사회갈등>전쟁,2026,IRRELEVANT,,,,
S02193,Q12,안보,사린가스 공격,1101001.202406081,20240608,한겨레,,2024,IRRELEVANT,,,,
S02194,Q02,산업,암모니아 누출 사고,4100608.202607151,20260715,브레이크뉴스,재해>자연재해>태풍,2026,INST,,,,
S02195,Q12,안보,사린가스 공격,1100401.20220416,20220416,동아일보,범죄>성범죄>성폭행,2022,OTHER,,,,
S02196,Q21,비CBRN,폭발물 테러,1100701.202511151,20251115,세계일보,범죄>범죄일반>방화,2025,EVENT,20251114,인도 스리나가르,폭발물,525.0
S02197,Q11,안보,화학무기 사용,1100201.202304181,20230418,국민일보,,2023,IRRELEVANT,,,,
S02198,Q13,안보,생물테러,1601001.202211171,20221117,전북도민일보,,2022,INST,,,,
S02199,Q25,비CBRN,차량 돌진 테러,1100501.202502141,20250214,문화일보,범죄>범죄일반>방화,2025,EVENT,20250213,독일 뮌헨,차량 돌진,401.0
S02200,Q10,산업,화학사고 대응,1400801.202606091,20260609,금강일보,사고>산업사고>화재,2026,INST,,,,
S02201,Q26,비CBRN,폭발물 협박,1200301.202509291,20250929,기호일보,사고>산업사고>화재,2025,OTHER,,,,
S02202,Q27,비CBRN,테러 예고 글,2100351.202208071,20220807,이투데이,,2022,EVENT,20220807,,암살 예고 글,66.0
S02203,Q17,안보,더티밤,2100601.202210241,20221024,한국경제,사회>사회갈등>전쟁,2022,OTHER,,,,
S02204,Q05,산업,화학공장 폭발,1600801.202202181,20220218,전남일보,사고>산업사고>폭발,2022,EVENT,20220211,여수시 화치동,폭발,13.0
S02205,Q01,산업,불산 누출,2100351.202511211,20251121,이투데이,,2025,EVENT,20251105,포항시 남구,유해물질 누출,522.0
S02206,Q22,비CBRN,사제폭탄,1101101.202406182,20240618,한국일보,,2024,IRRELEVANT,,,,
S02207,Q09,산업,유독가스 누출 대피,4101008.20240123,20240123,이데일리,사고>산업사고>화재,2024,EVENT,20240122,서천군 서천읍,화재,264.0
S02208,Q22,비CBRN,사제폭탄,1100611.202509021,20250902,서울신문,사고>산업사고>폭발,2025,OTHER,,,,
S02209,Q13,안보,생물테러,1400801.202608041,20260804,금강일보,,2026,INST,,,,
S02210,Q05,산업,화학공장 폭발,1501301.202407102,20240710,울산신문,사고>산업사고>폭발,2024,INST,,,,
S02211,Q04,산업,황산 유출 사고,8100401.20260122,20260122,YTN,,2026,EVENT,20260121,제주시 용담동,황산,563.0
S02212,Q30,비CBRN,원전 방사선 피폭,4100058.202210051,20221005,노컷뉴스,,2022,OTHER,,,,
S02213,Q06,산업,유해화학물질 유출,5202752.202110271,20211027,평택시민신문,사고>산업사고>폭발,2021,INST,,,,
S02214,Q30,비CBRN,원전 방사선 피폭,8100401.202307081,20230708,YTN,사회>사회갈등>시위,2023,OTHER,,,,
S02215,Q07,산업,톨루엔 누출,1500601.202308011,20230801,매일신문,사고>산업사고>폭발,2023,EVENT,20230713,대구 서구,황산,159.0
S02216,Q05,산업,화학공장 폭발,1100611.20220215,20220215,서울신문,사고>산업사고>붕괴,2022,OTHER,,,,
S02217,Q24,비CBRN,총기 난사,1100801.202303281,20230328,조선일보,범죄>범죄일반>살인,2023,OTHER,,,,
S02218,Q17,안보,더티밤,4100078.20211018,20211018,뉴스핌,,2021,IRRELEVANT,,,,
S02219,Q11,안보,화학무기 사용,2100601.202204041,20220404,한국경제,,2022,IRRELEVANT,,,,
S02220,Q20,안보,북한 생화학무기,2100311.20240811,20240811,서울경제,사회>사회갈등>전쟁,2024,IRRELEVANT,,,,
S02221,Q29,비CBRN,공항 폭발물 신고,8100201.202402191,20240219,MBC,,2024,EVENT,20240219,광주광역시,폭발물 의심 우편물,289.0
S02222,Q15,안보,북한 핵실험,1400601.202211151,20221115,충청일보,,2022,IRRELEVANT,,,,
S02223,Q16,안보,방사능 유출,1100611.202305141,20230514,서울신문,재해>자연재해>지진,2023,INST,,,,
S02224,Q06,산업,유해화학물질 유출,10100101.202509193,20250919,스포츠서울,사고>교통사고>해상사고,2025,INST,,,,
S02225,Q29,비CBRN,공항 폭발물 신고,1100901.20211106,20211106,중앙일보,사고>산업사고>폭발,2021,OTHER,,,,
S02226,Q26,비CBRN,폭발물 협박,8100301.202204072,20220407,SBS,사회>사회갈등>전쟁,2022,IRRELEVANT,,,,
S02227,Q23,비CBRN,드론 공격,1100101.202302062,20230206,경향신문,,2023,OTHER,,,,
S02228,Q06,산업,유해화학물질 유출,4100608.202503061,20250306,브레이크뉴스,범죄>범죄일반>방화,2025,INST,,,,
S02229,Q14,안보,탄저균 테러,1600201.202111212,20211121,광주매일신문,,2021,INST,,,,
S02230,Q25,비CBRN,차량 돌진 테러,2100101.202501031,20250103,매일경제,범죄>범죄일반>방화,2025,EVENT,20250101,미국 라스베이거스,차량 폭발,389.0
S02231,Q15,안보,북한 핵실험,1100201.20220123,20220123,국민일보,사회>사회갈등>시위,2022,OTHER,,,,
S02232,Q04,산업,황산 유출 사고,2100701.202307131,20230713,헤럴드경제,,2023,EVENT,20230713,대구 서구 비산동,황산,158.0
S02233,Q22,비CBRN,사제폭탄,6101302.202110171,20211017,한겨레21,범죄>범죄일반>방화,2021,REF,,,,
S02234,Q06,산업,유해화학물질 유출,4100078.20240908,20240908,뉴스핌,사고>산업사고>화재,2024,INST,,,,
S02235,Q10,산업,화학사고 대응,1600451.202511241,20251124,남도일보,,2025,INST,,,,
S02236,Q29,비CBRN,공항 폭발물 신고,8100101.20231023,20231023,KBS,범죄>범죄일반>절도,2023,EVENT,20231023,프랑스 베르사유,테러 신고,237.0
S02237,Q20,안보,북한 생화학무기,8100401.202212271,20221227,YTN,사회>사회갈등>테러행위,2022,OTHER,,,,
S02238,Q25,비CBRN,차량 돌진 테러,1600801.202607251,20260725,전남일보,사고>산업사고>폭발,2026,EVENT,20260724,파키스탄 카이베르파크툰크와주,차량폭탄,642.0
S02239,Q05,산업,화학공장 폭발,2100311.202201191,20220119,서울경제,사고>산업사고>붕괴,2022,INST,,,,
S02240,Q10,산업,화학사고 대응,4101008.202208021,20220802,이데일리,재해>자연재해>해일,2022,IRRELEVANT,,,,
S02241,Q29,비CBRN,공항 폭발물 신고,2100701.20250719,20250719,헤럴드경제,,2025,EVENT,20250715,미국 포트로더데일,폭탄 허위신고,446.0
S02242,Q05,산업,화학공장 폭발,1620001.202202131,20220213,광남일보,사고>산업사고>폭발,2022,EVENT,20220211,여수시 화치동,폭발,13.0
S02243,Q22,비CBRN,사제폭탄,2100801.2024063,20240630,아시아경제,범죄>범죄일반>유괴/납치,2024,REF,,,,
S02244,Q19,안보,노비촉,1100611.202203261,20220326,서울신문,,2022,OTHER,,,,
S02245,Q20,안보,북한 생화학무기,1100401.202209182,20220918,동아일보,,2022,INST,,,,
S02246,Q20,안보,북한 생화학무기,8100401.202208251,20220825,YTN,,2022,OTHER,,,,
S02247,Q26,비CBRN,폭발물 협박,2100501.202507141,20250714,파이낸셜뉴스,범죄>범죄일반>유괴/납치,2025,OTHER,,,,
S02248,Q24,비CBRN,총기 난사,2100601.202306021,20230602,한국경제,범죄>범죄일반>마약,2023,OTHER,,,,
S02249,Q27,비CBRN,테러 예고 글,1100501.202401301,20240130,문화일보,범죄>범죄일반>폭행,2024,EVENT,20240130,,살인 예고 글,267.0
S02250,Q07,산업,톨루엔 누출,1200401.202302231,20230223,인천일보,사고>산업사고>폭발,2023,INST,,,,
S02251,Q03,산업,염소 가스 누출,8100301.202407072,20240707,SBS,사고>산업사고>화재,2024,OTHER,,,,
S02252,Q22,비CBRN,사제폭탄,1100201.202211141,20221114,국민일보,사고>산업사고>화재,2022,INST,,,,
S02253,Q09,산업,유독가스 누출 대피,1100701.202509091,20250909,세계일보,,2025,EVENT,20250909,인천 미추홀구 도화동,유독가스,485.0
S02254,Q17,안보,더티밤,1101101.202307052,20230705,한국일보,사고>산업사고>폭발,2023,EVENT,20230704,우크라이나 자포리자,원전 전력선 단절,155.0
S02255,Q10,산업,화학사고 대응,1500201.202512171,20251217,경북일보,사고>산업사고>화재,2025,OTHER,,,,
S02256,Q30,비CBRN,원전 방사선 피폭,4100058.20231202,20231202,노컷뉴스,,2023,INST,,,,
S02257,Q20,안보,북한 생화학무기,8100401.202406072,20240607,YTN,범죄>범죄일반>방화,2024,OTHER,,,,
S02258,Q05,산업,화학공장 폭발,4101008.2025123,20251230,이데일리,범죄>범죄일반>마약,2025,IRRELEVANT,,,,
S02259,Q17,안보,더티밤,1100701.202608111,20260811,세계일보,,2026,OTHER,,,,
S02260,Q14,안보,탄저균 테러,1100201.20230724,20230724,국민일보,,2023,OTHER,,,,
S02261,Q23,비CBRN,드론 공격,1100301.202212221,20221222,내일신문,,2022,IRRELEVANT,,,,
S02262,Q26,비CBRN,폭발물 협박,2100101.202601081,20260108,매일경제,,2026,EVENT,20260106,청주시,폭발물 협박 글,560.0
S02263,Q08,산업,질산 누출,1100801.202309091,20230909,조선일보,,2023,EVENT,20230909,군산시 소룡동,질산,219.0
S02264,Q30,비CBRN,원전 방사선 피폭,2100801.202204011,20220401,아시아경제,사고>산업사고>폭발,2022,OTHER,,,,
S02265,Q30,비CBRN,원전 방사선 피폭,4100608.20230625,20230625,브레이크뉴스,사고>산업사고>화재,2023,OTHER,,,,
S02266,Q16,안보,방사능 유출,10100101.202307172,20230717,스포츠서울,사고>산업사고>원자력사고,2023,OTHER,,,,
S02267,Q13,안보,생물테러,1500701.202405131,20240513,부산일보,,2024,INST,,,,
S02268,Q13,안보,생물테러,4100158.202509271,20250927,데일리안,사고>산업사고>화재,2025,IRRELEVANT,,,,
S02269,Q18,안보,백색가루 신고,1100201.202206121,20220612,국민일보,,2022,EVENT,20220612,대구 수성구,백색가루,57.0
S02270,Q30,비CBRN,원전 방사선 피폭,4100058.202401251,20240125,노컷뉴스,,2024,INST,,,,
S02271,Q28,비CBRN,다중이용시설 테러,2100701.202312231,20231223,헤럴드경제,사고>산업사고>화재,2023,INST,,,,
S02272,Q25,비CBRN,차량 돌진 테러,1100401.202412231,20241223,동아일보,,2024,REF,,,,
S02273,Q30,비CBRN,원전 방사선 피폭,4104008.202501192,20250119,프레시안,범죄>범죄일반>폭행,2025,OTHER,,,,
S02274,Q26,비CBRN,폭발물 협박,4100158.202308041,20230804,데일리안,범죄>범죄일반>방화,2023,OTHER,,,,
S02275,Q17,안보,더티밤,8100401.20241009,20241009,YTN,,2024,OTHER,,,,
S02276,Q15,안보,북한 핵실험,1100501.202210181,20221018,문화일보,사고>산업사고>폭발,2022,REF,,,,
S02277,Q18,안보,백색가루 신고,1400351.202410232,20241023,중도일보,,2024,INST,,,,
S02278,Q20,안보,북한 생화학무기,1100901.20221018,20221018,중앙일보,사회>사회갈등>전쟁,2022,IRRELEVANT,,,,
S02279,Q10,산업,화학사고 대응,1601001.202512091,20251209,전북도민일보,,2025,INST,,,,
S02280,Q15,안보,북한 핵실험,1101001.202212221,20221222,한겨레,,2022,IRRELEVANT,,,,
S02281,Q09,산업,유독가스 누출 대피,8100201.202209302,20220930,MBC,사고>산업사고>폭발,2022,EVENT,20220930,화성시,폭발 화재,93.0
S02282,Q20,안보,북한 생화학무기,1100611.202301071,20230107,서울신문,범죄>범죄일반>사기,2023,IRRELEVANT,,,,
S02283,Q19,안보,노비촉,2100501.202307251,20230725,파이낸셜뉴스,,2023,INST,,,,
S02284,Q25,비CBRN,차량 돌진 테러,8100101.202305031,20230503,KBS,사고>교통사고>노상사고,2023,EVENT,20230503,영국 런던,탄약통 투척,141.0
S02285,Q09,산업,유독가스 누출 대피,1100701.20240123,20240123,세계일보,사고>산업사고>화재,2024,EVENT,20240122,서천군 서천읍,화재,264.0
S02286,Q03,산업,염소 가스 누출,1600451.202607091,20260709,남도일보,사고>산업사고>화재,2026,EVENT,20260709,순천시 덕암동,화재,640.0
S02287,Q05,산업,화학공장 폭발,4101008.202204251,20220425,이데일리,사고>산업사고>폭발,2022,OTHER,,,,
S02288,Q21,비CBRN,폭발물 테러,8100401.202603122,20260312,YTN,,2026,EVENT,20260312,이라크 바스라,유조선 폭격,579.0
S02289,Q29,비CBRN,공항 폭발물 신고,1100401.202602252,20260225,동아일보,사회>사회갈등>테러행위,2026,OTHER,,,,
S02290,Q27,비CBRN,테러 예고 글,1100701.202504021,20250402,세계일보,사회>사회갈등>시위,2025,INST,,,,
S02291,Q21,비CBRN,폭발물 테러,1200201.202509231,20250923,경인일보,사고>산업사고>폭발,2025,EVENT,20250923,수원시 영통구,폭발물 협박 메일,491.0
S02292,Q22,비CBRN,사제폭탄,8100401.202211061,20221106,YTN,사고>산업사고>폭발,2022,EVENT,20221106,필리핀 타쿠롱시,폭탄,104.0
S02293,Q11,안보,화학무기 사용,1101001.202204131,20220413,한겨레,,2022,OTHER,,,,
S02294,Q11,안보,화학무기 사용,8100401.202410011,20241001,YTN,범죄>범죄일반>절도,2024,IRRELEVANT,,,,
S02295,Q03,산업,염소 가스 누출,8100401.20240319,20240319,YTN,,2024,EVENT,20240319,의정부시 가능동,염소가스,296.0
S02296,Q19,안보,노비촉,8100401.20251205,20251205,YTN,,2025,REF,,,,
S02297,Q01,산업,불산 누출,1100401.20250225,20250225,동아일보,,2025,IRRELEVANT,,,,
S02298,Q10,산업,화학사고 대응,2100801.202111031,20211103,아시아경제,,2021,IRRELEVANT,,,,
S02299,Q23,비CBRN,드론 공격,2100101.202603011,20260301,매일경제,사고>교통사고>해상사고,2026,EVENT,20260228,이란 테헤란,공습,577.0
S02300,Q09,산업,유독가스 누출 대피,8100301.20260602,20260602,SBS,사고>산업사고>화재,2026,EVENT,20260601,청주시,불소,626.0
S02301,Q01,산업,불산 누출,1500801.202511051,20251105,영남일보,,2025,EVENT,20251105,포항시 남구,유해가스,513.0
S02302,Q18,안보,백색가루 신고,1500701.202411061,20241106,부산일보,,2024,INST,,,,
S02303,Q06,산업,유해화학물질 유출,2100601.202410252,20241025,한국경제,범죄>범죄일반>폭행,2024,REF,,,,
S02304,Q18,안보,백색가루 신고,1100201.2024073,20240730,국민일보,,2024,IRRELEVANT,,,,
S02305,Q20,안보,북한 생화학무기,4100078.20221018,20221018,뉴스핌,사회>사회갈등>전쟁,2022,IRRELEVANT,,,,
S02306,Q29,비CBRN,공항 폭발물 신고,8100401.202406141,20240614,YTN,,2024,EVENT,20240614,인천국제공항,폭발물 협박 이메일,318.0
S02307,Q14,안보,탄저균 테러,2100201.202307101,20230710,머니투데이,,2023,OTHER,,,,
S02308,Q10,산업,화학사고 대응,7100501.202203211,20220321,전자신문,,2022,INST,,,,
S02309,Q25,비CBRN,차량 돌진 테러,4100078.20241223,20241223,뉴스핌,사고>교통사고>노상사고,2024,EVENT,20241220,독일 마그데부르크,차량 돌진,384.0
S02310,Q19,안보,노비촉,4400108.202307251,20230725,헬로디디,,2023,INST,,,,
S02311,Q08,산업,질산 누출,8100101.202503102,20250310,KBS,사고>산업사고>화재,2025,IRRELEVANT,,,,
S02312,Q02,산업,암모니아 누출 사고,1200101.202511261,20251126,경기일보,,2025,EVENT,20251126,부산 서구,암모니아,532.0
S02313,Q03,산업,염소 가스 누출,1200101.20240319,20240319,경기일보,,2024,EVENT,20240319,의정부시 가능동,염소가스,296.0
S02314,Q16,안보,방사능 유출,2100201.20220309,20220309,머니투데이,범죄>기업범죄>거래제한,2022,EVENT,20220308,우크라이나 체르노빌,원전 모니터링 두절,24.0
S02315,Q16,안보,방사능 유출,1100611.202308311,20230831,서울신문,사고>산업사고>폭발,2023,OTHER,,,,
S02316,Q26,비CBRN,폭발물 협박,8100401.202508051,20250805,YTN,,2025,EVENT,20250805,서울 중구,폭발물 협박,456.0
S02317,Q22,비CBRN,사제폭탄,4100058.20220712,20220712,노컷뉴스,범죄>성범죄>성폭행,2022,OTHER,,,,
S02318,Q29,비CBRN,공항 폭발물 신고,8100101.2024022,20240220,KBS,,2024,EVENT,20240219,광주광역시,폭발물 의심 우편물,289.0
S02319,Q07,산업,톨루엔 누출,1400201.20240627,20240627,대전일보,사고>산업사고>폭발,2024,INST,,,,
S02320,Q12,안보,사린가스 공격,1100501.20260409,20260409,문화일보,사고>산업사고>폭발,2026,IRRELEVANT,,,,
S02321,Q09,산업,유독가스 누출 대피,1100611.20240123,20240123,서울신문,사고>산업사고>화재,2024,IRRELEVANT,,,,
S02322,Q07,산업,톨루엔 누출,1400301.20240329,20240329,동양일보,사고>산업사고>화재,2024,INST,,,,
S02323,Q29,비CBRN,공항 폭발물 신고,8100401.202406281,20240628,YTN,,2024,INST,,,,
S02324,Q29,비CBRN,공항 폭발물 신고,2100201.202308081,20230808,머니투데이,범죄>범죄일반>살인,2023,INST,,,,
S02325,Q19,안보,노비촉,1100901.202402212,20240221,중앙일보,,2024,OTHER,,,,
S02326,Q17,안보,더티밤,2100851.202211061,20221106,아주경제,,2022,IRRELEVANT,,,,
S02327,Q01,산업,불산 누출,1500601.202511061,20251106,매일신문,사고>산업사고>붕괴,2025,EVENT,20251105,포항시,유해화학물질 누출,518.0
S02328,Q29,비CBRN,공항 폭발물 신고,1500601.202308071,20230807,매일신문,범죄>범죄일반>살인,2023,EVENT,20230806,대구시,테러 예고글,186.0
S02329,Q12,안보,사린가스 공격,1100101.202412121,20241212,경향신문,범죄>범죄일반>방화,2024,IRRELEVANT,,,,
S02330,Q25,비CBRN,차량 돌진 테러,1101202.20230818,20230818,일요신문,사고>교통사고>노상사고,2023,REF,,,,
S02331,Q27,비CBRN,테러 예고 글,2100701.20240822,20240822,헤럴드경제,사회>사회갈등>테러행위,2024,IRRELEVANT,,,,
S02332,Q13,안보,생물테러,1100751.20241121,20241121,아시아투데이,,2024,INST,,,,
S02333,Q23,비CBRN,드론 공격,2100311.202603081,20260308,서울경제,,2026,IRRELEVANT,,,,
S02334,Q04,산업,황산 유출 사고,1100751.202307131,20230713,아시아투데이,,2023,EVENT,20230713,대구 서구,황산,159.0
S02335,Q26,비CBRN,폭발물 협박,1100751.202501241,20250124,아시아투데이,범죄>범죄일반>살인,2025,INST,,,,
S02336,Q01,산업,불산 누출,1501101.202208251,20220825,경북도민일보,,2022,IRRELEVANT,,,,
S02337,Q24,비CBRN,총기 난사,8100201.202205161,20220516,MBC,,2022,EVENT,20220514,미국 버펄로,총기난사,45.0
S02338,Q03,산업,염소 가스 누출,8100101.20220929,20220929,KBS,사고>산업사고>폭발,2022,EVENT,20220928,서울 성동구,염소가스,89.0
S02339,Q18,안보,백색가루 신고,4100058.202207041,20220704,노컷뉴스,범죄>범죄일반>마약,2022,EVENT,20220612,대구 수성구,백색가루,57.0
S02340,Q01,산업,불산 누출,2100201.202210311,20221031,머니투데이,범죄>범죄일반>방화,2022,IRRELEVANT,,,,
S02341,Q26,비CBRN,폭발물 협박,1100201.202308082,20230808,국민일보,사회>사회갈등>테러행위,2023,EVENT,20230808,서울시,폭발물 협박 이메일,197.0
S02342,Q10,산업,화학사고 대응,4100058.202412181,20241218,노컷뉴스,,2024,INST,,,,
S02343,Q09,산업,유독가스 누출 대피,1600501.202407301,20240730,무등일보,,2024,EVENT,20240729,여수시,이산화황,342.0
S02344,Q16,안보,방사능 유출,1100701.202110181,20211018,세계일보,범죄>범죄일반>절도,2021,IRRELEVANT,,,,
S02345,Q26,비CBRN,폭발물 협박,8100401.202511211,20251121,YTN,범죄>범죄일반>살인,2025,EVENT,20251121,인천시,폭발물 협박,529.0
S02346,Q06,산업,유해화학물질 유출,1400351.202404182,20240418,중도일보,사고>산업사고>폭발,2024,INST,,,,
S02347,Q05,산업,화학공장 폭발,2100311.202202101,20220210,서울경제,,2022,OTHER,,,,
S02348,Q22,비CBRN,사제폭탄,2100701.202412111,20241211,헤럴드경제,범죄>범죄일반>절도,2024,IRRELEVANT,,,,
S02349,Q14,안보,탄저균 테러,1400551.202403141,20240314,충북일보,,2024,INST,,,,
S02350,Q15,안보,북한 핵실험,2100201.202202042,20220204,머니투데이,,2022,INST,,,,
S02351,Q13,안보,생물테러,1500101.202304232,20230423,경남일보,,2023,INST,,,,
S02352,Q19,안보,노비촉,4101008.202402172,20240217,이데일리,범죄>기업범죄>횡령,2024,OTHER,,,,
S02353,Q28,비CBRN,다중이용시설 테러,1400351.202503282,20250328,중도일보,,2025,INST,,,,
S02354,Q17,안보,더티밤,1100401.202608111,20260811,동아일보,사회>사회갈등>전쟁,2026,INST,,,,
S02355,Q29,비CBRN,공항 폭발물 신고,1400101.202509042,20250904,충청타임즈,사회>사회갈등>테러행위,2025,INST,,,,
S02356,Q27,비CBRN,테러 예고 글,2100311.20230227,20230227,서울경제,범죄>범죄일반>폭행,2023,EVENT,20221107,,염산 테러 협박글,105.0
S02357,Q25,비CBRN,차량 돌진 테러,1100201.202603212,20260321,국민일보,,2026,IRRELEVANT,,,,
S02358,Q04,산업,황산 유출 사고,1101001.202202231,20220223,한겨레,범죄>기업범죄>거래제한,2022,IRRELEVANT,,,,
S02359,Q28,비CBRN,다중이용시설 테러,1100751.202506261,20250626,아시아투데이,범죄>성범죄>음란물,2025,EVENT,20250626,서울시,테러 예고글,438.0
S02360,Q08,산업,질산 누출,4100078.202309091,20230909,뉴스핌,,2023,EVENT,20230909,군산시,질산 불산,218.0
S02361,Q29,비CBRN,공항 폭발물 신고,8100401.20250929,20250929,YTN,범죄>범죄일반>방화,2025,INST,,,,
S02362,Q25,비CBRN,차량 돌진 테러,8100201.202505271,20250527,MBC,사고>교통사고>노상사고,2025,EVENT,20250526,영국 리버풀,차량 돌진,424.0
S02363,Q04,산업,황산 유출 사고,1400351.202404032,20240403,중도일보,사고>산업사고>폭발,2024,EVENT,20240402,단양군 매포읍,재생연료유,302.0
S02364,Q27,비CBRN,테러 예고 글,1100901.20230829,20230829,중앙일보,사고>스포츠사고,2023,IRRELEVANT,,,,
S02365,Q21,비CBRN,폭발물 테러,1100401.20230817,20230817,동아일보,사회>사회갈등>테러행위,2023,EVENT,20230816,전국,폭파 협박 이메일,202.0
S02366,Q14,안보,탄저균 테러,1400401.202311011,20231101,중부매일,,2023,INST,,,,
S02367,Q12,안보,사린가스 공격,1101001.202410301,20241030,한겨레,범죄>범죄일반>살인,2024,IRRELEVANT,,,,
S02368,Q04,산업,황산 유출 사고,8100101.202604102,20260410,KBS,,2026,EVENT,20260410,대구 달성군,황산코발트,591.0
S02369,Q05,산업,화학공장 폭발,1100701.20220212,20220212,세계일보,사고>산업사고>붕괴,2022,EVENT,20220211,여수시,폭발,14.0
S02370,Q07,산업,톨루엔 누출,1200301.202205061,20220506,기호일보,,2022,INST,,,,
S02371,Q20,안보,북한 생화학무기,2100101.202406101,20240610,매일경제,,2024,OTHER,,,,
S02372,Q15,안보,북한 핵실험,1100201.20250611,20250611,국민일보,사회>사회갈등>전쟁,2025,IRRELEVANT,,,,
S02373,Q27,비CBRN,테러 예고 글,1500701.202504031,20250403,부산일보,범죄>범죄일반>폭행,2025,IRRELEVANT,,,,
S02374,Q20,안보,북한 생화학무기,2100101.202212271,20221227,매일경제,,2022,IRRELEVANT,,,,
S02375,Q21,비CBRN,폭발물 테러,1600451.202603121,20260312,남도일보,사고>산업사고>화재,2026,IRRELEVANT,,,,
S02376,Q14,안보,탄저균 테러,1100751.20231101,20231101,아시아투데이,,2023,INST,,,,
S02377,Q15,안보,북한 핵실험,1100501.202208121,20220812,문화일보,,2022,INST,,,,
S02378,Q20,안보,북한 생화학무기,1100101.202212271,20221227,경향신문,,2022,IRRELEVANT,,,,
S02379,Q29,비CBRN,공항 폭발물 신고,8100401.202406131,20240613,YTN,,2024,INST,,,,
S02380,Q28,비CBRN,다중이용시설 테러,4100608.202608051,20260805,브레이크뉴스,,2026,INST,,,,
S02381,Q14,안보,탄저균 테러,2100311.202209041,20220904,서울경제,범죄>기업범죄>거래제한,2022,INST,,,,
S02382,Q30,비CBRN,원전 방사선 피폭,1100101.202307071,20230707,경향신문,사고>산업사고>원자력사고,2023,INST,,,,
S02383,Q24,비CBRN,총기 난사,1100201.202206291,20220629,국민일보,,2022,IRRELEVANT,,,,
S02384,Q09,산업,유독가스 누출 대피,1101101.20240123,20240123,한국일보,사고>산업사고>화재,2024,IRRELEVANT,,,,
S02385,Q09,산업,유독가스 누출 대피,4100078.202303031,20230303,뉴스핌,사고>산업사고>폭발,2023,INST,,,,
S02386,Q10,산업,화학사고 대응,1400101.202511251,20251125,충청타임즈,,2025,INST,,,,
S02387,Q17,안보,더티밤,2100701.202608111,20260811,헤럴드경제,사회>사회갈등>전쟁,2026,INST,,,,
S02388,Q15,안보,북한 핵실험,2100401.202211171,20221117,메트로경제,,2022,IRRELEVANT,,,,
S02389,Q25,비CBRN,차량 돌진 테러,1100611.202607281,20260728,서울신문,범죄>범죄일반>폭행,2026,EVENT,20260725,독일 베를린,테러 공격,644.0
S02390,Q01,산업,불산 누출,1500301.20250212,20250212,경상일보,사고>산업사고>폭발,2025,INST,,,,
S02391,Q16,안보,방사능 유출,4100058.202505221,20250522,노컷뉴스,,2025,OTHER,,,,
S02392,Q28,비CBRN,다중이용시설 테러,1601001.202606101,20260610,전북도민일보,,2026,INST,,,,
S02393,Q25,비CBRN,차량 돌진 테러,2100351.202412221,20241222,이투데이,범죄>범죄일반>절도,2024,EVENT,20241220,독일 마그데부르크,차량 돌진,384.0
S02394,Q10,산업,화학사고 대응,4100078.202110121,20211012,뉴스핌,사고>스포츠사고,2021,INST,,,,
S02395,Q24,비CBRN,총기 난사,7101201.20251215,20251215,디지털타임스,,2025,EVENT,20251214,호주 시드니,총기난사,539.0
S02396,Q04,산업,황산 유출 사고,8100101.202508102,20250810,KBS,,2025,EVENT,20250809,정읍시 북면,황산,463.0
S02397,Q01,산업,불산 누출,1600451.20221031,20221031,남도일보,범죄>범죄일반>방화,2022,IRRELEVANT,,,,
S02398,Q24,비CBRN,총기 난사,2100701.202301271,20230127,헤럴드경제,범죄>범죄일반>폭행,2023,EVENT,20230126,요르단강 서안,총격,123.0
S02399,Q13,안보,생물테러,1100751.202211161,20221116,아시아투데이,,2022,INST,,,,
S02400,Q15,안보,북한 핵실험,1300201.202211021,20221102,강원일보,사회>사회갈등>전쟁,2022,EVENT,20221102,북한,탄도미사일,101.0
S02401,Q08,산업,질산 누출,8100101.20211028,20211028,KBS,사고>산업사고>화재,2021,EVENT,20211028,경기도,질산,6.0
S02402,Q11,안보,화학무기 사용,1100401.20260523,20260523,동아일보,범죄>범죄일반>유괴/납치,2026,OTHER,,,,
S02403,Q14,안보,탄저균 테러,1200401.202210311,20221031,인천일보,,2022,INST,,,,
S02404,Q20,안보,북한 생화학무기,1100201.20220413,20220413,국민일보,사고>산업사고>화재,2022,IRRELEVANT,,,,
S02405,Q23,비CBRN,드론 공격,4100078.202310281,20231028,뉴스핌,사회>사회갈등>전쟁,2023,OTHER,,,,
S02406,Q10,산업,화학사고 대응,7100502.20230925,20230925,환경일보,,2023,INST,,,,
S02407,Q25,비CBRN,차량 돌진 테러,1100101.202308041,20230804,경향신문,범죄>범죄일반>살인,2023,INST,,,,
S02408,Q14,안보,탄저균 테러,1400801.202511271,20251127,금강일보,,2025,INST,,,,
S02409,Q22,비CBRN,사제폭탄,8100201.20240513,20240513,MBC,사고>교통사고>항공사고,2024,IRRELEVANT,,,,
S02410,Q30,비CBRN,원전 방사선 피폭,1100701.20230708,20230708,세계일보,사고>산업사고>폭발,2023,INST,,,,
S02411,Q10,산업,화학사고 대응,1200101.202512281,20251228,경기일보,사고>산업사고>화재,2025,INST,,,,
S02412,Q26,비CBRN,폭발물 협박,2100861.202512191,20251219,브릿지경제,,2025,EVENT,20251218,성남시,폭발물 협박,544.0
S02413,Q23,비CBRN,드론 공격,1200101.20260309,20260309,경기일보,사회>사회갈등>전쟁,2026,OTHER,,,,
S02414,Q22,비CBRN,사제폭탄,8100301.202501201,20250120,SBS,범죄>범죄일반>폭행,2025,OTHER,,,,
S02415,Q21,비CBRN,폭발물 테러,4100158.202402161,20240216,데일리안,사회>사회갈등>테러행위,2024,IRRELEVANT,,,,
S02416,Q08,산업,질산 누출,8100401.202603182,20260318,YTN,사고>스포츠사고,2026,EVENT,20260318,수원시,질산,584.0
S02417,Q06,산업,유해화학물질 유출,2100601.20221206,20221206,한국경제,,2022,OTHER,,,,
S02418,Q04,산업,황산 유출 사고,4102008.202410241,20241024,쿠키뉴스,사고>산업사고>폭발,2024,INST,,,,
S02419,Q01,산업,불산 누출,1100101.202406241,20240624,경향신문,범죄>범죄일반>방화,2024,EVENT,20240624,화성시,화재,328.0
S02420,Q26,비CBRN,폭발물 협박,4100058.202512181,20251218,노컷뉴스,사고>산업사고>폭발,2025,EVENT,20251215,성남시,폭발물 협박,544.0
S02421,Q04,산업,황산 유출 사고,2100701.202204221,20220422,헤럴드경제,,2022,EVENT,20220422,여수시,황산,39.0
S02422,Q02,산업,암모니아 누출 사고,6101202.20260821,20260821,주간한국,,2026,EVENT,20260821,서울 영등포구,암모니아,657.0
S02423,Q24,비CBRN,총기 난사,1100401.20251215,20251215,동아일보,사고>산업사고>폭발,2025,EVENT,20251214,호주 시드니,총기난사,539.0
S02424,Q06,산업,유해화학물질 유출,1400351.202501022,20250102,중도일보,,2025,INST,,,,
S02425,Q11,안보,화학무기 사용,1100701.202301302,20230130,세계일보,,2023,REF,,,,
S02426,Q21,비CBRN,폭발물 테러,1501301.202406162,20240616,울산신문,사고>산업사고>폭발,2024,EVENT,20240614,울산시,폭발물 협박 메일,319.0
S02427,Q03,산업,염소 가스 누출,7101201.202506291,20250629,디지털타임스,,2025,INST,,,,
S02428,Q23,비CBRN,드론 공격,1100801.202209302,20220930,조선일보,범죄>범죄일반>방화,2022,IRRELEVANT,,,,
S02429,Q07,산업,톨루엔 누출,2100701.202301261,20230126,헤럴드경제,,2023,EVENT,20230126,여수시,톨루엔,121.0
S02430,Q02,산업,암모니아 누출 사고,8100101.20220712,20220712,KBS,사고>산업사고>화재,2022,IRRELEVANT,,,,
S02431,Q03,산업,염소 가스 누출,1601101.202311141,20231114,전북일보,,2023,INST,,,,
S02432,Q30,비CBRN,원전 방사선 피폭,2100201.202310111,20231011,머니투데이,사고>산업사고>원자력사고,2023,OTHER,,,,
S02433,Q04,산업,황산 유출 사고,2100601.202409101,20240910,한국경제,사고>산업사고>폭발,2024,INST,,,,
S02434,Q26,비CBRN,폭발물 협박,1501001.202501021,20250102,대구신문,,2025,EVENT,20250101,서울 영등포구,폭발물 협박,388.0
S02435,Q14,안보,탄저균 테러,1400201.202210061,20221006,대전일보,,2022,INST,,,,
S02436,Q14,안보,탄저균 테러,1400801.202510261,20251026,금강일보,,2025,INST,,,,
S02437,Q08,산업,질산 누출,4100958.202309091,20230909,EBN,,2023,EVENT,20230909,군산시,질산 불산,218.0
S02438,Q09,산업,유독가스 누출 대피,1100301.202606021,20260602,내일신문,사고>산업사고>화재,2026,EVENT,20260601,청주시,유독가스 누출,624.0
S02439,Q09,산업,유독가스 누출 대피,4100058.202606091,20260609,노컷뉴스,사고>산업사고>폭발,2026,INST,,,,
S02440,Q11,안보,화학무기 사용,8100101.20220316,20220316,KBS,사회>사회갈등>시위,2022,OTHER,,,,
S02441,Q22,비CBRN,사제폭탄,4101008.20231023,20231023,이데일리,사회>사회갈등>전쟁,2023,IRRELEVANT,,,,
S02442,Q18,안보,백색가루 신고,1100201.202401231,20240123,국민일보,범죄>범죄일반>폭행,2024,IRRELEVANT,,,,
S02443,Q25,비CBRN,차량 돌진 테러,8100201.20260511,20260511,MBC,사고>산업사고>폭발,2026,EVENT,20260509,파키스탄 카이버파크툰크와주,차량 폭탄,605.0
S02444,Q15,안보,북한 핵실험,7101201.202204201,20220420,디지털타임스,,2022,OTHER,,,,
S02445,Q24,비CBRN,총기 난사,1100101.202307131,20230713,경향신문,범죄>범죄일반>폭행,2023,IRRELEVANT,,,,
S02446,Q06,산업,유해화학물질 유출,1400801.202402181,20240218,금강일보,사고>산업사고>폭발,2024,INST,,,,
S02447,Q26,비CBRN,폭발물 협박,2100701.202312291,20231229,헤럴드경제,사회>사회갈등>테러행위,2023,EVENT,20231229,서울 영등포구,폭발물 협박 팩스,259.0
S02448,Q23,비CBRN,드론 공격,2100101.202511131,20251113,매일경제,범죄>기업범죄>거래제한,2025,IRRELEVANT,,,,
S02449,Q27,비CBRN,테러 예고 글,2100801.202308221,20230822,아시아경제,범죄>범죄일반>살인,2023,EVENT,20230820,성남시,흉기난동 예고글,211.0
S02450,Q27,비CBRN,테러 예고 글,2100101.202509271,20250927,매일경제,,2025,EVENT,20250927,서울 영등포구,테러 예고글,497.0
S02451,Q15,안보,북한 핵실험,8200101.202205052,20220505,OBS,,2022,OTHER,,,,
S02452,Q23,비CBRN,드론 공격,4100078.202311021,20231102,뉴스핌,사회>사회갈등>전쟁,2023,OTHER,,,,
S02453,Q28,비CBRN,다중이용시설 테러,4101008.202501061,20250106,이데일리,,2025,INST,,,,
S02454,Q01,산업,불산 누출,1100101.202409261,20240926,경향신문,,2024,IRRELEVANT,,,,
S02455,Q25,비CBRN,차량 돌진 테러,1100201.20240423,20240423,국민일보,사고>교통사고>노상사고,2024,EVENT,20240422,이스라엘 예루살렘,차량 돌진,305.0
S02456,Q12,안보,사린가스 공격,1100401.20241214,20241214,동아일보,사고>산업사고>붕괴,2024,IRRELEVANT,,,,
S02457,Q23,비CBRN,드론 공격,4100078.202603042,20260304,뉴스핌,사회>사회갈등>전쟁,2026,OTHER,,,,
S02458,Q15,안보,북한 핵실험,2100851.202206031,20220603,아주경제,,2022,INST,,,,
S02459,Q09,산업,유독가스 누출 대피,8100101.20240328,20240328,KBS,사고>산업사고>폭발,2024,INST,,,,
S02460,Q05,산업,화학공장 폭발,8100101.202301161,20230116,KBS,사고>산업사고>폭발,2023,EVENT,20230116,중국 랴오닝,폭발,117.0
S02461,Q10,산업,화학사고 대응,4100608.202511122,20251112,브레이크뉴스,,2025,INST,,,,
S02462,Q21,비CBRN,폭발물 테러,1500701.202409191,20240919,부산일보,사고>산업사고>화재,2024,EVENT,20240917,레바논,무선호출기 폭발,359.0
S02463,Q22,비CBRN,사제폭탄,2100501.202606151,20260615,파이낸셜뉴스,범죄>범죄일반>살인,2026,INST,,,,
S02464,Q29,비CBRN,공항 폭발물 신고,1100611.2022063,20220630,서울신문,,2022,OTHER,,,,
S02465,Q13,안보,생물테러,1620001.202404221,20240422,광남일보,,2024,INST,,,,
S02466,Q24,비CBRN,총기 난사,8100401.20240916,20240916,YTN,범죄>범죄일반>폭행,2024,OTHER,,,,
S02467,Q27,비CBRN,테러 예고 글,1620001.202110281,20211028,광남일보,범죄>범죄일반>폭행,2021,IRRELEVANT,,,,
S02468,Q15,안보,북한 핵실험,1100901.202311231,20231123,중앙일보,,2023,EVENT,20231121,북한,정찰위성 발사,249.0
S02469,Q14,안보,탄저균 테러,2100801.20231101,20231101,아시아경제,,2023,INST,,,,
S02470,Q10,산업,화학사고 대응,1601101.202407081,20240708,전북일보,사고>산업사고>화재,2024,OTHER,,,,
S02471,Q14,안보,탄저균 테러,2100501.20220823,20220823,파이낸셜뉴스,,2022,IRRELEVANT,,,,
S02472,Q02,산업,암모니아 누출 사고,1200401.202601241,20260124,인천일보,,2026,OTHER,,,,
S02473,Q20,안보,북한 생화학무기,2100701.202507221,20250722,헤럴드경제,,2025,OTHER,,,,
S02474,Q04,산업,황산 유출 사고,1600601.202509161,20250916,새전북신문,,2025,INST,,,,
S02475,Q26,비CBRN,폭발물 협박,1200101.202511251,20251125,경기일보,,2025,INST,,,,
S02476,Q27,비CBRN,테러 예고 글,2100861.202509281,20250928,브릿지경제,,2025,EVENT,20250927,서울 영등포구,테러 예고글,497.0
S02477,Q30,비CBRN,원전 방사선 피폭,1100101.202308282,20230828,경향신문,범죄>범죄일반>폭행,2023,OTHER,,,,
S02478,Q10,산업,화학사고 대응,1501201.202606291,20260629,경북매일신문,,2026,INST,,,,
S02479,Q17,안보,더티밤,2100311.202210241,20221024,서울경제,,2022,OTHER,,,,
S02480,Q21,비CBRN,폭발물 테러,1100751.202304121,20230412,아시아투데이,,2023,INST,,,,
S02481,Q01,산업,불산 누출,1100901.202303141,20230314,중앙일보,사고>산업사고>화재,2023,EVENT,20230312,대전시,화재 유독연기,131.0
S02482,Q18,안보,백색가루 신고,1100501.202408291,20240829,문화일보,,2024,EVENT,20240829,부산 해운대구,백색가루 우편물,354.0
S02483,Q26,비CBRN,폭발물 협박,2100201.202508101,20250810,머니투데이,사회>사회갈등>테러행위,2025,EVENT,20250810,서울 송파구,폭발물 협박 팩스,466.0
S02484,Q17,안보,더티밤,8100401.202210281,20221028,YTN,,2022,INST,,,,
S02485,Q08,산업,질산 누출,1700101.202602061,20260206,제민일보,,2026,EVENT,20260204,제주시 영평동,황산 질산,566.0
S02486,Q03,산업,염소 가스 누출,1601101.202306191,20230619,전북일보,사고>산업사고>폭발,2023,EVENT,20230614,군산시,가스 누출,148.0
S02487,Q01,산업,불산 누출,7101201.202511051,20251105,디지털타임스,사고>교통사고>노상사고,2025,EVENT,20251105,포항시,유해화학물질 누출,518.0
S02488,Q25,비CBRN,차량 돌진 테러,2100201.20250803,20250803,머니투데이,범죄>범죄일반>살인,2025,REF,,,,
S02489,Q03,산업,염소 가스 누출,1100801.20240625,20240625,조선일보,사고>산업사고>폭발,2024,OTHER,,,,
S02490,Q07,산업,톨루엔 누출,1500301.20230223,20230223,경상일보,사고>산업사고>폭발,2023,INST,,,,
S02491,Q22,비CBRN,사제폭탄,1100901.202406241,20240624,중앙일보,범죄>범죄일반>유괴/납치,2024,IRRELEVANT,,,,
S02492,Q02,산업,암모니아 누출 사고,2100311.202509101,20250910,서울경제,사고>교통사고>해상사고,2025,OTHER,,,,
S02493,Q09,산업,유독가스 누출 대피,1400201.202606171,20260617,대전일보,사고>산업사고>붕괴,2026,INST,,,,
S02494,Q20,안보,북한 생화학무기,2100101.202410081,20241008,매일경제,사고>산업사고>화재,2024,OTHER,,,,
S02495,Q27,비CBRN,테러 예고 글,1500701.202308071,20230807,부산일보,범죄>범죄일반>살인,2023,EVENT,20230807,부산 동래구,살인예고글,193.0
S02496,Q03,산업,염소 가스 누출,1100751.202304021,20230402,아시아투데이,,2023,IRRELEVANT,,,,
S02497,Q06,산업,유해화학물질 유출,1400201.202208161,20220816,대전일보,,2022,INST,,,,
S02498,Q24,비CBRN,총기 난사,8100201.202512142,20251214,MBC,,2025,EVENT,20251214,호주 시드니,총기난사,539.0
S02499,Q17,안보,더티밤,2100351.20221027,20221027,이투데이,,2022,OTHER,,,,
S02500,Q23,비CBRN,드론 공격,1100301.202602282,20260228,내일신문,사회>사회갈등>전쟁,2026,EVENT,20260228,중동,미사일 드론 공습,578.0
S02501,Q15,안보,북한 핵실험,1100901.202210101,20221010,중앙일보,,2022,EVENT,20221010,북한,탄도미사일,99.0
S02502,Q27,비CBRN,테러 예고 글,1500601.202312221,20231222,매일신문,사회>사회갈등>테러행위,2023,EVENT,20231222,서울 용산구,폭파 예고글,258.0
S02503,Q27,비CBRN,테러 예고 글,4100078.202503111,20250311,뉴스핌,,2025,EVENT,20250311,서울시,테러 예고글,409.0
S02504,Q03,산업,염소 가스 누출,2100501.202307031,20230703,파이낸셜뉴스,,2023,EVENT,20230614,군산시,가스 누출,148.0
S02505,Q08,산업,질산 누출,1501101.202407011,20240701,경북도민일보,,2024,EVENT,20240701,안동시 임동면,질산,337.0
S02506,Q05,산업,화학공장 폭발,1601001.202205302,20220530,전북도민일보,사고>산업사고>폭발,2022,EVENT,20220530,군산시 소룡동,메타크릴산,53.0
S02507,Q06,산업,유해화학물질 유출,2100701.20260321,20260321,헤럴드경제,범죄>기업범죄>거래제한,2026,IRRELEVANT,,,,
S02508,Q09,산업,유독가스 누출 대피,1200501.202410041,20241004,경기신문,범죄>범죄일반>방화,2024,EVENT,20220930,화성시 향남읍,화재,90.0
S02509,Q06,산업,유해화학물질 유출,2100601.202206271,20220627,한국경제,사고>산업사고>붕괴,2022,EVENT,20220627,창원시,유해화학물질 급성중독,59.0
S02510,Q20,안보,북한 생화학무기,1100401.20220919,20220919,동아일보,,2022,INST,,,,
S02511,Q22,비CBRN,사제폭탄,2100801.20221114,20221114,아시아경제,사고>산업사고>화재,2022,INST,,,,
S02512,Q29,비CBRN,공항 폭발물 신고,1700401.202510291,20251029,제주일보,범죄>범죄일반>마약,2025,IRRELEVANT,,,,
S02513,Q19,안보,노비촉,1100611.202402211,20240221,서울신문,범죄>범죄일반>살인,2024,EVENT,20240216,러시아,독극물 의혹 사망,280.0
S02514,Q01,산업,불산 누출,1501001.202211171,20221117,대구신문,,2022,INST,,,,
S02515,Q19,안보,노비촉,1100101.202306051,20230605,경향신문,범죄>범죄일반>사기,2023,OTHER,,,,
S02516,Q30,비CBRN,원전 방사선 피폭,4100078.20231214,20231214,뉴스핌,범죄>기업범죄>거래제한,2023,OTHER,,,,
S02517,Q25,비CBRN,차량 돌진 테러,4100608.202509081,20250908,브레이크뉴스,범죄>범죄일반>방화,2025,IRRELEVANT,,,,
S02518,Q24,비CBRN,총기 난사,8100301.202602111,20260211,SBS,범죄>범죄일반>사기,2026,EVENT,20260211,캐나다 브리티시컬럼비아주,총기난사,572.0
S02519,Q02,산업,암모니아 누출 사고,1600451.202509031,20250903,남도일보,사고>산업사고>폭발,2025,INST,,,,
S02520,Q28,비CBRN,다중이용시설 테러,1600901.202410291,20241029,전라일보,사고>산업사고>화재,2024,INST,,,,
S02521,Q06,산업,유해화학물질 유출,1200401.202401182,20240118,인천일보,사고>산업사고>화재,2024,INST,,,,
S02522,Q25,비CBRN,차량 돌진 테러,2100801.202501021,20250102,아시아경제,범죄>범죄일반>방화,2025,EVENT,20250101,미국 뉴올리언스,차량 돌진,390.0
S02523,Q20,안보,북한 생화학무기,4101008.202212271,20221227,이데일리,,2022,IRRELEVANT,,,,
S02524,Q29,비CBRN,공항 폭발물 신고,1200401.202303102,20230310,인천일보,,2023,EVENT,20230310,인천시,권총 실탄,129.0
S02525,Q09,산업,유독가스 누출 대피,1500301.20230224,20230224,경상일보,사고>산업사고>폭발,2023,OTHER,,,,
S02526,Q27,비CBRN,테러 예고 글,1100401.202308051,20230805,동아일보,범죄>범죄일반>살인,2023,OTHER,,,,
S02527,Q28,비CBRN,다중이용시설 테러,1100501.202308071,20230807,문화일보,범죄>범죄일반>살인,2023,EVENT,20230807,부산시,폭탄테러 예고글,188.0
S02528,Q16,안보,방사능 유출,2100801.20260518,20260518,아시아경제,사고>산업사고>화재,2026,EVENT,20260517,UAE 아부다비,드론 공격,610.0
S02529,Q15,안보,북한 핵실험,8100401.202207141,20220714,YTN,,2022,INST,,,,
S02530,Q22,비CBRN,사제폭탄,1100901.20230612,20230612,중앙일보,범죄>범죄일반>방화,2023,OTHER,,,,
S02531,Q20,안보,북한 생화학무기,1100611.202212291,20221229,서울신문,,2022,OTHER,,,,
S02532,Q11,안보,화학무기 사용,8100401.20241218,20241218,YTN,범죄>범죄일반>살인,2024,IRRELEVANT,,,,
S02533,Q13,안보,생물테러,2100051.202310201,20231020,대한경제,사고>산업사고>붕괴,2023,INST,,,,
S02534,Q05,산업,화학공장 폭발,8100401.20240822,20240822,YTN,사고>산업사고>폭발,2024,EVENT,20240821,인도 안드라프라데시주,화재,347.0
S02535,Q03,산업,염소 가스 누출,1200101.202407081,20240708,경기일보,,2024,INST,,,,
S02536,Q01,산업,불산 누출,2100701.202401242,20240124,헤럴드경제,,2024,REF,,,,
S02537,Q26,비CBRN,폭발물 협박,1100101.202512151,20251215,경향신문,,2025,EVENT,20251215,성남시,폭발물 협박,544.0
S02538,Q17,안보,더티밤,2100351.20221025,20221025,이투데이,,2022,OTHER,,,,
S02539,Q01,산업,불산 누출,1100701.20240625,20240625,세계일보,사고>산업사고>폭발,2024,EVENT,20240624,화성시,화재,328.0
S02540,Q02,산업,암모니아 누출 사고,8100101.20250514,20250514,KBS,사고>산업사고>폭발,2025,INST,,,,
S02541,Q19,안보,노비촉,2100101.202403121,20240312,매일경제,,2024,OTHER,,,,
S02542,Q01,산업,불산 누출,8100101.202606012,20260601,KBS,,2026,OTHER,,,,
S02543,Q02,산업,암모니아 누출 사고,2100801.202509101,20250910,아시아경제,사고>교통사고>해상사고,2025,OTHER,,,,
S02544,Q10,산업,화학사고 대응,1601001.202401282,20240128,전북도민일보,,2024,INST,,,,
S02545,Q11,안보,화학무기 사용,1100611.202204201,20220420,서울신문,,2022,INST,,,,
S02546,Q08,산업,질산 누출,8100401.202309091,20230909,YTN,범죄>범죄일반>방화,2023,EVENT,20230909,군산시,질산 불산,218.0
S02547,Q11,안보,화학무기 사용,2100311.202204131,20220413,서울경제,사회>사회갈등>시위,2022,IRRELEVANT,,,,
S02548,Q09,산업,유독가스 누출 대피,1100901.20260602,20260602,중앙일보,사고>산업사고>화재,2026,EVENT,20260601,청주시,유독가스 누출,624.0
S02549,Q03,산업,염소 가스 누출,1400351.202207052,20220705,중도일보,,2022,IRRELEVANT,,,,
S02550,Q16,안보,방사능 유출,2100601.202302211,20230221,한국경제,,2023,OTHER,,,,
S02551,Q16,안보,방사능 유출,1500601.20220224,20220224,매일신문,,2022,EVENT,20220223,,원전 발전정지,15.0
S02552,Q22,비CBRN,사제폭탄,1100701.202508171,20250817,세계일보,범죄>범죄일반>방화,2025,REF,,,,
S02553,Q08,산업,질산 누출,1601101.202510141,20251014,전북일보,,2025,EVENT,20251013,완주군 봉동읍,질산,499.0
S02554,Q30,비CBRN,원전 방사선 피폭,1100701.202304271,20230427,세계일보,사고>산업사고>원자력사고,2023,OTHER,,,,
S02555,Q25,비CBRN,차량 돌진 테러,8100401.20241028,20241028,YTN,사고>교통사고>노상사고,2024,EVENT,20241027,이스라엘 텔아비브,차량 돌진,375.0
S02556,Q24,비CBRN,총기 난사,1100901.202312221,20231222,중앙일보,범죄>범죄일반>살인,2023,EVENT,20231221,체코 프라하,총기난사,256.0
S02557,Q06,산업,유해화학물질 유출,5202752.202401171,20240117,평택시민신문,사고>산업사고>화재,2024,OTHER,,,,
S02558,Q19,안보,노비촉,7100501.202205111,20220511,전자신문,범죄>범죄일반>절도,2022,IRRELEVANT,,,,
S02559,Q06,산업,유해화학물질 유출,1200101.202212082,20221208,경기일보,사고>산업사고>폭발,2022,INST,,,,
S02560,Q02,산업,암모니아 누출 사고,1500151.202601191,20260119,경남도민일보,,2026,EVENT,20260113,함안군 칠서면,암모니아,562.0
S02561,Q01,산업,불산 누출,2100701.2025083,20250830,헤럴드경제,사고>산업사고>폭발,2025,EVENT,20250830,,화학물질 유출,480.0
S02562,Q12,안보,사린가스 공격,1100501.202605262,20260526,문화일보,사고>산업사고>화재,2026,EVENT,20260525,일본 도쿄,최루액,613.0
S02563,Q03,산업,염소 가스 누출,4100608.202410311,20241031,브레이크뉴스,,2024,INST,,,,
S02564,Q15,안보,북한 핵실험,2100351.202205131,20220513,이투데이,,2022,INST,,,,
S02565,Q11,안보,화학무기 사용,4101008.202206271,20220627,이데일리,사고>산업사고>붕괴,2022,IRRELEVANT,,,,
S02566,Q06,산업,유해화학물질 유출,1400351.202402162,20240216,중도일보,사고>산업사고>폭발,2024,INST,,,,
S02567,Q16,안보,방사능 유출,4100608.202409161,20240916,브레이크뉴스,사고>산업사고>붕괴,2024,IRRELEVANT,,,,
S02568,Q17,안보,더티밤,1600801.20250621,20250621,전남일보,사회>사회갈등>전쟁,2025,IRRELEVANT,,,,
S02569,Q11,안보,화학무기 사용,1100101.202405021,20240502,경향신문,사회>사회갈등>시위,2024,EVENT,20240502,우크라이나,클로로피크린,309.0
S02570,Q19,안보,노비촉,1100901.202308241,20230824,중앙일보,,2023,OTHER,,,,
S02571,Q07,산업,톨루엔 누출,4102008.202406271,20240627,쿠키뉴스,사고>산업사고>폭발,2024,INST,,,,
S02572,Q20,안보,북한 생화학무기,1100901.20220324,20220324,중앙일보,,2022,IRRELEVANT,,,,
S02573,Q26,비CBRN,폭발물 협박,4100078.202508081,20250808,뉴스핌,,2025,EVENT,20250807,서울시,황산 테러 협박 팩스,458.0
S02574,Q13,안보,생물테러,1400201.202509271,20250927,대전일보,사고>산업사고>화재,2025,IRRELEVANT,,,,
S02575,Q09,산업,유독가스 누출 대피,1100501.202606021,20260602,문화일보,사고>산업사고>폭발,2026,INST,,,,
S02576,Q04,산업,황산 유출 사고,1100201.202308031,20230803,국민일보,,2023,EVENT,20230803,창원시 의창구,황산,173.0
S02577,Q18,안보,백색가루 신고,1200401.202502111,20250211,인천일보,,2025,INST,,,,
S02578,Q25,비CBRN,차량 돌진 테러,4100078.20250102,20250102,뉴스핌,사고>산업사고>폭발,2025,EVENT,20250101,미국 라스베이거스,차량 폭발,389.0
S02579,Q08,산업,질산 누출,2100101.202603182,20260318,매일경제,사고>스포츠사고,2026,EVENT,20260318,수원시,질산,584.0
S02580,Q15,안보,북한 핵실험,4100058.20230224,20230224,노컷뉴스,범죄>기업범죄>거래제한,2023,OTHER,,,,
S02581,Q09,산업,유독가스 누출 대피,1500401.202606022,20260602,국제신문,사고>산업사고>폭발,2026,EVENT,20260601,대전 유성구,폭발,619.0
S02582,Q14,안보,탄저균 테러,4100058.202302101,20230210,노컷뉴스,,2023,INST,,,,
S02583,Q03,산업,염소 가스 누출,8100101.202607092,20260709,KBS,,2026,EVENT,20260709,함평군,액화염소,639.0
S02584,Q16,안보,방사능 유출,8100401.202305231,20230523,YTN,범죄>기업범죄>내부자거래,2023,OTHER,,,,
S02585,Q02,산업,암모니아 누출 사고,1500301.20230727,20230727,경상일보,,2023,EVENT,20230725,울산 남구,암모니아,169.0
S02586,Q07,산업,톨루엔 누출,1100101.202604171,20260417,경향신문,사고>스포츠사고,2026,EVENT,20260417,오산시 누읍동,톨루엔,597.0
S02587,Q27,비CBRN,테러 예고 글,1500601.202402181,20240218,매일신문,,2024,EVENT,20240218,서울 용산구,폭발물 예고글,285.0
S02588,Q15,안보,북한 핵실험,2100311.202206171,20220617,서울경제,,2022,INST,,,,
S02589,Q08,산업,질산 누출,1500201.202407011,20240701,경북일보,,2024,EVENT,20240701,안동시 임동면,질산,337.0
S02590,Q23,비CBRN,드론 공격,1100101.202602231,20260223,경향신문,사회>사회갈등>전쟁,2026,OTHER,,,,
S02591,Q28,비CBRN,다중이용시설 테러,2100861.202608131,20260813,브릿지경제,,2026,INST,,,,
S02592,Q21,비CBRN,폭발물 테러,1501001.202308172,20230817,대구신문,사회>사회갈등>테러행위,2023,EVENT,20230817,전국,폭파 협박 이메일,202.0
S02593,Q28,비CBRN,다중이용시설 테러,1500101.202209182,20220918,경남일보,사고>산업사고>화재,2022,INST,,,,
S02594,Q14,안보,탄저균 테러,4100158.2025042,20250420,데일리안,,2025,OTHER,,,,
S02595,Q04,산업,황산 유출 사고,4104008.202509241,20250924,프레시안,,2025,EVENT,20250924,포항시 북구 흥해읍,황산,492.0
S02596,Q09,산업,유독가스 누출 대피,1601101.20250219,20250219,전북일보,,2025,EVENT,20250218,전주시 덕진구,가스 누출,402.0
S02597,Q25,비CBRN,차량 돌진 테러,8100101.20231005,20231005,KBS,,2023,EVENT,20231005,미국 뉴저지주,차량 돌진,235.0
S02598,Q21,비CBRN,폭발물 테러,1100611.202411201,20241120,서울신문,,2024,EVENT,20241120,러시아 칼리닌그라드,폭발물 사보타주,379.0
S02599,Q18,안보,백색가루 신고,2100311.202206132,20220613,서울경제,,2022,EVENT,20220612,대구 수성구,백색가루,57.0
S02600,Q07,산업,톨루엔 누출,8100101.202604172,20260417,KBS,,2026,EVENT,20260417,오산시 누읍동,톨루엔,597.0
S02601,Q02,산업,암모니아 누출 사고,1500151.202604141,20260414,경남도민일보,사고>산업사고>화재,2026,OTHER,,,,
S02602,Q16,안보,방사능 유출,2100801.202603281,20260328,아시아경제,사고>산업사고>원자력사고,2026,EVENT,20260327,이란 부셰르,공습,586.0
S02603,Q15,안보,북한 핵실험,2100501.202403211,20240321,파이낸셜뉴스,,2024,IRRELEVANT,,,,
S02604,Q21,비CBRN,폭발물 테러,1100201.20240916,20240916,국민일보,범죄>범죄일반>폭행,2024,EVENT,20240916,미국 캘리포니아주,테러 선동,358.0
S02605,Q02,산업,암모니아 누출 사고,1400351.202210262,20221026,중도일보,사고>교통사고>해상사고,2022,INST,,,,
S02606,Q19,안보,노비촉,1101101.202203291,20220329,한국일보,,2022,EVENT,20220329,,독극물,33.0
S02607,Q21,비CBRN,폭발물 테러,1500401.202508292,20250829,국제신문,사회>사회갈등>테러행위,2025,OTHER,,,,
S02608,Q24,비CBRN,총기 난사,1100201.20220517,20220517,국민일보,범죄>범죄일반>폭행,2022,OTHER,,,,
S02609,Q13,안보,생물테러,4100958.202504091,20250409,EBN,,2025,OTHER,,,,
S02610,Q19,안보,노비촉,4100058.202403071,20240307,노컷뉴스,,2024,OTHER,,,,
S02611,Q19,안보,노비촉,2100801.202204061,20220406,아시아경제,,2022,OTHER,,,,
S02612,Q28,비CBRN,다중이용시설 테러,1101101.202308071,20230807,한국일보,범죄>범죄일반>살인,2023,EVENT,20230807,김해시,테러 예고글,192.0
S02613,Q29,비CBRN,공항 폭발물 신고,1100401.202308072,20230807,동아일보,범죄>범죄일반>살인,2023,INST,,,,
S02614,Q29,비CBRN,공항 폭발물 신고,1200401.202510191,20251019,인천일보,,2025,EVENT,20251019,인천시,폭파 협박글,506.0
S02615,Q09,산업,유독가스 누출 대피,5510752.202110041,20211004,영주시민신문,,2021,OTHER,,,,
S02616,Q20,안보,북한 생화학무기,1100701.202405311,20240531,세계일보,사회>사회갈등>시위,2024,OTHER,,,,
S02617,Q04,산업,황산 유출 사고,1100101.202506191,20250619,경향신문,사고>산업사고>원자력사고,2025,EVENT,20250614,영광군,황산,434.0
S02618,Q03,산업,염소 가스 누출,1100301.202311031,20231103,내일신문,사고>산업사고>화재,2023,OTHER,,,,
S02619,Q25,비CBRN,차량 돌진 테러,8200101.202412272,20241227,OBS,범죄>범죄일반>폭행,2024,OTHER,,,,
S02620,Q21,비CBRN,폭발물 테러,4100078.202602281,20260228,뉴스핌,사고>산업사고>폭발,2026,IRRELEVANT,,,,
S02621,Q15,안보,북한 핵실험,1100701.202210131,20221013,세계일보,,2022,OTHER,,,,
S02622,Q03,산업,염소 가스 누출,1400601.20241115,20241115,충청일보,,2024,IRRELEVANT,,,,
S02623,Q25,비CBRN,차량 돌진 테러,1100101.202608131,20260813,경향신문,범죄>범죄일반>폭행,2026,OTHER,,,,
S02624,Q22,비CBRN,사제폭탄,1101101.20230611,20230611,한국일보,범죄>범죄일반>폭행,2023,REF,,,,
S02625,Q15,안보,북한 핵실험,2100801.202207241,20220724,아시아경제,,2022,OTHER,,,,
S02626,Q06,산업,유해화학물질 유출,1400201.202601081,20260108,대전일보,사고>산업사고>화재,2026,INST,,,,
S02627,Q27,비CBRN,테러 예고 글,4100608.202111011,20211101,브레이크뉴스,범죄>범죄일반>살인,2021,IRRELEVANT,,,,
S02628,Q10,산업,화학사고 대응,1500301.20230526,20230526,경상일보,사고>산업사고>폭발,2023,OTHER,,,,
S02629,Q04,산업,황산 유출 사고,4100078.202307131,20230713,뉴스핌,,2023,EVENT,20230713,대구 서구,황산,159.0
S02630,Q24,비CBRN,총기 난사,2100501.20230517,20230517,파이낸셜뉴스,범죄>범죄일반>살인,2023,EVENT,20230517,미국 텍사스주,총기,147.0
S02631,Q29,비CBRN,공항 폭발물 신고,1100301.202509291,20250929,내일신문,범죄>범죄일반>살인,2025,INST,,,,
S02632,Q22,비CBRN,사제폭탄,4101008.20260811,20260811,이데일리,사고>산업사고>화재,2026,IRRELEVANT,,,,
S02633,Q11,안보,화학무기 사용,1100901.202412201,20241220,중앙일보,범죄>범죄일반>살인,2024,IRRELEVANT,,,,
S02634,Q04,산업,황산 유출 사고,2100851.202212061,20221206,아주경제,사고>산업사고>화재,2022,INST,,,,
S02635,Q18,안보,백색가루 신고,1100701.202206121,20220612,세계일보,,2022,IRRELEVANT,,,,
S02636,Q05,산업,화학공장 폭발,8100101.202211302,20221130,KBS,사고>산업사고>폭발,2022,EVENT,20221130,여수시,폭발,112.0
S02637,Q01,산업,불산 누출,8100401.202505062,20250506,YTN,,2025,EVENT,20250506,아산시 인주면,불산,421.0
S02638,Q20,안보,북한 생화학무기,7100251.202212271,20221227,미디어오늘,,2022,IRRELEVANT,,,,
S02639,Q26,비CBRN,폭발물 협박,2100501.202505191,20250519,파이낸셜뉴스,범죄>정치>뇌물수수,2025,EVENT,20250519,서울시,신변위협글,423.0
S02640,Q08,산업,질산 누출,1700201.202211151,20221115,한라일보,,2022,EVENT,20221114,제주시 한림읍,질산,107.0
S02641,Q14,안보,탄저균 테러,2100861.20251021,20251021,브릿지경제,,2025,OTHER,,,,
S02642,Q06,산업,유해화학물질 유출,1601001.202407231,20240723,전북도민일보,사고>산업사고>폭발,2024,INST,,,,
S02643,Q20,안보,북한 생화학무기,2100701.202406111,20240611,헤럴드경제,,2024,OTHER,,,,
S02644,Q16,안보,방사능 유출,1501201.202306202,20230620,경북매일신문,사고>산업사고>원자력사고,2023,INST,,,,
S02645,Q07,산업,톨루엔 누출,2100501.202409271,20240927,파이낸셜뉴스,사고>산업사고>화재,2024,EVENT,20240927,울주군 온산읍,톨루엔,368.0
S02646,Q22,비CBRN,사제폭탄,1200401.202512181,20251218,인천일보,범죄>범죄일반>살인,2025,EVENT,20251218,,폭파 협박글,549.0
S02647,Q24,비CBRN,총기 난사,1200401.202212041,20221204,인천일보,,2022,REF,,,,
S02648,Q22,비CBRN,사제폭탄,7100251.202110051,20211005,미디어오늘,,2021,INST,,,,
S02649,Q18,안보,백색가루 신고,2100101.202206122,20220612,매일경제,,2022,IRRELEVANT,,,,
S02650,Q04,산업,황산 유출 사고,8100301.202307132,20230713,SBS,,2023,EVENT,20230713,대구 서구,황산,159.0
S02651,Q21,비CBRN,폭발물 테러,1400351.202608202,20260820,중도일보,사고>산업사고>화재,2026,INST,,,,
S02652,Q03,산업,염소 가스 누출,4100078.202404151,20240415,뉴스핌,사고>산업사고>폭발,2024,INST,,,,
S02653,Q16,안보,방사능 유출,4100058.202203042,20220304,노컷뉴스,사고>산업사고>화재,2022,EVENT,20220304,우크라이나 자포리자,포격,21.0
S02654,Q27,비CBRN,테러 예고 글,2100101.202301261,20230126,매일경제,범죄>범죄일반>살인,2023,EVENT,20220820,서울시,협박글,74.0
S02655,Q08,산업,질산 누출,1100901.202511051,20251105,중앙일보,사고>산업사고>붕괴,2025,EVENT,20251105,포항시 남구,유해가스,513.0
S02656,Q17,안보,더티밤,7100501.202210241,20221024,전자신문,,2022,OTHER,,,,
S02657,Q21,비CBRN,폭발물 테러,1100901.20250604,20250604,중앙일보,사회>사회갈등>전쟁,2025,EVENT,20250603,러시아 크림대교,폭발물,428.0
S02658,Q29,비CBRN,공항 폭발물 신고,2100311.20250929,20250929,서울경제,범죄>범죄일반>살인,2025,INST,,,,
S02659,Q15,안보,북한 핵실험,1100201.20220615,20220615,국민일보,,2022,INST,,,,
S02660,Q28,비CBRN,다중이용시설 테러,1600801.202111291,20211129,전남일보,,2021,INST,,,,
S02661,Q13,안보,생물테러,1400601.20231214,20231214,충청일보,,2023,INST,,,,
S02662,Q05,산업,화학공장 폭발,2100501.202508031,20250803,파이낸셜뉴스,사고>산업사고>폭발,2025,EVENT,20250803,영천시 금호읍,폭발,450.0
S02663,Q27,비CBRN,테러 예고 글,2100851.202308071,20230807,아주경제,사회>사회갈등>테러행위,2023,EVENT,20230806,제주시,폭발물 예고글,185.0
S02664,Q01,산업,불산 누출,1500601.202309091,20230909,매일신문,,2023,EVENT,20230909,군산시,불산,227.0
S02665,Q19,안보,노비촉,1100101.202203292,20220329,경향신문,,2022,EVENT,20220329,,독극물 중독,34.0
S02666,Q13,안보,생물테러,4100078.202310121,20231012,뉴스핌,,2023,INST,,,,
S02667,Q17,안보,더티밤,1100611.20221027,20221027,서울신문,,2022,INST,,,,
S02668,Q26,비CBRN,폭발물 협박,2100201.202509231,20250923,머니투데이,,2025,EVENT,20250923,수원시 영통구,폭발물 협박메일,491.0
S02669,Q11,안보,화학무기 사용,2100501.202203151,20220315,파이낸셜뉴스,,2022,IRRELEVANT,,,,
S02670,Q01,산업,불산 누출,1200301.20230913,20230913,기호일보,사고>스포츠사고,2023,OTHER,,,,
S02671,Q28,비CBRN,다중이용시설 테러,4100078.20260508,20260508,뉴스핌,,2026,INST,,,,
S02672,Q17,안보,더티밤,1100101.202210251,20221025,경향신문,,2022,OTHER,,,,
S02673,Q02,산업,암모니아 누출 사고,4100078.202110271,20211027,뉴스핌,,2021,EVENT,20211026,부천시 도당동,암모니아,5.0
S02674,Q02,산업,암모니아 누출 사고,8100401.202202251,20220225,YTN,,2022,EVENT,20220225,부산 사하구,암모니아,18.0
S02675,Q23,비CBRN,드론 공격,2100701.20220401,20220401,헤럴드경제,사회>사회갈등>전쟁,2022,OTHER,,,,
S02676,Q20,안보,북한 생화학무기,2100311.202301061,20230106,서울경제,,2023,IRRELEVANT,,,,
S02677,Q10,산업,화학사고 대응,7100502.202308101,20230810,환경일보,,2023,INST,,,,
S02678,Q02,산업,암모니아 누출 사고,4100958.202608211,20260821,EBN,,2026,EVENT,20260821,서울 영등포구,암모니아,657.0
S02679,Q10,산업,화학사고 대응,2100501.202207061,20220706,파이낸셜뉴스,,2022,INST,,,,
S02680,Q09,산업,유독가스 누출 대피,2100051.20250211,20250211,대한경제,사고>산업사고>화재,2025,OTHER,,,,
S02681,Q24,비CBRN,총기 난사,1101101.20220725,20220725,한국일보,,2022,OTHER,,,,
S02682,Q14,안보,탄저균 테러,2100701.20231101,20231101,헤럴드경제,,2023,OTHER,,,,
S02683,Q23,비CBRN,드론 공격,1100611.20260719,20260719,서울신문,사회>사회갈등>전쟁,2026,EVENT,20260717,요르단,드론,641.0
S02684,Q25,비CBRN,차량 돌진 테러,2100701.20250102,20250102,헤럴드경제,사고>교통사고>노상사고,2025,EVENT,20250101,미국 뉴올리언스,차량 돌진,390.0
S02685,Q10,산업,화학사고 대응,7100502.202412181,20241218,환경일보,,2024,INST,,,,
S02686,Q11,안보,화학무기 사용,1100701.2021112,20211120,세계일보,범죄>기업범죄>거래제한,2021,OTHER,,,,
S02687,Q30,비CBRN,원전 방사선 피폭,1100801.20230602,20230602,조선일보,사고>산업사고>붕괴,2023,OTHER,,,,
S02688,Q13,안보,생물테러,2100501.202607071,20260707,파이낸셜뉴스,,2026,OTHER,,,,
S02689,Q30,비CBRN,원전 방사선 피폭,2100201.202307141,20230714,머니투데이,,2023,INST,,,,
S02690,Q14,안보,탄저균 테러,1100751.202310171,20231017,아시아투데이,,2023,INST,,,,
S02691,Q28,비CBRN,다중이용시설 테러,1600601.20250306,20250306,새전북신문,,2025,INST,,,,
S02692,Q06,산업,유해화학물질 유출,1500151.202403131,20240313,경남도민일보,,2024,REF,,,,
S02693,Q01,산업,불산 누출,1200201.202402072,20240207,경인일보,,2024,EVENT,20240206,인천시,유독가스 질식,271.0
S02694,Q16,안보,방사능 유출,1100101.20230206,20230206,경향신문,사고>산업사고>폭발,2023,OTHER,,,,
S02695,Q10,산업,화학사고 대응,4100158.20250223,20250223,데일리안,사고>산업사고>폭발,2025,INST,,,,
S02696,Q17,안보,더티밤,8200101.202210282,20221028,OBS,,2022,INST,,,,
S02697,Q05,산업,화학공장 폭발,2100311.202203011,20220301,서울경제,사고>산업사고>폭발,2022,OTHER,,,,
S02698,Q04,산업,황산 유출 사고,1500901.202409291,20240929,울산매일,사고>교통사고>철도사고,2024,OTHER,,,,
S02699,Q28,비CBRN,다중이용시설 테러,1600901.202601131,20260113,전라일보,,2026,INST,,,,
S02700,Q03,산업,염소 가스 누출,1200301.202510311,20251031,기호일보,사고>산업사고>화재,2025,INST,,,,
S02701,Q10,산업,화학사고 대응,1100751.202512281,20251228,아시아투데이,,2025,IRRELEVANT,,,,
S02702,Q11,안보,화학무기 사용,2100101.202204071,20220407,매일경제,사회>사회갈등>대량학살,2022,IRRELEVANT,,,,
S02703,Q11,안보,화학무기 사용,8100301.202412022,20241202,SBS,사회>사회갈등>전쟁,2024,OTHER,,,,
S02704,Q25,비CBRN,차량 돌진 테러,4100158.202603131,20260313,데일리안,,2026,INST,,,,
S02705,Q17,안보,더티밤,4101008.202210261,20221026,이데일리,,2022,INST,,,,
S02706,Q09,산업,유독가스 누출 대피,8100201.20221001,20221001,MBC,사고>산업사고>폭발,2022,EVENT,20221001,화성시,폭발,95.0
S02707,Q23,비CBRN,드론 공격,4101008.202603031,20260303,이데일리,,2026,OTHER,,,,
S02708,Q06,산업,유해화학물질 유출,2100051.202112231,20211223,대한경제,,2021,INST,,,,
S02709,Q04,산업,황산 유출 사고,4104008.202508191,20250819,프레시안,사고>산업사고>화재,2025,INST,,,,
S02710,Q10,산업,화학사고 대응,4100078.202407191,20240719,뉴스핌,,2024,INST,,,,
S02711,Q29,비CBRN,공항 폭발물 신고,1100301.202303221,20230322,내일신문,사고>교통사고>항공사고,2023,OTHER,,,,
S02712,Q04,산업,황산 유출 사고,1100611.202308032,20230803,서울신문,,2023,EVENT,20230803,창원시 의창구,황산,173.0
S02713,Q20,안보,북한 생화학무기,1500601.202406091,20240609,매일신문,,2024,OTHER,,,,
S02714,Q13,안보,생물테러,1501301.202211092,20221109,울산신문,,2022,INST,,,,
S02715,Q25,비CBRN,차량 돌진 테러,8200101.202407182,20240718,OBS,범죄>범죄일반>폭행,2024,INST,,,,
S02716,Q20,안보,북한 생화학무기,2100801.20260419,20260419,아시아경제,,2026,INST,,,,
S02717,Q13,안보,생물테러,10100101.20240422,20240422,스포츠서울,,2024,INST,,,,
S02718,Q30,비CBRN,원전 방사선 피폭,1100701.20211027,20211027,세계일보,,2021,INST,,,,
S02719,Q05,산업,화학공장 폭발,1501301.202305252,20230525,울산신문,사고>산업사고>폭발,2023,INST,,,,
S02720,Q12,안보,사린가스 공격,2100201.2022123,20221230,머니투데이,,2022,OTHER,,,,
S02721,Q06,산업,유해화학물질 유출,1400551.202505111,20250511,충북일보,사고>산업사고>화재,2025,INST,,,,
S02722,Q01,산업,불산 누출,1500601.202511061,20251106,매일신문,,2025,EVENT,20251105,포항시 남구,유해화학물질,515.0
S02723,Q24,비CBRN,총기 난사,7101201.202301251,20230125,디지털타임스,범죄>범죄일반>폭행,2023,EVENT,20230124,미국 워싱턴주 야키마,총기,120.0
S02724,Q04,산업,황산 유출 사고,2100701.202508291,20250829,헤럴드경제,사고>산업사고>폭발,2025,EVENT,20250829,,화학물질,479.0
S02725,Q14,안보,탄저균 테러,4101808.202512111,20251211,비즈워치,범죄>기업범죄>거래제한,2025,OTHER,,,,
S02726,Q20,안보,북한 생화학무기,1100501.202406031,20240603,문화일보,,2024,OTHER,,,,
S02727,Q13,안보,생물테러,1600901.202211171,20221117,전라일보,,2022,INST,,,,
S02728,Q08,산업,질산 누출,4100958.202309092,20230909,EBN,,2023,IRRELEVANT,,,,
S02729,Q15,안보,북한 핵실험,1100501.202201201,20220120,문화일보,,2022,OTHER,,,,
S02730,Q14,안보,탄저균 테러,2100201.202504081,20250408,머니투데이,,2025,OTHER,,,,
S02731,Q10,산업,화학사고 대응,4100158.202207061,20220706,데일리안,,2022,INST,,,,
S02732,Q13,안보,생물테러,1100701.202206221,20220622,세계일보,,2022,OTHER,,,,
S02733,Q03,산업,염소 가스 누출,8100101.20260223,20260223,KBS,,2026,INST,,,,
S02734,Q19,안보,노비촉,2100351.202410122,20241012,이투데이,범죄>범죄일반>사기,2024,OTHER,,,,
S02735,Q28,비CBRN,다중이용시설 테러,1601001.202503121,20250312,전북도민일보,사고>산업사고>화재,2025,INST,,,,
S02736,Q08,산업,질산 누출,1100401.202511051,20251105,동아일보,,2025,EVENT,20251105,포항시 남구,질산,514.0
S02737,Q07,산업,톨루엔 누출,2100801.202306232,20230623,아시아경제,사고>산업사고>폭발,2023,EVENT,20220211,여수시,폭발,14.0
S02738,Q14,안보,탄저균 테러,7101201.202504081,20250408,디지털타임스,,2025,OTHER,,,,
S02739,Q09,산업,유독가스 누출 대피,1500701.202406021,20240602,부산일보,범죄>기업범죄>반독점범죄,2024,IRRELEVANT,,,,
S02740,Q15,안보,북한 핵실험,4100158.202210141,20221014,데일리안,,2022,INST,,,,
S02741,Q07,산업,톨루엔 누출,8100101.202409272,20240927,KBS,,2024,EVENT,20240927,울주군 온산읍,톨루엔,368.0
S02742,Q21,비CBRN,폭발물 테러,1100101.202308071,20230807,경향신문,사회>사회갈등>테러행위,2023,EVENT,20230806,대구시,폭발물 예고글,181.0
S02743,Q15,안보,북한 핵실험,1100901.20260822,20260822,중앙일보,,2026,OTHER,,,,
S02744,Q04,산업,황산 유출 사고,1500801.202509241,20250924,영남일보,,2025,EVENT,20250924,포항시 북구 흥해읍,황산,492.0
S02745,Q05,산업,화학공장 폭발,1101001.202202111,20220211,한겨레,범죄>범죄일반>방화,2022,EVENT,20220211,여수시 화치동,폭발,13.0
S02746,Q01,산업,불산 누출,1500501.202303271,20230327,대구일보,사고>산업사고>화재,2023,INST,,,,
S02747,Q17,안보,더티밤,2100101.202210281,20221028,매일경제,,2022,OTHER,,,,
S02748,Q07,산업,톨루엔 누출,8100401.202406242,20240624,YTN,사고>산업사고>폭발,2024,OTHER,,,,
S02749,Q27,비CBRN,테러 예고 글,2100501.202309101,20230910,파이낸셜뉴스,범죄>성범죄>성추행,2023,OTHER,,,,
S02750,Q05,산업,화학공장 폭발,4100058.20240625,20240625,노컷뉴스,사고>산업사고>붕괴,2024,EVENT,20240624,화성시 서신면,화재,330.0
S02751,Q10,산업,화학사고 대응,1400601.202605102,20260510,충청일보,,2026,OTHER,,,,
S02752,Q01,산업,불산 누출,1500201.202511071,20251107,경북일보,,2025,EVENT,20251105,포항시 남구,유해화학물질,515.0
S02753,Q16,안보,방사능 유출,2100401.202603281,20260328,메트로경제,사고>산업사고>원자력사고,2026,EVENT,20260327,이란 부셰르,공습,586.0
S02754,Q25,비CBRN,차량 돌진 테러,1500601.202603231,20260323,매일신문,,2026,OTHER,,,,
S02755,Q01,산업,불산 누출,2100861.202511061,20251106,브릿지경제,,2025,INST,,,,
S02756,Q23,비CBRN,드론 공격,1100611.202306191,20230619,서울신문,사회>사회갈등>테러행위,2023,EVENT,20230619,우크라이나,자폭 폭발물,149.0
S02757,Q18,안보,백색가루 신고,1501001.202206122,20220612,대구신문,,2022,IRRELEVANT,,,,
S02758,Q02,산업,암모니아 누출 사고,1500701.202310251,20231025,부산일보,사고>산업사고>폭발,2023,INST,,,,
S02759,Q03,산업,염소 가스 누출,4100078.202505131,20250513,뉴스핌,사고>산업사고>화재,2025,INST,,,,
S02760,Q01,산업,불산 누출,1100501.202309091,20230909,문화일보,,2023,EVENT,20230909,군산시,불산 질산,223.0
S02761,Q07,산업,톨루엔 누출,7100502.202511061,20251106,환경일보,사고>산업사고>폭발,2025,INST,,,,
S02762,Q29,비CBRN,공항 폭발물 신고,1200401.202303121,20230312,인천일보,,2023,EVENT,20230310,인천시,실탄,126.0
S02763,Q04,산업,황산 유출 사고,4100158.202604101,20260410,데일리안,,2026,EVENT,20260410,대구 달성군 논공읍,황산코발트,589.0
S02764,Q21,비CBRN,폭발물 테러,1100611.202304031,20230403,서울신문,범죄>범죄일반>절도,2023,EVENT,20230402,러시아 상트페테르부르크,폭탄,133.0
S02765,Q18,안보,백색가루 신고,1500701.202307051,20230705,부산일보,범죄>범죄일반>마약,2023,EVENT,20230704,미국 필라델피아,총기,151.0
S02766,Q16,안보,방사능 유출,2100201.202408071,20240807,머니투데이,,2024,INST,,,,
S02767,Q25,비CBRN,차량 돌진 테러,2100351.202603211,20260321,이투데이,,2026,IRRELEVANT,,,,
S02768,Q27,비CBRN,테러 예고 글,1100901.20230809,20230809,중앙일보,범죄>성범죄>음란물,2023,OTHER,,,,
S02769,Q12,안보,사린가스 공격,8200101.202412162,20241216,OBS,사회>사회갈등>전쟁,2024,REF,,,,
S02770,Q20,안보,북한 생화학무기,1100101.202203251,20220325,경향신문,,2022,IRRELEVANT,,,,
S02771,Q16,안보,방사능 유출,2100201.202203041,20220304,머니투데이,사고>산업사고>폭발,2022,EVENT,20220304,우크라이나 자포리자,화재,23.0
S02772,Q13,안보,생물테러,4100608.202310271,20231027,브레이크뉴스,사고>산업사고>붕괴,2023,INST,,,,
S02773,Q09,산업,유독가스 누출 대피,1100611.20260602,20260602,서울신문,사고>산업사고>폭발,2026,OTHER,,,,
S02774,Q09,산업,유독가스 누출 대피,8100201.202606012,20260601,MBC,사고>산업사고>화재,2026,EVENT,20260601,청주시,유독가스,621.0
S02775,Q17,안보,더티밤,8100401.202506142,20250614,YTN,사회>사회갈등>전쟁,2025,EVENT,20250613,이란 나탄즈,공습,430.0
S02776,Q11,안보,화학무기 사용,1100751.202204121,20220412,아시아투데이,,2022,OTHER,,,,
S02777,Q13,안보,생물테러,1400401.202409231,20240923,중부매일,,2024,INST,,,,
S02778,Q16,안보,방사능 유출,1100751.202607281,20260728,아시아투데이,사고>산업사고>화재,2026,EVENT,20260727,프랑스 지롱드,산불,646.0
S02779,Q15,안보,북한 핵실험,2100311.202602101,20260210,서울경제,사회>사회갈등>전쟁,2026,OTHER,,,,
S02780,Q28,비CBRN,다중이용시설 테러,1400501.202308071,20230807,중부일보,,2023,INST,,,,
S02781,Q29,비CBRN,공항 폭발물 신고,8100101.202402192,20240219,KBS,,2024,EVENT,20240219,광주시,폭발물 의심 우편물,288.0
S02782,Q27,비CBRN,테러 예고 글,1100201.20230807,20230807,국민일보,범죄>범죄일반>살인,2023,OTHER,,,,
S02783,Q09,산업,유독가스 누출 대피,1400551.202606041,20260604,충북일보,사고>산업사고>화재,2026,OTHER,,,,
S02784,Q30,비CBRN,원전 방사선 피폭,1500151.20240502,20240502,경남도민일보,사고>산업사고>폭발,2024,OTHER,,,,
S02785,Q28,비CBRN,다중이용시설 테러,1400351.202310122,20231012,중도일보,,2023,INST,,,,
S02786,Q24,비CBRN,총기 난사,1100611.20230706,20230706,서울신문,범죄>범죄일반>폭행,2023,EVENT,20230703,미국 필라델피아,총기,151.0
S02787,Q15,안보,북한 핵실험,1100901.202408272,20240827,중앙일보,,2024,OTHER,,,,
S02788,Q09,산업,유독가스 누출 대피,1200501.202603191,20260319,경기신문,사고>산업사고>폭발,2026,EVENT,20260318,수원시,질산,584.0
S02789,Q19,안보,노비촉,4100058.202402211,20240221,노컷뉴스,,2024,EVENT,20240216,러시아,암살 의혹,284.0
S02790,Q15,안보,북한 핵실험,1100201.202301021,20230102,국민일보,,2023,OTHER,,,,
S02791,Q07,산업,톨루엔 누출,1600451.202301261,20230126,남도일보,사고>교통사고>노상사고,2023,EVENT,20230126,여수시,톨루엔계 C9,124.0
S02792,Q04,산업,황산 유출 사고,4100058.202508181,20250818,노컷뉴스,사고>산업사고>화재,2025,INST,,,,
S02793,Q12,안보,사린가스 공격,1100501.20230216,20230216,문화일보,사고>산업사고>붕괴,2023,OTHER,,,,
S02794,Q11,안보,화학무기 사용,4100078.202412132,20241213,뉴스핌,사회>사회갈등>전쟁,2024,OTHER,,,,
S02795,Q06,산업,유해화학물질 유출,1501101.202607091,20260709,경북도민일보,범죄>범죄일반>방화,2026,EVENT,20260709,봉화군 석포면,화재,638.0
S02796,Q12,안보,사린가스 공격,1100801.20250318,20250318,조선일보,사회>사회갈등>테러행위,2025,REF,,,,
S02797,Q19,안보,노비촉,1100901.20240307,20240307,중앙일보,,2024,OTHER,,,,
S02798,Q22,비CBRN,사제폭탄,8100401.20250426,20250426,YTN,범죄>범죄일반>살인,2025,EVENT,20250425,러시아 모스크바,차량 폭발,418.0
S02799,Q21,비CBRN,폭발물 테러,1500701.20240918,20240918,부산일보,사고>산업사고>폭발,2024,EVENT,20240917,레바논 베이루트,폭발,360.0
S02800,Q02,산업,암모니아 누출 사고,1400551.202208241,20220824,충북일보,사고>산업사고>폭발,2022,INST,,,,
S02801,Q22,비CBRN,사제폭탄,8100201.202204122,20220412,MBC,,2022,EVENT,20220412,,사제폭발물,37.0
S02802,Q23,비CBRN,드론 공격,1100611.202606171,20260617,서울신문,,2026,OTHER,,,,
S02803,Q26,비CBRN,폭발물 협박,1200401.2025121,20251210,인천일보,,2025,EVENT,20251210,인천시,폭발물 협박메일,537.0
S02804,Q02,산업,암모니아 누출 사고,1500701.202207111,20220711,부산일보,사고>교통사고>해상사고,2022,EVENT,20220711,부산 사하구,암모니아,62.0
S02805,Q17,안보,더티밤,1100501.20221024,20221024,문화일보,,2022,OTHER,,,,
S02806,Q17,안보,더티밤,2100801.20221027,20221027,아시아경제,범죄>범죄일반>절도,2022,OTHER,,,,
S02807,Q26,비CBRN,폭발물 협박,1200401.202512181,20251218,인천일보,,2025,EVENT,20251218,,폭발물 협박글,551.0
S02808,Q20,안보,북한 생화학무기,1100201.202205031,20220503,국민일보,,2022,IRRELEVANT,,,,
S02809,Q10,산업,화학사고 대응,1400801.202301301,20230130,금강일보,,2023,IRRELEVANT,,,,
S02810,Q10,산업,화학사고 대응,4104008.202601291,20260129,프레시안,,2026,INST,,,,
S02811,Q21,비CBRN,폭발물 테러,1100901.202512141,20251214,중앙일보,사회>사회갈등>테러행위,2025,EVENT,20251214,호주 시드니,총기,542.0
S02812,Q03,산업,염소 가스 누출,1400351.202302042,20230204,중도일보,,2023,INST,,,,
S02813,Q22,비CBRN,사제폭탄,2100701.202505141,20250514,헤럴드경제,,2025,IRRELEVANT,,,,
S02814,Q17,안보,더티밤,1100201.20221026,20221026,국민일보,사회>사회갈등>테러행위,2022,OTHER,,,,
S02815,Q28,비CBRN,다중이용시설 테러,1400601.202305091,20230509,충청일보,,2023,INST,,,,
S02816,Q28,비CBRN,다중이용시설 테러,1100611.20220317,20220317,서울신문,사고>산업사고>화재,2022,IRRELEVANT,,,,
S02817,Q07,산업,톨루엔 누출,4100058.202301271,20230127,노컷뉴스,사고>산업사고>붕괴,2023,INST,,,,
S02818,Q24,비CBRN,총기 난사,4101008.202403231,20240323,이데일리,사고>산업사고>화재,2024,OTHER,,,,
S02819,Q05,산업,화학공장 폭발,1100701.20240625,20240625,세계일보,사고>산업사고>폭발,2024,EVENT,20240624,화성시 서신면,화재,330.0
S02820,Q28,비CBRN,다중이용시설 테러,1400101.202608201,20260820,충청타임즈,사고>산업사고>화재,2026,INST,,,,
S02821,Q08,산업,질산 누출,1500701.202407011,20240701,부산일보,범죄>범죄일반>폭행,2024,IRRELEVANT,,,,
S02822,Q10,산업,화학사고 대응,1500301.20250328,20250328,경상일보,,2025,INST,,,,
S02823,Q22,비CBRN,사제폭탄,1100901.202502041,20250204,중앙일보,사회>사회갈등>테러행위,2025,EVENT,20250203,,폭탄테러 예고 댓글,398.0
S02824,Q07,산업,톨루엔 누출,1101101.20251013,20251013,한국일보,사고>산업사고>화재,2025,OTHER,,,,
S02825,Q18,안보,백색가루 신고,1100101.202502111,20250211,경향신문,,2025,INST,,,,
S02826,Q29,비CBRN,공항 폭발물 신고,2100801.202308071,20230807,아시아경제,사회>사회갈등>테러행위,2023,EVENT,20230806,대구시,폭발물 예고글,181.0
S02827,Q17,안보,더티밤,1100101.202608111,20260811,경향신문,사회>사회갈등>전쟁,2026,INST,,,,
S02828,Q19,안보,노비촉,1300201.202402162,20240216,강원일보,범죄>기업범죄>횡령,2024,EVENT,20240216,러시아 야말로네네츠,수감 중 사망,282.0
S02829,Q02,산업,암모니아 누출 사고,2100861.202608221,20260822,브릿지경제,,2026,EVENT,20260821,서울 영등포구,암모니아,657.0
S02830,Q19,안보,노비촉,1100701.202303132,20230313,세계일보,범죄>기업범죄>횡령,2023,OTHER,,,,
S02831,Q25,비CBRN,차량 돌진 테러,8100201.202412212,20241221,MBC,,2024,EVENT,20241220,독일,차량 돌진,386.0
S02832,Q14,안보,탄저균 테러,1400301.202405231,20240523,동양일보,,2024,INST,,,,
S02833,Q11,안보,화학무기 사용,1100401.202405291,20240529,동아일보,,2024,IRRELEVANT,,,,
S02834,Q29,비CBRN,공항 폭발물 신고,1200401.202511032,20251103,인천일보,사회>사회문제>미성년범죄,2025,INST,,,,
S02835,Q21,비CBRN,폭발물 테러,2100201.20250104,20250104,머니투데이,범죄>범죄일반>살인,2025,OTHER,,,,
S02836,Q20,안보,북한 생화학무기,1100101.202406091,20240609,경향신문,,2024,OTHER,,,,
S02837,Q26,비CBRN,폭발물 협박,1100101.202508251,20250825,경향신문,,2025,EVENT,20250825,서울시,폭발물 협박 팩스,472.0
S02838,Q29,비CBRN,공항 폭발물 신고,1100101.202509162,20250916,경향신문,,2025,IRRELEVANT,,,,
S02839,Q14,안보,탄저균 테러,1101101.202511121,20251112,한국일보,,2025,OTHER,,,,
S02840,Q23,비CBRN,드론 공격,8100401.202603161,20260316,YTN,사회>사회갈등>전쟁,2026,OTHER,,,,
S02841,Q02,산업,암모니아 누출 사고,1101101.202203212,20220321,한국일보,사고>산업사고>화재,2022,IRRELEVANT,,,,
S02842,Q27,비CBRN,테러 예고 글,1100301.202209231,20220923,내일신문,,2022,IRRELEVANT,,,,
S02843,Q13,안보,생물테러,4100958.202504081,20250408,EBN,,2025,INST,,,,
S02844,Q19,안보,노비촉,1100801.20220409,20220409,조선일보,,2022,IRRELEVANT,,,,
S02845,Q23,비CBRN,드론 공격,4101008.202404191,20240419,이데일리,사회>사회갈등>전쟁,2024,OTHER,,,,
S02846,Q30,비CBRN,원전 방사선 피폭,1100751.20230601,20230601,아시아투데이,,2023,INST,,,,
S02847,Q17,안보,더티밤,1100901.202201141,20220114,중앙일보,사고>산업사고>폭발,2022,IRRELEVANT,,,,
S02848,Q08,산업,질산 누출,4102008.202604201,20260420,쿠키뉴스,사고>산업사고>폭발,2026,INST,,,,
S02849,Q10,산업,화학사고 대응,1600601.202207132,20220713,새전북신문,사고>산업사고>폭발,2022,INST,,,,
S02850,Q24,비CBRN,총기 난사,1100801.202501032,20250103,조선일보,범죄>성범죄>성폭행,2025,OTHER,,,,
S02851,Q06,산업,유해화학물질 유출,2100701.20260416,20260416,헤럴드경제,범죄>기업범죄>거래제한,2026,IRRELEVANT,,,,
S02852,Q22,비CBRN,사제폭탄,2100311.202308221,20230822,서울경제,재해>자연재해>태풍,2023,IRRELEVANT,,,,
S02853,Q17,안보,더티밤,2100701.20221028,20221028,헤럴드경제,,2022,OTHER,,,,
S02854,Q17,안보,더티밤,1100611.20221025,20221025,서울신문,,2022,OTHER,,,,
S02855,Q08,산업,질산 누출,2100201.202602261,20260226,머니투데이,사고>스포츠사고,2026,INST,,,,
S02856,Q11,안보,화학무기 사용,2100701.20220306,20220306,헤럴드경제,,2022,OTHER,,,,
S02857,Q21,비CBRN,폭발물 테러,4100078.202403071,20240307,뉴스핌,사고>산업사고>화재,2024,INST,,,,
S02858,Q26,비CBRN,폭발물 협박,1100301.202308071,20230807,내일신문,,2023,IRRELEVANT,,,,
S02859,Q05,산업,화학공장 폭발,2100311.202202111,20220211,서울경제,사고>산업사고>폭발,2022,EVENT,20220211,여수시 화치동,폭발,13.0
S02860,Q23,비CBRN,드론 공격,1100101.20260324,20260324,경향신문,,2026,EVENT,20260323,이스라엘,드론,585.0
S02861,Q14,안보,탄저균 테러,4102008.20251107,20251107,쿠키뉴스,,2025,INST,,,,
S02862,Q24,비CBRN,총기 난사,1101101.202210061,20221006,한국일보,범죄>범죄일반>살인,2022,EVENT,20221006,태국 농부아람푸주,총기,98.0
S02863,Q28,비CBRN,다중이용시설 테러,10100101.20240826,20240826,스포츠서울,,2024,INST,,,,
S02864,Q18,안보,백색가루 신고,1100201.202607071,20260707,국민일보,,2026,INST,,,,
S02865,Q15,안보,북한 핵실험,1100201.202210131,20221013,국민일보,,2022,INST,,,,
S02866,Q15,안보,북한 핵실험,2100601.202210191,20221019,한국경제,,2022,INST,,,,
S02867,Q13,안보,생물테러,2100861.202509171,20250917,브릿지경제,,2025,INST,,,,
